policy_id,snapshot_date,issue_date,status,product_type,state,urbanicity,distribution_channel,payment_mode,autopay_flag,current_age,income_estimate,face_amount,annualized_premium,premium_paid_last_3m,missed_payment_count_6m,agent_touch_count_12m,cash_value,loan_balance,address_change_12m,beneficiary_change_12m,lapse_next_month
P10000,2023-01-01,2022-07-01,active,Universal Life,OH,urban,Agent,monthly,1,53.5,80745.6,500000,3294.52,549.09,0,2,100.23,0.0,1,0,0
P10000,2023-02-01,2022-07-01,active,Universal Life,OH,urban,Agent,monthly,1,53.6,80745.6,500000,3294.52,823.63,0,2,342.06,0.0,0,0,0
P10000,2023-03-01,2022-07-01,active,Universal Life,OH,urban,Agent,monthly,1,53.7,80745.6,500000,3294.52,823.63,0,3,192.64,0.0,0,0,0
P10000,2023-04-01,2022-07-01,active,Universal Life,OH,urban,Agent,monthly,1,53.8,80745.6,500000,3294.52,823.63,0,2,316.58,0.0,0,0,0
P10000,2023-05-01,2022-07-01,active,Universal Life,OH,urban,Agent,monthly,1,53.8,80745.6,500000,3294.52,823.63,0,4,481.39,0.0,0,0,0
P10000,2023-06-01,2022-07-01,active,Universal Life,OH,urban,Agent,monthly,1,53.9,80745.6,500000,3294.52,823.63,0,4,324.3,0.0,0,0,0
P10000,2023-07-01,2022-07-01,active,Universal Life,OH,urban,Agent,monthly,1,54.0,80745.6,500000,3294.52,549.09,0,3,235.39,0.0,0,0,0
P10000,2023-08-01,2022-07-01,active,Universal Life,OH,urban,Agent,monthly,1,54.1,80745.6,500000,3294.52,549.09,0,2,315.21,0.0,0,0,0
P10000,2023-09-01,2022-07-01,active,Universal Life,OH,urban,Agent,monthly,1,54.2,80745.6,500000,3294.52,549.09,0,2,551.41,0.0,1,0,0
P10000,2023-10-01,2022-07-01,active,Universal Life,OH,urban,Agent,monthly,1,54.2,80745.6,500000,3294.52,823.63,0,2,393.18,0.0,0,0,0
P10000,2023-11-01,2022-07-01,active,Universal Life,OH,urban,Agent,monthly,1,54.3,80745.6,500000,3294.52,823.63,0,2,407.01,0.0,0,0,0
P10000,2023-12-01,2022-07-01,active,Universal Life,OH,urban,Agent,monthly,1,54.4,80745.6,500000,3294.52,823.63,0,2,416.76,0.0,0,0,0
P10000,2024-01-01,2022-07-01,active,Universal Life,OH,urban,Agent,monthly,1,54.5,80745.6,500000,3294.52,823.63,0,2,384.32,89.7,0,0,0
P10000,2024-02-01,2022-07-01,active,Universal Life,OH,urban,Agent,monthly,1,54.6,80745.6,500000,3294.52,823.63,0,2,593.27,0.0,0,0,0
P10000,2024-03-01,2022-07-01,active,Universal Life,OH,urban,Agent,monthly,1,54.7,80745.6,500000,3294.52,823.63,1,4,867.4,0.0,0,0,0
P10000,2024-04-01,2022-07-01,active,Universal Life,OH,urban,Agent,monthly,1,54.8,80745.6,500000,3294.52,823.63,1,4,996.63,0.0,0,0,0
P10000,2024-05-01,2022-07-01,active,Universal Life,OH,urban,Agent,monthly,1,54.8,80745.6,500000,3294.52,823.63,0,3,736.85,0.0,0,0,0
P10000,2024-06-01,2022-07-01,active,Universal Life,OH,urban,Agent,monthly,1,54.9,80745.6,500000,3294.52,823.63,0,4,685.38,0.0,0,0,0
P10000,2024-07-01,2022-07-01,active,Universal Life,OH,urban,Agent,monthly,1,55.0,80745.6,500000,3294.52,549.09,0,2,779.31,0.0,0,0,0
P10000,2024-08-01,2022-07-01,active,Universal Life,OH,urban,Agent,monthly,1,55.1,80745.6,500000,3294.52,823.63,0,2,665.54,0.0,0,1,0
P10000,2024-09-01,2022-07-01,active,Universal Life,OH,urban,Agent,monthly,1,55.2,80745.6,500000,3294.52,823.63,0,2,728.16,0.0,0,0,0
P10000,2024-10-01,2022-07-01,active,Universal Life,OH,urban,Agent,monthly,1,55.2,80745.6,500000,3294.52,823.63,0,3,862.79,0.0,0,0,0
P10000,2024-11-01,2022-07-01,active,Universal Life,OH,urban,Agent,monthly,1,55.3,80745.6,500000,3294.52,549.09,0,2,637.34,0.0,0,0,0
P10000,2024-12-01,2022-07-01,active,Universal Life,OH,urban,Agent,monthly,1,55.4,80745.6,500000,3294.52,823.63,0,3,820.36,0.0,0,0,0
P10001,2023-01-01,2017-06-01,active,Whole Life,GA,urban,Bank,monthly,1,55.6,42681.19,750000,2685.96,447.66,0,4,1688.87,0.0,0,0,0
P10001,2023-02-01,2017-06-01,active,Whole Life,GA,urban,Bank,monthly,1,55.7,42681.19,750000,2685.96,671.49,0,1,1409.18,463.1,0,0,0
P10001,2023-03-01,2017-06-01,active,Whole Life,GA,urban,Bank,monthly,1,55.8,42681.19,750000,2685.96,671.49,0,2,2251.02,0.0,0,0,0
P10001,2023-04-01,2017-06-01,active,Whole Life,GA,urban,Bank,monthly,1,55.8,42681.19,750000,2685.96,671.49,0,1,2660.84,0.0,0,0,0
P10001,2023-05-01,2017-06-01,active,Whole Life,GA,urban,Bank,monthly,1,55.9,42681.19,750000,2685.96,671.49,0,1,2345.72,0.0,0,0,0
P10001,2023-06-01,2017-06-01,active,Whole Life,GA,urban,Bank,monthly,1,56.0,42681.19,750000,2685.96,671.49,0,1,1306.01,0.0,0,0,0
P10001,2023-07-01,2017-06-01,active,Whole Life,GA,urban,Bank,monthly,1,56.1,42681.19,750000,2685.96,671.49,0,2,1491.92,0.0,0,0,0
P10001,2023-08-01,2017-06-01,active,Whole Life,GA,urban,Bank,monthly,1,56.2,42681.19,750000,2685.96,447.66,0,3,2585.78,0.0,0,0,0
P10001,2023-09-01,2017-06-01,active,Whole Life,GA,urban,Bank,monthly,1,56.2,42681.19,750000,2685.96,671.49,0,2,1767.21,0.0,0,0,0
P10001,2023-10-01,2017-06-01,active,Whole Life,GA,urban,Bank,monthly,1,56.3,42681.19,750000,2685.96,671.49,0,3,1731.73,207.1,0,0,0
P10001,2023-11-01,2017-06-01,active,Whole Life,GA,urban,Bank,monthly,1,56.4,42681.19,750000,2685.96,671.49,0,3,2234.77,0.0,0,0,0
P10001,2023-12-01,2017-06-01,active,Whole Life,GA,urban,Bank,monthly,1,56.5,42681.19,750000,2685.96,671.49,0,1,1257.0,0.0,1,0,0
P10001,2024-01-01,2017-06-01,active,Whole Life,GA,urban,Bank,monthly,1,56.6,42681.19,750000,2685.96,671.49,0,3,1255.54,0.0,0,1,0
P10001,2024-02-01,2017-06-01,active,Whole Life,GA,urban,Bank,monthly,1,56.7,42681.19,750000,2685.96,447.66,0,4,2247.43,0.0,0,0,0
P10001,2024-03-01,2017-06-01,active,Whole Life,GA,urban,Bank,monthly,1,56.8,42681.19,750000,2685.96,447.66,0,1,1595.23,0.0,0,0,0
P10001,2024-04-01,2017-06-01,active,Whole Life,GA,urban,Bank,monthly,1,56.8,42681.19,750000,2685.96,671.49,0,1,1933.75,0.0,0,0,0
P10001,2024-05-01,2017-06-01,active,Whole Life,GA,urban,Bank,monthly,1,56.9,42681.19,750000,2685.96,671.49,0,1,2948.95,0.0,0,0,0
P10001,2024-06-01,2017-06-01,active,Whole Life,GA,urban,Bank,monthly,1,57.0,42681.19,750000,2685.96,671.49,0,3,3334.44,0.0,0,0,0
P10001,2024-07-01,2017-06-01,active,Whole Life,GA,urban,Bank,monthly,1,57.1,42681.19,750000,2685.96,671.49,0,3,3415.08,0.0,0,0,0
P10001,2024-08-01,2017-06-01,active,Whole Life,GA,urban,Bank,monthly,1,57.2,42681.19,750000,2685.96,671.49,0,1,2051.83,0.0,0,0,0
P10001,2024-09-01,2017-06-01,active,Whole Life,GA,urban,Bank,monthly,1,57.2,42681.19,750000,2685.96,671.49,0,1,1801.56,0.0,0,0,0
P10001,2024-10-01,2017-06-01,active,Whole Life,GA,urban,Bank,monthly,1,57.3,42681.19,750000,2685.96,671.49,0,2,1571.43,0.0,0,0,0
P10001,2024-11-01,2017-06-01,active,Whole Life,GA,urban,Bank,monthly,1,57.4,42681.19,750000,2685.96,671.49,0,2,1283.27,0.0,0,0,0
P10001,2024-12-01,2017-06-01,active,Whole Life,GA,urban,Bank,monthly,1,57.5,42681.19,750000,2685.96,671.49,0,1,2122.08,0.0,0,0,0
P10002,2023-01-01,2022-08-01,active,Whole Life,NY,suburban,Agent,monthly,1,56.4,59820.29,250000,2060.25,515.06,0,0,124.04,0.0,0,0,0
P10002,2023-02-01,2022-08-01,active,Whole Life,NY,suburban,Agent,monthly,1,56.5,59820.29,250000,2060.25,515.06,0,2,125.34,0.0,0,0,0
P10002,2023-03-01,2022-08-01,active,Whole Life,NY,suburban,Agent,monthly,1,56.6,59820.29,250000,2060.25,515.06,0,0,143.15,0.0,0,0,0
P10002,2023-04-01,2022-08-01,active,Whole Life,NY,suburban,Agent,monthly,1,56.7,59820.29,250000,2060.25,515.06,0,1,112.39,0.0,0,0,0
P10002,2023-05-01,2022-08-01,active,Whole Life,NY,suburban,Agent,monthly,1,56.8,59820.29,250000,2060.25,515.06,0,0,109.16,0.0,0,0,0
P10002,2023-06-01,2022-08-01,active,Whole Life,NY,suburban,Agent,monthly,1,56.8,59820.29,250000,2060.25,515.06,0,0,119.86,0.0,0,0,0
P10002,2023-07-01,2022-08-01,active,Whole Life,NY,suburban,Agent,monthly,1,56.9,59820.29,250000,2060.25,515.06,0,1,223.12,0.0,0,0,0
P10002,2023-08-01,2022-08-01,active,Whole Life,NY,suburban,Agent,monthly,1,57.0,59820.29,250000,2060.25,343.38,0,0,150.11,0.0,0,0,0
P10002,2023-09-01,2022-08-01,active,Whole Life,NY,suburban,Agent,monthly,1,57.1,59820.29,250000,2060.25,515.06,0,1,165.99,0.0,0,0,0
P10002,2023-10-01,2022-08-01,active,Whole Life,NY,suburban,Agent,monthly,1,57.2,59820.29,250000,2060.25,515.06,0,1,181.02,0.0,1,0,0
P10002,2023-11-01,2022-08-01,active,Whole Life,NY,suburban,Agent,monthly,1,57.2,59820.29,250000,2060.25,515.06,0,0,230.53,0.0,0,0,0
P10002,2023-12-01,2022-08-01,active,Whole Life,NY,suburban,Agent,monthly,1,57.3,59820.29,250000,2060.25,515.06,0,1,201.75,0.0,0,0,0
P10002,2024-01-01,2022-08-01,active,Whole Life,NY,suburban,Agent,monthly,1,57.4,59820.29,250000,2060.25,343.38,0,0,273.18,0.0,0,0,0
P10002,2024-02-01,2022-08-01,active,Whole Life,NY,suburban,Agent,monthly,1,57.5,59820.29,250000,2060.25,515.06,0,0,400.97,0.0,0,0,0
P10002,2024-03-01,2022-08-01,active,Whole Life,NY,suburban,Agent,monthly,1,57.6,59820.29,250000,2060.25,515.06,1,1,512.75,0.0,0,0,0
P10002,2024-04-01,2022-08-01,active,Whole Life,NY,suburban,Agent,monthly,1,57.7,59820.29,250000,2060.25,343.38,0,0,257.24,0.0,0,0,0
P10002,2024-05-01,2022-08-01,active,Whole Life,NY,suburban,Agent,monthly,1,57.8,59820.29,250000,2060.25,515.06,0,1,303.56,0.0,0,0,0
P10002,2024-06-01,2022-08-01,active,Whole Life,NY,suburban,Agent,monthly,1,57.8,59820.29,250000,2060.25,515.06,0,1,397.48,0.0,0,0,0
P10002,2024-07-01,2022-08-01,active,Whole Life,NY,suburban,Agent,monthly,1,57.9,59820.29,250000,2060.25,515.06,0,0,292.32,120.98,0,0,0
P10002,2024-08-01,2022-08-01,active,Whole Life,NY,suburban,Agent,monthly,1,58.0,59820.29,250000,2060.25,515.06,0,0,322.23,0.0,0,0,0
P10002,2024-09-01,2022-08-01,active,Whole Life,NY,suburban,Agent,monthly,1,58.1,59820.29,250000,2060.25,515.06,0,1,314.51,0.0,0,0,0
P10002,2024-10-01,2022-08-01,active,Whole Life,NY,suburban,Agent,monthly,1,58.2,59820.29,250000,2060.25,515.06,0,2,558.55,0.0,0,0,0
P10002,2024-11-01,2022-08-01,active,Whole Life,NY,suburban,Agent,monthly,1,58.2,59820.29,250000,2060.25,515.06,0,1,618.27,0.0,0,0,0
P10002,2024-12-01,2022-08-01,active,Whole Life,NY,suburban,Agent,monthly,1,58.3,59820.29,250000,2060.25,515.06,0,0,533.1,0.0,0,1,0
P10003,2023-01-01,2023-02-01,active,Indexed Universal Life,AZ,urban,Direct,monthly,0,60.0,47367.05,100000,515.91,85.99,0,0,0.0,0.0,0,0,0
P10003,2023-02-01,2023-02-01,active,Indexed Universal Life,AZ,urban,Direct,monthly,0,60.0,47367.05,100000,515.91,128.98,1,1,0.0,0.0,0,0,0
P10003,2023-03-01,2023-02-01,active,Indexed Universal Life,AZ,urban,Direct,monthly,0,60.1,47367.05,100000,515.91,128.98,2,0,5.45,0.0,0,0,0
P10003,2023-04-01,2023-02-01,active,Indexed Universal Life,AZ,urban,Direct,monthly,0,60.2,47367.05,100000,515.91,128.98,2,1,9.99,0.0,0,0,0
P10003,2023-05-01,2023-02-01,active,Indexed Universal Life,AZ,urban,Direct,monthly,0,60.2,47367.05,100000,515.91,128.98,2,1,19.58,0.0,0,0,0
P10003,2023-06-01,2023-02-01,active,Indexed Universal Life,AZ,urban,Direct,monthly,0,60.3,47367.05,100000,515.91,85.99,2,0,28.21,0.0,0,0,0
P10003,2023-07-01,2023-02-01,active,Indexed Universal Life,AZ,urban,Direct,monthly,0,60.4,47367.05,100000,515.91,128.98,1,1,27.26,0.0,1,0,0
P10003,2023-08-01,2023-02-01,active,Indexed Universal Life,AZ,urban,Direct,monthly,0,60.5,47367.05,100000,515.91,128.98,1,0,18.17,0.0,0,0,0
P10003,2023-09-01,2023-02-01,active,Indexed Universal Life,AZ,urban,Direct,monthly,0,60.6,47367.05,100000,515.91,128.98,2,1,30.19,0.0,0,0,0
P10003,2023-10-01,2023-02-01,active,Indexed Universal Life,AZ,urban,Direct,monthly,0,60.7,47367.05,100000,515.91,85.99,1,0,52.82,0.0,0,0,0
P10003,2023-11-01,2023-02-01,active,Indexed Universal Life,AZ,urban,Direct,monthly,0,60.8,47367.05,100000,515.91,128.98,1,0,41.91,0.0,0,0,0
P10003,2023-12-01,2023-02-01,active,Indexed Universal Life,AZ,urban,Direct,monthly,0,60.8,47367.05,100000,515.91,128.98,1,1,67.85,0.0,0,0,0
P10003,2024-01-01,2023-02-01,active,Indexed Universal Life,AZ,urban,Direct,monthly,0,60.9,47367.05,100000,515.91,128.98,1,1,42.6,0.0,0,0,0
P10003,2024-02-01,2023-02-01,active,Indexed Universal Life,AZ,urban,Direct,monthly,0,61.0,47367.05,100000,515.91,128.98,2,0,36.55,0.0,0,0,0
P10003,2024-03-01,2023-02-01,active,Indexed Universal Life,AZ,urban,Direct,monthly,0,61.1,47367.05,100000,515.91,128.98,3,1,97.52,0.0,0,0,0
P10003,2024-04-01,2023-02-01,active,Indexed Universal Life,AZ,urban,Direct,monthly,0,61.2,47367.05,100000,515.91,85.99,3,1,70.37,0.0,0,0,0
P10003,2024-05-01,2023-02-01,active,Indexed Universal Life,AZ,urban,Direct,monthly,0,61.2,47367.05,100000,515.91,128.98,2,3,39.1,0.0,0,0,0
P10003,2024-06-01,2023-02-01,active,Indexed Universal Life,AZ,urban,Direct,monthly,0,61.3,47367.05,100000,515.91,128.98,2,1,101.05,0.0,0,0,0
P10003,2024-07-01,2023-02-01,active,Indexed Universal Life,AZ,urban,Direct,monthly,0,61.4,47367.05,100000,515.91,128.98,1,1,92.6,0.0,0,0,0
P10003,2024-08-01,2023-02-01,active,Indexed Universal Life,AZ,urban,Direct,monthly,0,61.5,47367.05,100000,515.91,85.99,1,0,88.7,0.0,0,0,0
P10003,2024-09-01,2023-02-01,active,Indexed Universal Life,AZ,urban,Direct,monthly,0,61.6,47367.05,100000,515.91,85.99,1,1,88.66,0.0,0,0,0
P10003,2024-10-01,2023-02-01,active,Indexed Universal Life,AZ,urban,Direct,monthly,0,61.7,47367.05,100000,515.91,85.99,1,1,153.78,0.0,0,0,0
P10003,2024-11-01,2023-02-01,active,Indexed Universal Life,AZ,urban,Direct,monthly,0,61.8,47367.05,100000,515.91,128.98,1,0,117.09,0.0,0,0,0
P10003,2024-12-01,2023-02-01,active,Indexed Universal Life,AZ,urban,Direct,monthly,0,61.8,47367.05,100000,515.91,128.98,1,1,153.55,0.0,0,0,0
P10004,2023-01-01,2019-08-01,active,Indexed Universal Life,CA,urban,Broker,annual,0,39.4,81608.88,1000000,277.33,831.99,0,6,936.62,0.0,0,0,0
P10004,2023-02-01,2019-08-01,active,Indexed Universal Life,CA,urban,Broker,annual,0,39.5,81608.88,1000000,277.33,831.99,0,3,1012.58,0.0,0,0,0
P10004,2023-03-01,2019-08-01,active,Indexed Universal Life,CA,urban,Broker,annual,0,39.6,81608.88,1000000,277.33,831.99,0,2,1949.24,0.0,0,0,0
P10004,2023-04-01,2019-08-01,active,Indexed Universal Life,CA,urban,Broker,annual,0,39.7,81608.88,1000000,277.33,831.99,0,3,850.83,0.0,0,0,0
P10004,2023-05-01,2019-08-01,active,Indexed Universal Life,CA,urban,Broker,annual,0,39.8,81608.88,1000000,277.33,554.66,0,4,1596.02,0.0,0,0,0
P10004,2023-06-01,2019-08-01,active,Indexed Universal Life,CA,urban,Broker,annual,0,39.8,81608.88,1000000,277.33,831.99,0,2,1917.74,0.0,0,0,0
P10004,2023-07-01,2019-08-01,active,Indexed Universal Life,CA,urban,Broker,annual,0,39.9,81608.88,1000000,277.33,831.99,0,2,2061.49,0.0,0,1,0
P10004,2023-08-01,2019-08-01,active,Indexed Universal Life,CA,urban,Broker,annual,0,40.0,81608.88,1000000,277.33,831.99,0,4,1661.3,0.0,0,0,0
P10004,2023-09-01,2019-08-01,active,Indexed Universal Life,CA,urban,Broker,annual,0,40.1,81608.88,1000000,277.33,831.99,1,3,925.97,0.0,0,0,0
P10004,2023-10-01,2019-08-01,active,Indexed Universal Life,CA,urban,Broker,annual,0,40.2,81608.88,1000000,277.33,554.66,1,2,2079.4,0.0,0,0,0
P10004,2023-11-01,2019-08-01,active,Indexed Universal Life,CA,urban,Broker,annual,0,40.2,81608.88,1000000,277.33,554.66,1,2,1313.05,411.1,0,0,0
P10004,2023-12-01,2019-08-01,active,Indexed Universal Life,CA,urban,Broker,annual,0,40.3,81608.88,1000000,277.33,831.99,1,2,1997.93,0.0,1,0,0
P10004,2024-01-01,2019-08-01,active,Indexed Universal Life,CA,urban,Broker,annual,0,40.4,81608.88,1000000,277.33,831.99,1,2,2617.47,0.0,0,0,0
P10004,2024-02-01,2019-08-01,active,Indexed Universal Life,CA,urban,Broker,annual,0,40.5,81608.88,1000000,277.33,831.99,2,4,2638.49,0.0,0,0,0
P10004,2024-03-01,2019-08-01,active,Indexed Universal Life,CA,urban,Broker,annual,0,40.6,81608.88,1000000,277.33,831.99,3,3,2373.16,0.0,0,0,0
P10004,2024-04-01,2019-08-01,active,Indexed Universal Life,CA,urban,Broker,annual,0,40.7,81608.88,1000000,277.33,831.99,3,2,2418.21,0.0,0,0,0
P10004,2024-05-01,2019-08-01,active,Indexed Universal Life,CA,urban,Broker,annual,0,40.8,81608.88,1000000,277.33,831.99,3,2,2580.07,0.0,0,1,0
P10004,2024-06-01,2019-08-01,active,Indexed Universal Life,CA,urban,Broker,annual,0,40.8,81608.88,1000000,277.33,831.99,3,3,2321.02,0.0,0,0,0
P10004,2024-07-01,2019-08-01,active,Indexed Universal Life,CA,urban,Broker,annual,0,40.9,81608.88,1000000,277.33,831.99,3,2,2096.11,0.0,0,0,0
P10004,2024-08-01,2019-08-01,active,Indexed Universal Life,CA,urban,Broker,annual,0,41.0,81608.88,1000000,277.33,831.99,2,4,1102.16,0.0,0,0,0
P10004,2024-09-01,2019-08-01,active,Indexed Universal Life,CA,urban,Broker,annual,0,41.1,81608.88,1000000,277.33,554.66,1,2,1933.26,0.0,0,0,0
P10004,2024-10-01,2019-08-01,active,Indexed Universal Life,CA,urban,Broker,annual,0,41.2,81608.88,1000000,277.33,831.99,2,3,3045.21,0.0,0,0,0
P10004,2024-11-01,2019-08-01,active,Indexed Universal Life,CA,urban,Broker,annual,0,41.2,81608.88,1000000,277.33,831.99,2,2,2411.79,0.0,0,0,0
P10004,2024-12-01,2019-08-01,active,Indexed Universal Life,CA,urban,Broker,annual,0,41.3,81608.88,1000000,277.33,554.66,2,2,1971.21,0.0,0,0,0
P10005,2023-01-01,2016-12-01,active,Indexed Universal Life,NJ,suburban,Bank,annual,1,64.1,25773.7,250000,92.46,277.37,0,2,733.23,0.0,0,0,0
P10005,2023-02-01,2016-12-01,active,Indexed Universal Life,NJ,suburban,Bank,annual,1,64.2,25773.7,250000,92.46,277.37,0,1,886.21,0.0,0,0,0
P10005,2023-03-01,2016-12-01,active,Indexed Universal Life,NJ,suburban,Bank,annual,1,64.2,25773.7,250000,92.46,277.37,0,1,746.12,0.0,0,0,0
P10005,2023-04-01,2016-12-01,active,Indexed Universal Life,NJ,suburban,Bank,annual,1,64.3,25773.7,250000,92.46,277.37,0,1,917.31,207.55,0,0,0
P10005,2023-05-01,2016-12-01,active,Indexed Universal Life,NJ,suburban,Bank,annual,1,64.4,25773.7,250000,92.46,277.37,0,1,808.48,0.0,1,0,0
P10005,2023-06-01,2016-12-01,active,Indexed Universal Life,NJ,suburban,Bank,annual,1,64.5,25773.7,250000,92.46,277.37,0,2,627.15,0.0,0,0,0
P10005,2023-07-01,2016-12-01,active,Indexed Universal Life,NJ,suburban,Bank,annual,1,64.6,25773.7,250000,92.46,277.37,0,1,1291.15,0.0,0,0,0
P10005,2023-08-01,2016-12-01,active,Indexed Universal Life,NJ,suburban,Bank,annual,1,64.7,25773.7,250000,92.46,277.37,0,1,1094.3,0.0,0,1,0
P10005,2023-09-01,2016-12-01,active,Indexed Universal Life,NJ,suburban,Bank,annual,1,64.8,25773.7,250000,92.46,277.37,0,3,785.71,0.0,0,0,0
P10005,2023-10-01,2016-12-01,active,Indexed Universal Life,NJ,suburban,Bank,annual,1,64.8,25773.7,250000,92.46,277.37,0,2,1061.68,0.0,0,1,0
P10005,2023-11-01,2016-12-01,active,Indexed Universal Life,NJ,suburban,Bank,annual,1,64.9,25773.7,250000,92.46,277.37,0,1,560.91,0.0,0,0,0
P10005,2023-12-01,2016-12-01,active,Indexed Universal Life,NJ,suburban,Bank,annual,1,65.0,25773.7,250000,92.46,277.37,0,2,742.65,0.0,0,0,0
P10005,2024-01-01,2016-12-01,active,Indexed Universal Life,NJ,suburban,Bank,annual,1,65.1,25773.7,250000,92.46,277.37,0,2,485.36,0.0,0,0,0
P10005,2024-02-01,2016-12-01,active,Indexed Universal Life,NJ,suburban,Bank,annual,1,65.2,25773.7,250000,92.46,277.37,0,1,581.0,0.0,0,0,0
P10005,2024-03-01,2016-12-01,active,Indexed Universal Life,NJ,suburban,Bank,annual,1,65.2,25773.7,250000,92.46,277.37,0,3,1276.43,0.0,0,0,0
P10005,2024-04-01,2016-12-01,active,Indexed Universal Life,NJ,suburban,Bank,annual,1,65.3,25773.7,250000,92.46,277.37,0,2,998.88,0.0,0,0,0
P10005,2024-05-01,2016-12-01,active,Indexed Universal Life,NJ,suburban,Bank,annual,1,65.4,25773.7,250000,92.46,184.91,0,1,615.39,0.0,0,0,0
P10005,2024-06-01,2016-12-01,active,Indexed Universal Life,NJ,suburban,Bank,annual,1,65.5,25773.7,250000,92.46,184.91,0,1,1313.81,0.0,0,0,0
P10005,2024-07-01,2016-12-01,active,Indexed Universal Life,NJ,suburban,Bank,annual,1,65.6,25773.7,250000,92.46,277.37,0,2,681.27,0.0,0,0,0
P10005,2024-08-01,2016-12-01,active,Indexed Universal Life,NJ,suburban,Bank,annual,1,65.7,25773.7,250000,92.46,277.37,0,1,1292.9,0.0,0,0,0
P10005,2024-09-01,2016-12-01,active,Indexed Universal Life,NJ,suburban,Bank,annual,1,65.8,25773.7,250000,92.46,277.37,0,2,753.48,0.0,0,0,0
P10005,2024-10-01,2016-12-01,active,Indexed Universal Life,NJ,suburban,Bank,annual,1,65.8,25773.7,250000,92.46,277.37,0,2,986.37,0.0,0,0,0
P10005,2024-11-01,2016-12-01,active,Indexed Universal Life,NJ,suburban,Bank,annual,1,65.9,25773.7,250000,92.46,277.37,0,2,1154.92,0.0,0,0,0
P10005,2024-12-01,2016-12-01,active,Indexed Universal Life,NJ,suburban,Bank,annual,1,66.0,25773.7,250000,92.46,277.37,0,1,1163.95,0.0,0,0,0
P10006,2023-01-01,2022-06-01,active,Universal Life,IL,urban,Agent,quarterly,1,41.6,59471.17,150000,166.31,124.73,0,0,40.68,0.0,0,1,0
P10006,2023-02-01,2022-06-01,active,Universal Life,IL,urban,Agent,quarterly,1,41.7,59471.17,150000,166.31,83.15,0,0,40.75,0.0,0,0,0
P10006,2023-03-01,2022-06-01,active,Universal Life,IL,urban,Agent,quarterly,1,41.8,59471.17,150000,166.31,124.73,0,1,34.27,0.0,0,0,0
P10006,2023-04-01,2022-06-01,active,Universal Life,IL,urban,Agent,quarterly,1,41.8,59471.17,150000,166.31,124.73,0,1,49.74,26.15,0,0,0
P10006,2023-05-01,2022-06-01,active,Universal Life,IL,urban,Agent,quarterly,1,41.9,59471.17,150000,166.31,124.73,0,0,70.8,0.0,0,0,0
P10006,2023-06-01,2022-06-01,active,Universal Life,IL,urban,Agent,quarterly,1,42.0,59471.17,150000,166.31,83.15,0,1,37.87,0.0,0,0,0
P10006,2023-07-01,2022-06-01,active,Universal Life,IL,urban,Agent,quarterly,1,42.1,59471.17,150000,166.31,124.73,0,2,36.85,0.0,0,0,0
P10006,2023-08-01,2022-06-01,active,Universal Life,IL,urban,Agent,quarterly,1,42.2,59471.17,150000,166.31,124.73,0,0,50.02,0.0,0,0,0
P10006,2023-09-01,2022-06-01,active,Universal Life,IL,urban,Agent,quarterly,1,42.2,59471.17,150000,166.31,124.73,1,0,89.44,19.64,0,0,0
P10006,2023-10-01,2022-06-01,active,Universal Life,IL,urban,Agent,quarterly,1,42.3,59471.17,150000,166.31,124.73,1,1,119.48,0.0,0,0,0
P10006,2023-11-01,2022-06-01,active,Universal Life,IL,urban,Agent,quarterly,1,42.4,59471.17,150000,166.31,83.15,1,1,73.6,0.0,0,0,0
P10006,2023-12-01,2022-06-01,active,Universal Life,IL,urban,Agent,quarterly,1,42.5,59471.17,150000,166.31,124.73,1,0,57.22,0.0,1,0,0
P10006,2024-01-01,2022-06-01,active,Universal Life,IL,urban,Agent,quarterly,1,42.6,59471.17,150000,166.31,83.15,1,0,99.34,0.0,0,0,0
P10006,2024-02-01,2022-06-01,active,Universal Life,IL,urban,Agent,quarterly,1,42.7,59471.17,150000,166.31,124.73,1,2,89.26,0.0,0,0,0
P10006,2024-03-01,2022-06-01,active,Universal Life,IL,urban,Agent,quarterly,1,42.8,59471.17,150000,166.31,124.73,1,2,146.87,0.0,0,0,0
P10006,2024-04-01,2022-06-01,active,Universal Life,IL,urban,Agent,quarterly,1,42.8,59471.17,150000,166.31,124.73,1,0,129.55,0.0,0,0,0
P10006,2024-05-01,2022-06-01,active,Universal Life,IL,urban,Agent,quarterly,1,42.9,59471.17,150000,166.31,83.15,1,0,91.41,0.0,0,0,0
P10006,2024-06-01,2022-06-01,active,Universal Life,IL,urban,Agent,quarterly,1,43.0,59471.17,150000,166.31,124.73,1,1,62.38,0.0,0,0,0
P10006,2024-07-01,2022-06-01,active,Universal Life,IL,urban,Agent,quarterly,1,43.1,59471.17,150000,166.31,124.73,1,1,142.68,0.0,1,0,0
P10006,2024-08-01,2022-06-01,active,Universal Life,IL,urban,Agent,quarterly,1,43.2,59471.17,150000,166.31,124.73,0,0,150.02,0.0,0,0,0
P10006,2024-09-01,2022-06-01,active,Universal Life,IL,urban,Agent,quarterly,1,43.2,59471.17,150000,166.31,124.73,0,1,99.78,0.0,0,0,0
P10006,2024-10-01,2022-06-01,active,Universal Life,IL,urban,Agent,quarterly,1,43.3,59471.17,150000,166.31,124.73,0,2,175.33,0.0,0,1,0
P10006,2024-11-01,2022-06-01,active,Universal Life,IL,urban,Agent,quarterly,1,43.4,59471.17,150000,166.31,83.15,0,1,91.4,0.0,0,0,0
P10006,2024-12-01,2022-06-01,active,Universal Life,IL,urban,Agent,quarterly,1,43.5,59471.17,150000,166.31,124.73,0,1,159.41,0.0,0,0,0
P10007,2023-01-01,2014-01-01,active,Indexed Universal Life,GA,suburban,Agent,monthly,0,77.0,63727.41,500000,4061.98,1015.49,0,4,5878.34,0.0,0,0,0
P10007,2023-02-01,2014-01-01,active,Indexed Universal Life,GA,suburban,Agent,monthly,0,77.1,63727.41,500000,4061.98,1015.49,0,3,5062.32,0.0,0,0,0
P10007,2023-03-01,2014-01-01,active,Indexed Universal Life,GA,suburban,Agent,monthly,0,77.2,63727.41,500000,4061.98,1015.49,0,2,4031.76,0.0,0,0,0
P10007,2023-04-01,2014-01-01,active,Indexed Universal Life,GA,suburban,Agent,monthly,0,77.2,63727.41,500000,4061.98,1015.49,0,2,4969.35,0.0,0,0,0
P10007,2023-05-01,2014-01-01,active,Indexed Universal Life,GA,suburban,Agent,monthly,0,77.3,63727.41,500000,4061.98,677.0,0,2,4641.75,0.0,0,0,0
P10007,2023-06-01,2014-01-01,active,Indexed Universal Life,GA,suburban,Agent,monthly,0,77.4,63727.41,500000,4061.98,677.0,0,2,3669.48,0.0,0,1,0
P10007,2023-07-01,2014-01-01,active,Indexed Universal Life,GA,suburban,Agent,monthly,0,77.5,63727.41,500000,4061.98,1015.49,0,3,3255.06,0.0,0,0,0
P10007,2023-08-01,2014-01-01,active,Indexed Universal Life,GA,suburban,Agent,monthly,0,77.6,63727.41,500000,4061.98,677.0,0,2,6318.97,0.0,0,0,0
P10007,2023-09-01,2014-01-01,active,Indexed Universal Life,GA,suburban,Agent,monthly,0,77.7,63727.41,500000,4061.98,1015.49,0,2,6615.09,0.0,0,0,0
P10007,2023-10-01,2014-01-01,active,Indexed Universal Life,GA,suburban,Agent,monthly,0,77.8,63727.41,500000,4061.98,1015.49,1,2,2439.95,0.0,0,0,0
P10007,2023-11-01,2014-01-01,active,Indexed Universal Life,GA,suburban,Agent,monthly,0,77.8,63727.41,500000,4061.98,677.0,1,2,6445.76,0.0,0,0,0
P10007,2023-12-01,2014-01-01,active,Indexed Universal Life,GA,suburban,Agent,monthly,0,77.9,63727.41,500000,4061.98,1015.49,1,2,2834.63,0.0,0,0,0
P10007,2024-01-01,2014-01-01,active,Indexed Universal Life,GA,suburban,Agent,monthly,0,78.0,63727.41,500000,4061.98,677.0,1,2,4847.47,836.1,0,0,0
P10007,2024-02-01,2014-01-01,active,Indexed Universal Life,GA,suburban,Agent,monthly,0,78.1,63727.41,500000,4061.98,677.0,2,3,2565.8,0.0,1,0,0
P10007,2024-03-01,2014-01-01,active,Indexed Universal Life,GA,suburban,Agent,monthly,0,78.2,63727.41,500000,4061.98,1015.49,2,2,5197.64,0.0,0,0,0
P10007,2024-04-01,2014-01-01,active,Indexed Universal Life,GA,suburban,Agent,monthly,0,78.2,63727.41,500000,4061.98,1015.49,1,2,4797.2,0.0,0,1,0
P10007,2024-05-01,2014-01-01,active,Indexed Universal Life,GA,suburban,Agent,monthly,0,78.3,63727.41,500000,4061.98,677.0,1,2,6911.25,0.0,0,0,0
P10007,2024-06-01,2014-01-01,active,Indexed Universal Life,GA,suburban,Agent,monthly,0,78.4,63727.41,500000,4061.98,1015.49,0,2,5383.05,0.0,0,0,0
P10007,2024-07-01,2014-01-01,active,Indexed Universal Life,GA,suburban,Agent,monthly,0,78.5,63727.41,500000,4061.98,1015.49,0,2,4870.87,0.0,0,0,0
P10007,2024-08-01,2014-01-01,active,Indexed Universal Life,GA,suburban,Agent,monthly,0,78.6,63727.41,500000,4061.98,1015.49,0,3,4190.68,0.0,0,0,0
P10007,2024-09-01,2014-01-01,active,Indexed Universal Life,GA,suburban,Agent,monthly,0,78.7,63727.41,500000,4061.98,1015.49,0,2,3477.6,0.0,0,0,0
P10007,2024-10-01,2014-01-01,active,Indexed Universal Life,GA,suburban,Agent,monthly,0,78.8,63727.41,500000,4061.98,1015.49,0,3,7109.96,0.0,0,0,0
P10007,2024-11-01,2014-01-01,active,Indexed Universal Life,GA,suburban,Agent,monthly,0,78.8,63727.41,500000,4061.98,1015.49,0,2,6105.05,0.0,0,0,0
P10007,2024-12-01,2014-01-01,active,Indexed Universal Life,GA,suburban,Agent,monthly,0,78.9,63727.41,500000,4061.98,1015.49,1,5,4238.28,0.0,0,0,0
P10008,2023-01-01,2020-04-01,active,Term Life,TX,urban,Broker,monthly,0,54.8,24509.68,100000,526.4,87.73,0,2,0.0,0.0,0,0,0
P10008,2023-02-01,2020-04-01,active,Term Life,TX,urban,Broker,monthly,0,54.8,24509.68,100000,526.4,131.6,0,2,0.0,0.0,0,0,0
P10008,2023-03-01,2020-04-01,active,Term Life,TX,urban,Broker,monthly,0,54.9,24509.68,100000,526.4,131.6,0,2,0.0,0.0,0,0,0
P10008,2023-04-01,2020-04-01,active,Term Life,TX,urban,Broker,monthly,0,55.0,24509.68,100000,526.4,131.6,0,4,0.0,0.0,0,0,0
P10008,2023-05-01,2020-04-01,active,Term Life,TX,urban,Broker,monthly,0,55.1,24509.68,100000,526.4,131.6,0,3,0.0,0.0,0,1,0
P10008,2023-06-01,2020-04-01,active,Term Life,TX,urban,Broker,monthly,0,55.2,24509.68,100000,526.4,131.6,0,3,0.0,0.0,0,0,0
P10008,2023-07-01,2020-04-01,active,Term Life,TX,urban,Broker,monthly,0,55.2,24509.68,100000,526.4,87.73,0,4,0.0,0.0,0,0,0
P10008,2023-08-01,2020-04-01,active,Term Life,TX,urban,Broker,monthly,0,55.3,24509.68,100000,526.4,87.73,0,2,0.0,0.0,0,0,0
P10008,2023-09-01,2020-04-01,active,Term Life,TX,urban,Broker,monthly,0,55.4,24509.68,100000,526.4,131.6,0,2,0.0,0.0,0,0,0
P10008,2023-10-01,2020-04-01,active,Term Life,TX,urban,Broker,monthly,0,55.5,24509.68,100000,526.4,87.73,1,3,0.0,0.0,0,0,0
P10008,2023-11-01,2020-04-01,active,Term Life,TX,urban,Broker,monthly,0,55.6,24509.68,100000,526.4,87.73,1,3,0.0,0.0,0,0,0
P10008,2023-12-01,2020-04-01,active,Term Life,TX,urban,Broker,monthly,0,55.7,24509.68,100000,526.4,131.6,1,4,0.0,0.0,0,0,0
P10008,2024-01-01,2020-04-01,active,Term Life,TX,urban,Broker,monthly,0,55.8,24509.68,100000,526.4,131.6,1,4,0.0,0.0,0,0,0
P10008,2024-02-01,2020-04-01,active,Term Life,TX,urban,Broker,monthly,0,55.8,24509.68,100000,526.4,131.6,1,2,0.0,0.0,0,0,0
P10008,2024-03-01,2020-04-01,active,Term Life,TX,urban,Broker,monthly,0,55.9,24509.68,100000,526.4,131.6,2,3,0.0,0.0,0,0,0
P10008,2024-04-01,2020-04-01,active,Term Life,TX,urban,Broker,monthly,0,56.0,24509.68,100000,526.4,131.6,2,2,0.0,0.0,1,0,0
P10008,2024-05-01,2020-04-01,active,Term Life,TX,urban,Broker,monthly,0,56.1,24509.68,100000,526.4,131.6,2,2,0.0,0.0,0,0,0
P10008,2024-06-01,2020-04-01,active,Term Life,TX,urban,Broker,monthly,0,56.2,24509.68,100000,526.4,131.6,2,2,0.0,0.0,0,0,0
P10008,2024-07-01,2020-04-01,active,Term Life,TX,urban,Broker,monthly,0,56.2,24509.68,100000,526.4,131.6,1,2,0.0,0.0,0,0,0
P10008,2024-08-01,2020-04-01,active,Term Life,TX,urban,Broker,monthly,0,56.3,24509.68,100000,526.4,131.6,0,4,0.0,0.0,0,0,0
P10008,2024-09-01,2020-04-01,active,Term Life,TX,urban,Broker,monthly,0,56.4,24509.68,100000,526.4,131.6,0,3,0.0,0.0,0,0,0
P10008,2024-10-01,2020-04-01,active,Term Life,TX,urban,Broker,monthly,0,56.5,24509.68,100000,526.4,87.73,0,2,0.0,0.0,0,0,0
P10008,2024-11-01,2020-04-01,active,Term Life,TX,urban,Broker,monthly,0,56.6,24509.68,100000,526.4,131.6,0,2,0.0,0.0,0,0,0
P10008,2024-12-01,2020-04-01,active,Term Life,TX,urban,Broker,monthly,0,56.7,24509.68,100000,526.4,131.6,0,4,0.0,0.0,0,0,0
P10009,2023-01-01,2014-10-01,active,Indexed Universal Life,TX,suburban,Broker,monthly,1,46.2,65438.08,500000,3552.42,888.1,0,2,3467.66,0.0,0,0,0
P10009,2023-02-01,2014-10-01,active,Indexed Universal Life,TX,suburban,Broker,monthly,1,46.3,65438.08,500000,3552.42,888.1,0,1,4166.87,0.0,0,0,0
P10009,2023-03-01,2014-10-01,active,Indexed Universal Life,TX,suburban,Broker,monthly,1,46.4,65438.08,500000,3552.42,888.1,0,2,2938.05,0.0,0,0,0
P10009,2023-04-01,2014-10-01,active,Indexed Universal Life,TX,suburban,Broker,monthly,1,46.5,65438.08,500000,3552.42,888.1,0,2,3065.01,0.0,0,0,0
P10009,2023-05-01,2014-10-01,active,Indexed Universal Life,TX,suburban,Broker,monthly,1,46.6,65438.08,500000,3552.42,888.1,0,2,3163.54,0.0,0,0,0
P10009,2023-06-01,2014-10-01,active,Indexed Universal Life,TX,suburban,Broker,monthly,1,46.7,65438.08,500000,3552.42,888.1,1,1,1991.33,0.0,0,0,0
P10009,2023-07-01,2014-10-01,active,Indexed Universal Life,TX,suburban,Broker,monthly,1,46.8,65438.08,500000,3552.42,888.1,1,3,5430.64,0.0,1,0,0
P10009,2023-08-01,2014-10-01,active,Indexed Universal Life,TX,suburban,Broker,monthly,1,46.8,65438.08,500000,3552.42,888.1,1,2,2463.23,0.0,0,0,0
P10009,2023-09-01,2014-10-01,active,Indexed Universal Life,TX,suburban,Broker,monthly,1,46.9,65438.08,500000,3552.42,888.1,1,2,2927.78,1109.2,0,0,0
P10009,2023-10-01,2014-10-01,active,Indexed Universal Life,TX,suburban,Broker,monthly,1,47.0,65438.08,500000,3552.42,888.1,0,1,5295.73,0.0,0,0,0
P10009,2023-11-01,2014-10-01,active,Indexed Universal Life,TX,suburban,Broker,monthly,1,47.1,65438.08,500000,3552.42,888.1,0,2,5668.92,0.0,0,0,0
P10009,2023-12-01,2014-10-01,active,Indexed Universal Life,TX,suburban,Broker,monthly,1,47.2,65438.08,500000,3552.42,888.1,0,1,5642.83,0.0,0,0,0
P10009,2024-01-01,2014-10-01,active,Indexed Universal Life,TX,suburban,Broker,monthly,1,47.2,65438.08,500000,3552.42,888.1,0,3,4975.51,0.0,0,0,0
P10009,2024-02-01,2014-10-01,active,Indexed Universal Life,TX,suburban,Broker,monthly,1,47.3,65438.08,500000,3552.42,888.1,0,3,2786.99,0.0,0,0,0
P10009,2024-03-01,2014-10-01,active,Indexed Universal Life,TX,suburban,Broker,monthly,1,47.4,65438.08,500000,3552.42,888.1,0,2,2083.85,0.0,0,0,0
P10009,2024-04-01,2014-10-01,active,Indexed Universal Life,TX,suburban,Broker,monthly,1,47.5,65438.08,500000,3552.42,888.1,0,2,5902.31,0.0,0,0,0
P10009,2024-05-01,2014-10-01,active,Indexed Universal Life,TX,suburban,Broker,monthly,1,47.6,65438.08,500000,3552.42,888.1,0,3,5120.61,0.0,0,0,0
P10009,2024-06-01,2014-10-01,active,Indexed Universal Life,TX,suburban,Broker,monthly,1,47.7,65438.08,500000,3552.42,888.1,0,1,3497.83,0.0,1,0,0
P10009,2024-07-01,2014-10-01,active,Indexed Universal Life,TX,suburban,Broker,monthly,1,47.8,65438.08,500000,3552.42,888.1,0,1,5380.44,0.0,0,0,0
P10009,2024-08-01,2014-10-01,active,Indexed Universal Life,TX,suburban,Broker,monthly,1,47.8,65438.08,500000,3552.42,888.1,0,1,3794.06,0.0,0,1,0
P10009,2024-09-01,2014-10-01,active,Indexed Universal Life,TX,suburban,Broker,monthly,1,47.9,65438.08,500000,3552.42,888.1,0,2,2633.32,0.0,0,0,0
P10009,2024-10-01,2014-10-01,active,Indexed Universal Life,TX,suburban,Broker,monthly,1,48.0,65438.08,500000,3552.42,888.1,0,2,5558.65,0.0,0,0,0
P10009,2024-11-01,2014-10-01,active,Indexed Universal Life,TX,suburban,Broker,monthly,1,48.1,65438.08,500000,3552.42,888.1,0,1,5367.21,0.0,0,0,0
P10009,2024-12-01,2014-10-01,active,Indexed Universal Life,TX,suburban,Broker,monthly,1,48.2,65438.08,500000,3552.42,888.1,0,1,3236.7,0.0,0,0,0
P10010,2023-01-01,2017-08-01,active,Indexed Universal Life,TX,urban,Agent,quarterly,1,33.4,69175.96,250000,362.64,271.98,0,2,1036.72,0.0,0,0,0
P10010,2023-02-01,2017-08-01,active,Indexed Universal Life,TX,urban,Agent,quarterly,1,33.5,69175.96,250000,362.64,271.98,0,2,1046.03,0.0,0,0,0
P10010,2023-03-01,2017-08-01,active,Indexed Universal Life,TX,urban,Agent,quarterly,1,33.6,69175.96,250000,362.64,271.98,0,2,963.75,0.0,0,0,0
P10010,2023-04-01,2017-08-01,active,Indexed Universal Life,TX,urban,Agent,quarterly,1,33.7,69175.96,250000,362.64,271.98,0,3,470.95,0.0,0,0,0
P10010,2023-05-01,2017-08-01,active,Indexed Universal Life,TX,urban,Agent,quarterly,1,33.8,69175.96,250000,362.64,181.32,0,3,418.94,0.0,0,0,0
P10010,2023-06-01,2017-08-01,active,Indexed Universal Life,TX,urban,Agent,quarterly,1,33.8,69175.96,250000,362.64,271.98,0,2,756.11,0.0,0,1,0
P10010,2023-07-01,2017-08-01,active,Indexed Universal Life,TX,urban,Agent,quarterly,1,33.9,69175.96,250000,362.64,271.98,0,2,984.06,0.0,0,0,0
P10010,2023-08-01,2017-08-01,active,Indexed Universal Life,TX,urban,Agent,quarterly,1,34.0,69175.96,250000,362.64,271.98,0,2,405.4,0.0,0,0,0
P10010,2023-09-01,2017-08-01,active,Indexed Universal Life,TX,urban,Agent,quarterly,1,34.1,69175.96,250000,362.64,271.98,0,3,1069.82,0.0,0,0,0
P10010,2023-10-01,2017-08-01,active,Indexed Universal Life,TX,urban,Agent,quarterly,1,34.2,69175.96,250000,362.64,271.98,0,6,792.25,0.0,1,0,0
P10010,2023-11-01,2017-08-01,active,Indexed Universal Life,TX,urban,Agent,quarterly,1,34.2,69175.96,250000,362.64,271.98,0,2,522.86,0.0,0,0,0
P10010,2023-12-01,2017-08-01,active,Indexed Universal Life,TX,urban,Agent,quarterly,1,34.3,69175.96,250000,362.64,271.98,0,4,698.82,0.0,0,0,0
P10010,2024-01-01,2017-08-01,active,Indexed Universal Life,TX,urban,Agent,quarterly,1,34.4,69175.96,250000,362.64,271.98,0,3,1221.31,0.0,0,0,0
P10010,2024-02-01,2017-08-01,active,Indexed Universal Life,TX,urban,Agent,quarterly,1,34.5,69175.96,250000,362.64,271.98,0,2,461.54,0.0,0,1,0
P10010,2024-03-01,2017-08-01,active,Indexed Universal Life,TX,urban,Agent,quarterly,1,34.6,69175.96,250000,362.64,271.98,0,4,1255.35,0.0,0,0,0
P10010,2024-04-01,2017-08-01,active,Indexed Universal Life,TX,urban,Agent,quarterly,1,34.7,69175.96,250000,362.64,271.98,0,4,1289.13,0.0,1,0,0
P10010,2024-05-01,2017-08-01,active,Indexed Universal Life,TX,urban,Agent,quarterly,1,34.8,69175.96,250000,362.64,271.98,0,3,658.57,0.0,0,0,0
P10010,2024-06-01,2017-08-01,active,Indexed Universal Life,TX,urban,Agent,quarterly,1,34.8,69175.96,250000,362.64,271.98,0,4,650.05,0.0,0,0,0
P10010,2024-07-01,2017-08-01,active,Indexed Universal Life,TX,urban,Agent,quarterly,1,34.9,69175.96,250000,362.64,271.98,0,2,712.35,0.0,0,0,0
P10010,2024-08-01,2017-08-01,active,Indexed Universal Life,TX,urban,Agent,quarterly,1,35.0,69175.96,250000,362.64,271.98,0,2,1325.94,0.0,0,0,0
P10010,2024-09-01,2017-08-01,active,Indexed Universal Life,TX,urban,Agent,quarterly,1,35.1,69175.96,250000,362.64,271.98,0,2,1311.5,0.0,0,0,0
P10010,2024-10-01,2017-08-01,active,Indexed Universal Life,TX,urban,Agent,quarterly,1,35.2,69175.96,250000,362.64,271.98,0,3,1011.98,0.0,0,0,0
P10010,2024-11-01,2017-08-01,active,Indexed Universal Life,TX,urban,Agent,quarterly,1,35.2,69175.96,250000,362.64,181.32,0,3,1211.86,0.0,0,0,0
P10010,2024-12-01,2017-08-01,active,Indexed Universal Life,TX,urban,Agent,quarterly,1,35.3,69175.96,250000,362.64,271.98,0,3,1379.37,0.0,0,0,0
P10011,2023-01-01,2022-10-01,active,Indexed Universal Life,OH,urban,Broker,annual,1,28.2,66600.97,100000,32.05,96.14,0,2,8.12,0.0,0,0,0
P10011,2023-02-01,2022-10-01,active,Indexed Universal Life,OH,urban,Broker,annual,1,28.3,66600.97,100000,32.05,96.14,0,2,19.37,0.0,0,0,0
P10011,2023-03-01,2022-10-01,active,Indexed Universal Life,OH,urban,Broker,annual,1,28.4,66600.97,100000,32.05,96.14,1,2,13.85,0.0,0,0,0
P10011,2023-04-01,2022-10-01,active,Indexed Universal Life,OH,urban,Broker,annual,1,28.5,66600.97,100000,32.05,96.14,1,4,17.74,0.0,0,0,0
P10011,2023-05-01,2022-10-01,active,Indexed Universal Life,OH,urban,Broker,annual,1,28.6,66600.97,100000,32.05,96.14,0,3,25.54,0.0,0,0,0
P10011,2023-06-01,2022-10-01,active,Indexed Universal Life,OH,urban,Broker,annual,1,28.7,66600.97,100000,32.05,96.14,0,2,19.76,0.0,0,0,0
P10011,2023-07-01,2022-10-01,active,Indexed Universal Life,OH,urban,Broker,annual,1,28.8,66600.97,100000,32.05,96.14,0,2,34.0,0.0,0,0,0
P10011,2023-08-01,2022-10-01,active,Indexed Universal Life,OH,urban,Broker,annual,1,28.8,66600.97,100000,32.05,96.14,0,3,22.98,0.0,0,0,0
P10011,2023-09-01,2022-10-01,active,Indexed Universal Life,OH,urban,Broker,annual,1,28.9,66600.97,100000,32.05,96.14,0,4,51.37,10.96,0,0,0
P10011,2023-10-01,2022-10-01,active,Indexed Universal Life,OH,urban,Broker,annual,1,29.0,66600.97,100000,32.05,96.14,0,2,66.23,0.0,0,0,0
P10011,2023-11-01,2022-10-01,active,Indexed Universal Life,OH,urban,Broker,annual,1,29.1,66600.97,100000,32.05,96.14,0,3,45.58,14.37,0,0,0
P10011,2023-12-01,2022-10-01,active,Indexed Universal Life,OH,urban,Broker,annual,1,29.2,66600.97,100000,32.05,96.14,0,3,37.98,0.0,0,0,0
P10011,2024-01-01,2022-10-01,active,Indexed Universal Life,OH,urban,Broker,annual,1,29.2,66600.97,100000,32.05,96.14,1,3,83.14,0.0,0,1,0
P10011,2024-02-01,2022-10-01,active,Indexed Universal Life,OH,urban,Broker,annual,1,29.3,66600.97,100000,32.05,96.14,1,3,43.34,0.0,0,0,0
P10011,2024-03-01,2022-10-01,active,Indexed Universal Life,OH,urban,Broker,annual,1,29.4,66600.97,100000,32.05,96.14,1,3,43.94,5.9,0,0,0
P10011,2024-04-01,2022-10-01,active,Indexed Universal Life,OH,urban,Broker,annual,1,29.5,66600.97,100000,32.05,96.14,1,3,73.63,0.0,0,0,0
P10011,2024-05-01,2022-10-01,active,Indexed Universal Life,OH,urban,Broker,annual,1,29.6,66600.97,100000,32.05,96.14,1,3,52.1,5.38,0,0,0
P10011,2024-06-01,2022-10-01,active,Indexed Universal Life,OH,urban,Broker,annual,1,29.7,66600.97,100000,32.05,96.14,2,3,110.72,0.0,0,0,0
P10011,2024-07-01,2022-10-01,active,Indexed Universal Life,OH,urban,Broker,annual,1,29.8,66600.97,100000,32.05,96.14,1,3,47.19,0.0,1,0,0
P10011,2024-08-01,2022-10-01,active,Indexed Universal Life,OH,urban,Broker,annual,1,29.8,66600.97,100000,32.05,96.14,1,3,59.56,0.0,0,0,0
P10011,2024-09-01,2022-10-01,active,Indexed Universal Life,OH,urban,Broker,annual,1,29.9,66600.97,100000,32.05,96.14,1,2,81.79,0.0,0,0,0
P10011,2024-10-01,2022-10-01,active,Indexed Universal Life,OH,urban,Broker,annual,1,30.0,66600.97,100000,32.05,96.14,1,3,118.76,0.0,0,0,0
P10011,2024-11-01,2022-10-01,active,Indexed Universal Life,OH,urban,Broker,annual,1,30.1,66600.97,100000,32.05,96.14,1,3,131.25,0.0,0,0,0
P10011,2024-12-01,2022-10-01,active,Indexed Universal Life,OH,urban,Broker,annual,1,30.2,66600.97,100000,32.05,96.14,1,3,64.43,0.0,0,0,0
P10012,2023-01-01,2014-07-01,active,Whole Life,CA,urban,Agent,annual,1,75.5,92618.4,100000,29.54,88.61,0,5,341.05,0.0,0,0,0
P10012,2023-02-01,2014-07-01,active,Whole Life,CA,urban,Agent,annual,1,75.6,92618.4,100000,29.54,88.61,0,5,413.36,0.0,0,0,0
P10012,2023-03-01,2014-07-01,active,Whole Life,CA,urban,Agent,annual,1,75.7,92618.4,100000,29.54,88.61,0,5,477.19,0.0,0,0,0
P10012,2023-04-01,2014-07-01,active,Whole Life,CA,urban,Agent,annual,1,75.8,92618.4,100000,29.54,88.61,0,6,329.31,0.0,0,0,0
P10012,2023-05-01,2014-07-01,active,Whole Life,CA,urban,Agent,annual,1,75.8,92618.4,100000,29.54,88.61,0,6,463.05,0.0,0,0,0
P10012,2023-06-01,2014-07-01,active,Whole Life,CA,urban,Agent,annual,1,75.9,92618.4,100000,29.54,88.61,0,5,316.95,0.0,0,0,0
P10012,2023-07-01,2014-07-01,active,Whole Life,CA,urban,Agent,annual,1,76.0,92618.4,100000,29.54,88.61,0,5,269.37,0.0,1,0,0
P10012,2023-08-01,2014-07-01,active,Whole Life,CA,urban,Agent,annual,1,76.1,92618.4,100000,29.54,88.61,1,8,571.98,0.0,0,0,0
P10012,2023-09-01,2014-07-01,active,Whole Life,CA,urban,Agent,annual,1,76.2,92618.4,100000,29.54,88.61,0,7,281.47,0.0,0,0,0
P10012,2023-10-01,2014-07-01,active,Whole Life,CA,urban,Agent,annual,1,76.2,92618.4,100000,29.54,88.61,0,5,397.6,0.0,0,0,0
P10012,2023-11-01,2014-07-01,active,Whole Life,CA,urban,Agent,annual,1,76.3,92618.4,100000,29.54,88.61,0,6,215.16,0.0,1,0,0
P10012,2023-12-01,2014-07-01,active,Whole Life,CA,urban,Agent,annual,1,76.4,92618.4,100000,29.54,88.61,1,6,577.79,0.0,0,0,0
P10012,2024-01-01,2014-07-01,active,Whole Life,CA,urban,Agent,annual,1,76.5,92618.4,100000,29.54,88.61,1,5,577.55,0.0,0,0,0
P10012,2024-02-01,2014-07-01,active,Whole Life,CA,urban,Agent,annual,1,76.6,92618.4,100000,29.54,88.61,1,7,377.49,0.0,0,0,0
P10012,2024-03-01,2014-07-01,active,Whole Life,CA,urban,Agent,annual,1,76.7,92618.4,100000,29.54,88.61,1,5,366.25,0.0,0,0,0
P10012,2024-04-01,2014-07-01,active,Whole Life,CA,urban,Agent,annual,1,76.8,92618.4,100000,29.54,88.61,1,5,379.45,0.0,0,0,0
P10012,2024-05-01,2014-07-01,active,Whole Life,CA,urban,Agent,annual,1,76.8,92618.4,100000,29.54,88.61,1,5,442.49,0.0,1,0,0
P10012,2024-06-01,2014-07-01,active,Whole Life,CA,urban,Agent,annual,1,76.9,92618.4,100000,29.54,88.61,1,5,526.51,0.0,0,0,0
P10012,2024-07-01,2014-07-01,active,Whole Life,CA,urban,Agent,annual,1,77.0,92618.4,100000,29.54,88.61,1,7,562.16,0.0,0,0,0
P10012,2024-08-01,2014-07-01,active,Whole Life,CA,urban,Agent,annual,1,77.1,92618.4,100000,29.54,88.61,0,5,568.0,0.0,0,0,0
P10012,2024-09-01,2014-07-01,active,Whole Life,CA,urban,Agent,annual,1,77.2,92618.4,100000,29.54,88.61,0,10,257.01,0.0,0,0,0
P10012,2024-10-01,2014-07-01,active,Whole Life,CA,urban,Agent,annual,1,77.2,92618.4,100000,29.54,88.61,0,5,637.04,0.0,0,0,0
P10012,2024-11-01,2014-07-01,active,Whole Life,CA,urban,Agent,annual,1,77.3,92618.4,100000,29.54,88.61,0,5,530.14,0.0,0,0,0
P10012,2024-12-01,2014-07-01,active,Whole Life,CA,urban,Agent,annual,1,77.4,92618.4,100000,29.54,88.61,0,6,504.36,0.0,0,0,0
P10013,2023-01-01,2022-02-01,active,Term Life,CA,suburban,Bank,quarterly,1,52.9,59332.08,250000,578.03,433.52,0,1,0.0,0.0,0,0,0
P10013,2023-02-01,2022-02-01,active,Term Life,CA,suburban,Bank,quarterly,1,53.0,59332.08,250000,578.03,433.52,0,1,0.0,0.0,0,0,0
P10013,2023-03-01,2022-02-01,active,Term Life,CA,suburban,Bank,quarterly,1,53.1,59332.08,250000,578.03,433.52,0,0,0.0,0.0,0,0,0
P10013,2023-04-01,2022-02-01,active,Term Life,CA,suburban,Bank,quarterly,1,53.2,59332.08,250000,578.03,433.52,0,1,0.0,0.0,0,0,0
P10013,2023-05-01,2022-02-01,active,Term Life,CA,suburban,Bank,quarterly,1,53.2,59332.08,250000,578.03,433.52,0,1,0.0,0.0,0,0,0
P10013,2023-06-01,2022-02-01,active,Term Life,CA,suburban,Bank,quarterly,1,53.3,59332.08,250000,578.03,433.52,0,2,0.0,0.0,0,0,0
P10013,2023-07-01,2022-02-01,active,Term Life,CA,suburban,Bank,quarterly,1,53.4,59332.08,250000,578.03,433.52,0,1,0.0,0.0,0,0,0
P10013,2023-08-01,2022-02-01,active,Term Life,CA,suburban,Bank,quarterly,1,53.5,59332.08,250000,578.03,289.01,0,0,0.0,0.0,0,1,0
P10013,2023-09-01,2022-02-01,active,Term Life,CA,suburban,Bank,quarterly,1,53.6,59332.08,250000,578.03,433.52,0,0,0.0,0.0,0,0,0
P10013,2023-10-01,2022-02-01,active,Term Life,CA,suburban,Bank,quarterly,1,53.7,59332.08,250000,578.03,433.52,0,0,0.0,0.0,0,1,0
P10013,2023-11-01,2022-02-01,active,Term Life,CA,suburban,Bank,quarterly,1,53.8,59332.08,250000,578.03,433.52,1,1,0.0,0.0,0,0,0
P10013,2023-12-01,2022-02-01,active,Term Life,CA,suburban,Bank,quarterly,1,53.8,59332.08,250000,578.03,433.52,1,0,0.0,0.0,0,0,0
P10013,2024-01-01,2022-02-01,active,Term Life,CA,suburban,Bank,quarterly,1,53.9,59332.08,250000,578.03,433.52,0,0,0.0,0.0,0,0,0
P10013,2024-02-01,2022-02-01,active,Term Life,CA,suburban,Bank,quarterly,1,54.0,59332.08,250000,578.03,433.52,0,1,0.0,0.0,0,0,0
P10013,2024-03-01,2022-02-01,active,Term Life,CA,suburban,Bank,quarterly,1,54.1,59332.08,250000,578.03,433.52,0,1,0.0,0.0,0,0,0
P10013,2024-04-01,2022-02-01,active,Term Life,CA,suburban,Bank,quarterly,1,54.2,59332.08,250000,578.03,433.52,0,1,0.0,0.0,0,0,0
P10013,2024-05-01,2022-02-01,active,Term Life,CA,suburban,Bank,quarterly,1,54.2,59332.08,250000,578.03,289.01,0,0,0.0,0.0,0,0,0
P10013,2024-06-01,2022-02-01,active,Term Life,CA,suburban,Bank,quarterly,1,54.3,59332.08,250000,578.03,433.52,0,0,0.0,0.0,0,0,0
P10013,2024-07-01,2022-02-01,active,Term Life,CA,suburban,Bank,quarterly,1,54.4,59332.08,250000,578.03,433.52,0,0,0.0,0.0,0,0,0
P10013,2024-08-01,2022-02-01,active,Term Life,CA,suburban,Bank,quarterly,1,54.5,59332.08,250000,578.03,433.52,0,0,0.0,0.0,0,0,0
P10013,2024-09-01,2022-02-01,active,Term Life,CA,suburban,Bank,quarterly,1,54.6,59332.08,250000,578.03,433.52,0,0,0.0,0.0,0,0,0
P10013,2024-10-01,2022-02-01,active,Term Life,CA,suburban,Bank,quarterly,1,54.7,59332.08,250000,578.03,289.01,1,0,0.0,0.0,0,0,0
P10013,2024-11-01,2022-02-01,active,Term Life,CA,suburban,Bank,quarterly,1,54.8,59332.08,250000,578.03,433.52,0,0,0.0,0.0,0,0,0
P10013,2024-12-01,2022-02-01,active,Term Life,CA,suburban,Bank,quarterly,1,54.8,59332.08,250000,578.03,433.52,0,0,0.0,0.0,0,0,0
P10014,2023-01-01,2015-08-01,active,Term Life,OH,rural,Agent,monthly,1,44.4,39258.31,250000,922.43,153.74,0,0,0.0,0.0,0,0,0
P10014,2023-02-01,2015-08-01,active,Term Life,OH,rural,Agent,monthly,1,44.5,39258.31,250000,922.43,230.61,1,1,0.0,0.0,0,0,0
P10014,2023-03-01,2015-08-01,active,Term Life,OH,rural,Agent,monthly,1,44.6,39258.31,250000,922.43,230.61,1,1,0.0,0.0,0,0,0
P10014,2023-04-01,2015-08-01,active,Term Life,OH,rural,Agent,monthly,1,44.7,39258.31,250000,922.43,230.61,0,0,0.0,0.0,0,0,0
P10014,2023-05-01,2015-08-01,active,Term Life,OH,rural,Agent,monthly,1,44.8,39258.31,250000,922.43,230.61,0,0,0.0,0.0,0,0,0
P10014,2023-06-01,2015-08-01,active,Term Life,OH,rural,Agent,monthly,1,44.8,39258.31,250000,922.43,230.61,0,1,0.0,0.0,0,0,0
P10014,2023-07-01,2015-08-01,active,Term Life,OH,rural,Agent,monthly,1,44.9,39258.31,250000,922.43,153.74,0,1,0.0,0.0,0,0,0
P10014,2023-08-01,2015-08-01,active,Term Life,OH,rural,Agent,monthly,1,45.0,39258.31,250000,922.43,230.61,0,1,0.0,0.0,0,0,0
P10014,2023-09-01,2015-08-01,active,Term Life,OH,rural,Agent,monthly,1,45.1,39258.31,250000,922.43,230.61,0,1,0.0,0.0,0,1,0
P10014,2023-10-01,2015-08-01,active,Term Life,OH,rural,Agent,monthly,1,45.2,39258.31,250000,922.43,230.61,0,1,0.0,0.0,0,0,0
P10014,2023-11-01,2015-08-01,active,Term Life,OH,rural,Agent,monthly,1,45.2,39258.31,250000,922.43,230.61,0,1,0.0,0.0,0,0,0
P10014,2023-12-01,2015-08-01,active,Term Life,OH,rural,Agent,monthly,1,45.3,39258.31,250000,922.43,230.61,0,0,0.0,0.0,1,0,0
P10014,2024-01-01,2015-08-01,active,Term Life,OH,rural,Agent,monthly,1,45.4,39258.31,250000,922.43,230.61,0,2,0.0,0.0,0,0,0
P10014,2024-02-01,2015-08-01,active,Term Life,OH,rural,Agent,monthly,1,45.5,39258.31,250000,922.43,230.61,0,1,0.0,0.0,0,0,0
P10014,2024-03-01,2015-08-01,active,Term Life,OH,rural,Agent,monthly,1,45.6,39258.31,250000,922.43,153.74,0,0,0.0,0.0,0,0,0
P10014,2024-04-01,2015-08-01,active,Term Life,OH,rural,Agent,monthly,1,45.7,39258.31,250000,922.43,230.61,0,1,0.0,0.0,0,0,0
P10014,2024-05-01,2015-08-01,active,Term Life,OH,rural,Agent,monthly,1,45.8,39258.31,250000,922.43,230.61,0,0,0.0,0.0,0,0,0
P10014,2024-06-01,2015-08-01,active,Term Life,OH,rural,Agent,monthly,1,45.8,39258.31,250000,922.43,230.61,0,1,0.0,0.0,0,0,0
P10014,2024-07-01,2015-08-01,active,Term Life,OH,rural,Agent,monthly,1,45.9,39258.31,250000,922.43,230.61,0,1,0.0,0.0,0,0,0
P10014,2024-08-01,2015-08-01,active,Term Life,OH,rural,Agent,monthly,1,46.0,39258.31,250000,922.43,230.61,1,1,0.0,0.0,0,0,0
P10014,2024-09-01,2015-08-01,active,Term Life,OH,rural,Agent,monthly,1,46.1,39258.31,250000,922.43,230.61,1,0,0.0,0.0,0,0,0
P10014,2024-10-01,2015-08-01,active,Term Life,OH,rural,Agent,monthly,1,46.2,39258.31,250000,922.43,153.74,0,0,0.0,0.0,0,0,0
P10014,2024-11-01,2015-08-01,active,Term Life,OH,rural,Agent,monthly,1,46.2,39258.31,250000,922.43,230.61,0,0,0.0,0.0,0,0,0
P10014,2024-12-01,2015-08-01,active,Term Life,OH,rural,Agent,monthly,1,46.3,39258.31,250000,922.43,230.61,0,0,0.0,0.0,0,0,0
P10015,2023-01-01,2021-06-01,active,Universal Life,NJ,suburban,Broker,monthly,1,38.6,36974.67,100000,300.0,75.0,0,2,32.86,0.0,0,0,0
P10015,2023-02-01,2021-06-01,active,Universal Life,NJ,suburban,Broker,monthly,1,38.7,36974.67,100000,300.0,75.0,0,3,80.69,0.0,0,0,0
P10015,2023-03-01,2021-06-01,active,Universal Life,NJ,suburban,Broker,monthly,1,38.8,36974.67,100000,300.0,75.0,0,3,34.45,0.0,0,0,0
P10015,2023-04-01,2021-06-01,active,Universal Life,NJ,suburban,Broker,monthly,1,38.8,36974.67,100000,300.0,75.0,0,2,52.01,0.0,0,0,0
P10015,2023-05-01,2021-06-01,active,Universal Life,NJ,suburban,Broker,monthly,1,38.9,36974.67,100000,300.0,75.0,0,2,101.34,0.0,0,0,0
P10015,2023-06-01,2021-06-01,active,Universal Life,NJ,suburban,Broker,monthly,1,39.0,36974.67,100000,300.0,75.0,0,2,58.67,0.0,0,0,0
P10015,2023-07-01,2021-06-01,active,Universal Life,NJ,suburban,Broker,monthly,1,39.1,36974.67,100000,300.0,75.0,1,2,45.57,0.0,0,0,0
P10015,2023-08-01,2021-06-01,active,Universal Life,NJ,suburban,Broker,monthly,1,39.2,36974.67,100000,300.0,50.0,0,2,82.63,0.0,0,0,0
P10015,2023-09-01,2021-06-01,active,Universal Life,NJ,suburban,Broker,monthly,1,39.2,36974.67,100000,300.0,75.0,0,4,51.22,0.0,0,0,0
P10015,2023-10-01,2021-06-01,active,Universal Life,NJ,suburban,Broker,monthly,1,39.3,36974.67,100000,300.0,75.0,0,3,116.52,0.0,0,0,0
P10015,2023-11-01,2021-06-01,active,Universal Life,NJ,suburban,Broker,monthly,1,39.4,36974.67,100000,300.0,75.0,0,2,73.13,0.0,0,0,0
P10015,2023-12-01,2021-06-01,active,Universal Life,NJ,suburban,Broker,monthly,1,39.5,36974.67,100000,300.0,75.0,1,3,68.81,0.0,0,0,0
P10015,2024-01-01,2021-06-01,active,Universal Life,NJ,suburban,Broker,monthly,1,39.6,36974.67,100000,300.0,75.0,0,2,119.19,0.0,0,0,0
P10015,2024-02-01,2021-06-01,active,Universal Life,NJ,suburban,Broker,monthly,1,39.7,36974.67,100000,300.0,75.0,0,2,120.14,0.0,0,0,0
P10015,2024-03-01,2021-06-01,active,Universal Life,NJ,suburban,Broker,monthly,1,39.8,36974.67,100000,300.0,75.0,0,3,58.17,0.0,0,0,0
P10015,2024-04-01,2021-06-01,active,Universal Life,NJ,suburban,Broker,monthly,1,39.8,36974.67,100000,300.0,75.0,0,2,125.21,0.0,0,0,0
P10015,2024-05-01,2021-06-01,active,Universal Life,NJ,suburban,Broker,monthly,1,39.9,36974.67,100000,300.0,50.0,0,3,88.89,0.0,0,0,0
P10015,2024-06-01,2021-06-01,active,Universal Life,NJ,suburban,Broker,monthly,1,40.0,36974.67,100000,300.0,75.0,1,4,90.43,0.0,0,0,0
P10015,2024-07-01,2021-06-01,active,Universal Life,NJ,suburban,Broker,monthly,1,40.1,36974.67,100000,300.0,75.0,1,2,114.9,0.0,0,0,0
P10015,2024-08-01,2021-06-01,active,Universal Life,NJ,suburban,Broker,monthly,1,40.2,36974.67,100000,300.0,75.0,1,3,143.83,0.0,0,0,0
P10015,2024-09-01,2021-06-01,active,Universal Life,NJ,suburban,Broker,monthly,1,40.2,36974.67,100000,300.0,75.0,1,2,61.25,0.0,0,0,0
P10015,2024-10-01,2021-06-01,active,Universal Life,NJ,suburban,Broker,monthly,1,40.3,36974.67,100000,300.0,75.0,1,3,83.4,0.0,0,0,0
P10015,2024-11-01,2021-06-01,active,Universal Life,NJ,suburban,Broker,monthly,1,40.4,36974.67,100000,300.0,75.0,2,2,80.17,0.0,0,0,0
P10015,2024-12-01,2021-06-01,active,Universal Life,NJ,suburban,Broker,monthly,1,40.5,36974.67,100000,300.0,75.0,2,2,181.83,0.0,0,0,0
P10016,2023-01-01,2018-09-01,active,Term Life,OH,urban,Broker,monthly,0,48.3,41712.98,1000000,5899.1,1474.77,0,3,0.0,0.0,0,0,0
P10016,2023-02-01,2018-09-01,active,Term Life,OH,urban,Broker,monthly,0,48.4,41712.98,1000000,5899.1,1474.77,0,4,0.0,0.0,0,0,0
P10016,2023-03-01,2018-09-01,active,Term Life,OH,urban,Broker,monthly,0,48.5,41712.98,1000000,5899.1,1474.77,0,5,0.0,0.0,0,0,0
P10016,2023-04-01,2018-09-01,active,Term Life,OH,urban,Broker,monthly,0,48.6,41712.98,1000000,5899.1,1474.77,0,3,0.0,0.0,0,0,0
P10016,2023-05-01,2018-09-01,active,Term Life,OH,urban,Broker,monthly,0,48.7,41712.98,1000000,5899.1,1474.77,0,5,0.0,0.0,0,0,0
P10016,2023-06-01,2018-09-01,active,Term Life,OH,urban,Broker,monthly,0,48.8,41712.98,1000000,5899.1,983.18,0,5,0.0,0.0,0,0,0
P10016,2023-07-01,2018-09-01,active,Term Life,OH,urban,Broker,monthly,0,48.8,41712.98,1000000,5899.1,1474.77,0,3,0.0,0.0,0,0,0
P10016,2023-08-01,2018-09-01,active,Term Life,OH,urban,Broker,monthly,0,48.9,41712.98,1000000,5899.1,983.18,1,3,0.0,0.0,0,1,0
P10016,2023-09-01,2018-09-01,active,Term Life,OH,urban,Broker,monthly,0,49.0,41712.98,1000000,5899.1,1474.77,1,3,0.0,0.0,0,1,0
P10016,2023-10-01,2018-09-01,active,Term Life,OH,urban,Broker,monthly,0,49.1,41712.98,1000000,5899.1,1474.77,1,3,0.0,0.0,0,0,0
P10016,2023-11-01,2018-09-01,active,Term Life,OH,urban,Broker,monthly,0,49.2,41712.98,1000000,5899.1,1474.77,0,4,0.0,0.0,0,0,0
P10016,2023-12-01,2018-09-01,active,Term Life,OH,urban,Broker,monthly,0,49.2,41712.98,1000000,5899.1,1474.77,0,3,0.0,0.0,1,0,0
P10016,2024-01-01,2018-09-01,active,Term Life,OH,urban,Broker,monthly,0,49.3,41712.98,1000000,5899.1,983.18,0,3,0.0,0.0,0,0,0
P10016,2024-02-01,2018-09-01,active,Term Life,OH,urban,Broker,monthly,0,49.4,41712.98,1000000,5899.1,1474.77,0,3,0.0,0.0,0,0,0
P10016,2024-03-01,2018-09-01,active,Term Life,OH,urban,Broker,monthly,0,49.5,41712.98,1000000,5899.1,1474.77,0,3,0.0,0.0,0,0,0
P10016,2024-04-01,2018-09-01,active,Term Life,OH,urban,Broker,monthly,0,49.6,41712.98,1000000,5899.1,983.18,0,4,0.0,0.0,0,1,0
P10016,2024-05-01,2018-09-01,active,Term Life,OH,urban,Broker,monthly,0,49.7,41712.98,1000000,5899.1,1474.77,0,6,0.0,0.0,0,0,0
P10016,2024-06-01,2018-09-01,active,Term Life,OH,urban,Broker,monthly,0,49.8,41712.98,1000000,5899.1,1474.77,0,4,0.0,0.0,1,0,0
P10016,2024-07-01,2018-09-01,active,Term Life,OH,urban,Broker,monthly,0,49.8,41712.98,1000000,5899.1,983.18,0,4,0.0,0.0,0,0,0
P10016,2024-08-01,2018-09-01,active,Term Life,OH,urban,Broker,monthly,0,49.9,41712.98,1000000,5899.1,1474.77,0,3,0.0,0.0,0,0,0
P10016,2024-09-01,2018-09-01,active,Term Life,OH,urban,Broker,monthly,0,50.0,41712.98,1000000,5899.1,1474.77,0,3,0.0,0.0,1,0,0
P10016,2024-10-01,2018-09-01,active,Term Life,OH,urban,Broker,monthly,0,50.1,41712.98,1000000,5899.1,1474.77,0,3,0.0,0.0,0,0,0
P10016,2024-11-01,2018-09-01,active,Term Life,OH,urban,Broker,monthly,0,50.2,41712.98,1000000,5899.1,1474.77,0,4,0.0,0.0,0,0,0
P10016,2024-12-01,2018-09-01,active,Term Life,OH,urban,Broker,monthly,0,50.2,41712.98,1000000,5899.1,1474.77,0,4,0.0,0.0,0,0,0
P10017,2023-01-01,2019-01-01,active,Term Life,FL,urban,Agent,monthly,1,63.0,72279.31,100000,866.47,216.62,0,3,0.0,0.0,0,0,0
P10017,2023-02-01,2019-01-01,active,Term Life,FL,urban,Agent,monthly,1,63.1,72279.31,100000,866.47,216.62,0,1,0.0,0.0,1,0,0
P10017,2023-03-01,2019-01-01,active,Term Life,FL,urban,Agent,monthly,1,63.2,72279.31,100000,866.47,216.62,1,1,0.0,0.0,0,0,0
P10017,2023-04-01,2019-01-01,active,Term Life,FL,urban,Agent,monthly,1,63.2,72279.31,100000,866.47,216.62,2,3,0.0,0.0,1,0,0
P10017,2023-05-01,2019-01-01,active,Term Life,FL,urban,Agent,monthly,1,63.3,72279.31,100000,866.47,216.62,2,2,0.0,0.0,0,0,0
P10017,2023-06-01,2019-01-01,active,Term Life,FL,urban,Agent,monthly,1,63.4,72279.31,100000,866.47,144.41,2,1,0.0,0.0,0,0,0
P10017,2023-07-01,2019-01-01,active,Term Life,FL,urban,Agent,monthly,1,63.5,72279.31,100000,866.47,216.62,2,3,0.0,0.0,0,0,0
P10017,2023-08-01,2019-01-01,active,Term Life,FL,urban,Agent,monthly,1,63.6,72279.31,100000,866.47,144.41,2,2,0.0,0.0,0,0,0
P10017,2023-09-01,2019-01-01,active,Term Life,FL,urban,Agent,monthly,1,63.7,72279.31,100000,866.47,216.62,2,2,0.0,0.0,0,0,0
P10017,2023-10-01,2019-01-01,active,Term Life,FL,urban,Agent,monthly,1,63.8,72279.31,100000,866.47,216.62,2,1,0.0,0.0,0,0,0
P10017,2023-11-01,2019-01-01,active,Term Life,FL,urban,Agent,monthly,1,63.8,72279.31,100000,866.47,216.62,2,1,0.0,0.0,0,0,0
P10017,2023-12-01,2019-01-01,active,Term Life,FL,urban,Agent,monthly,1,63.9,72279.31,100000,866.47,216.62,2,1,0.0,0.0,0,0,0
P10017,2024-01-01,2019-01-01,active,Term Life,FL,urban,Agent,monthly,1,64.0,72279.31,100000,866.47,216.62,2,3,0.0,0.0,0,0,0
P10017,2024-02-01,2019-01-01,active,Term Life,FL,urban,Agent,monthly,1,64.1,72279.31,100000,866.47,216.62,2,1,0.0,0.0,1,0,0
P10017,2024-03-01,2019-01-01,active,Term Life,FL,urban,Agent,monthly,1,64.2,72279.31,100000,866.47,144.41,2,1,0.0,0.0,0,0,0
P10017,2024-04-01,2019-01-01,active,Term Life,FL,urban,Agent,monthly,1,64.2,72279.31,100000,866.47,216.62,2,1,0.0,0.0,0,0,0
P10017,2024-05-01,2019-01-01,active,Term Life,FL,urban,Agent,monthly,1,64.3,72279.31,100000,866.47,216.62,3,1,0.0,0.0,0,0,0
P10017,2024-06-01,2019-01-01,active,Term Life,FL,urban,Agent,monthly,1,64.4,72279.31,100000,866.47,216.62,3,2,0.0,0.0,0,0,0
P10017,2024-07-01,2019-01-01,active,Term Life,FL,urban,Agent,monthly,1,64.5,72279.31,100000,866.47,216.62,3,1,0.0,0.0,0,0,0
P10017,2024-08-01,2019-01-01,active,Term Life,FL,urban,Agent,monthly,1,64.6,72279.31,100000,866.47,216.62,3,1,0.0,0.0,0,0,0
P10017,2024-09-01,2019-01-01,active,Term Life,FL,urban,Agent,monthly,1,64.7,72279.31,100000,866.47,216.62,3,3,0.0,0.0,0,0,0
P10017,2024-10-01,2019-01-01,active,Term Life,FL,urban,Agent,monthly,1,64.8,72279.31,100000,866.47,216.62,3,2,0.0,0.0,0,0,0
P10017,2024-11-01,2019-01-01,active,Term Life,FL,urban,Agent,monthly,1,64.8,72279.31,100000,866.47,216.62,2,3,0.0,0.0,0,0,0
P10017,2024-12-01,2019-01-01,active,Term Life,FL,urban,Agent,monthly,1,64.9,72279.31,100000,866.47,216.62,2,2,0.0,0.0,0,0,0
P10018,2023-01-01,2017-09-01,active,Term Life,FL,suburban,Direct,monthly,1,73.3,86978.9,100000,814.12,203.53,0,1,0.0,0.0,0,0,0
P10018,2023-02-01,2017-09-01,active,Term Life,FL,suburban,Direct,monthly,1,73.4,86978.9,100000,814.12,203.53,0,0,0.0,0.0,0,0,0
P10018,2023-03-01,2017-09-01,active,Term Life,FL,suburban,Direct,monthly,1,73.5,86978.9,100000,814.12,203.53,0,1,0.0,0.0,0,0,0
P10018,2023-04-01,2017-09-01,active,Term Life,FL,suburban,Direct,monthly,1,73.6,86978.9,100000,814.12,203.53,0,1,0.0,0.0,0,0,0
P10018,2023-05-01,2017-09-01,active,Term Life,FL,suburban,Direct,monthly,1,73.7,86978.9,100000,814.12,203.53,0,0,0.0,0.0,0,0,0
P10018,2023-06-01,2017-09-01,active,Term Life,FL,suburban,Direct,monthly,1,73.8,86978.9,100000,814.12,203.53,0,0,0.0,0.0,0,0,0
P10018,2023-07-01,2017-09-01,active,Term Life,FL,suburban,Direct,monthly,1,73.8,86978.9,100000,814.12,203.53,0,0,0.0,0.0,0,0,0
P10018,2023-08-01,2017-09-01,active,Term Life,FL,suburban,Direct,monthly,1,73.9,86978.9,100000,814.12,203.53,0,0,0.0,0.0,0,0,0
P10018,2023-09-01,2017-09-01,active,Term Life,FL,suburban,Direct,monthly,1,74.0,86978.9,100000,814.12,203.53,0,1,0.0,0.0,0,0,0
P10018,2023-10-01,2017-09-01,active,Term Life,FL,suburban,Direct,monthly,1,74.1,86978.9,100000,814.12,203.53,0,0,0.0,0.0,0,0,0
P10018,2023-11-01,2017-09-01,active,Term Life,FL,suburban,Direct,monthly,1,74.2,86978.9,100000,814.12,203.53,0,1,0.0,0.0,0,0,0
P10018,2023-12-01,2017-09-01,active,Term Life,FL,suburban,Direct,monthly,1,74.2,86978.9,100000,814.12,135.69,0,0,0.0,0.0,0,0,0
P10018,2024-01-01,2017-09-01,active,Term Life,FL,suburban,Direct,monthly,1,74.3,86978.9,100000,814.12,203.53,0,0,0.0,0.0,1,0,0
P10018,2024-02-01,2017-09-01,active,Term Life,FL,suburban,Direct,monthly,1,74.4,86978.9,100000,814.12,203.53,0,0,0.0,0.0,0,0,0
P10018,2024-03-01,2017-09-01,active,Term Life,FL,suburban,Direct,monthly,1,74.5,86978.9,100000,814.12,203.53,0,3,0.0,0.0,0,0,0
P10018,2024-04-01,2017-09-01,active,Term Life,FL,suburban,Direct,monthly,1,74.6,86978.9,100000,814.12,203.53,0,1,0.0,0.0,0,0,0
P10018,2024-05-01,2017-09-01,active,Term Life,FL,suburban,Direct,monthly,1,74.7,86978.9,100000,814.12,203.53,0,2,0.0,0.0,0,0,0
P10018,2024-06-01,2017-09-01,active,Term Life,FL,suburban,Direct,monthly,1,74.8,86978.9,100000,814.12,203.53,0,0,0.0,0.0,0,0,0
P10018,2024-07-01,2017-09-01,active,Term Life,FL,suburban,Direct,monthly,1,74.8,86978.9,100000,814.12,203.53,0,0,0.0,0.0,0,0,0
P10018,2024-08-01,2017-09-01,active,Term Life,FL,suburban,Direct,monthly,1,74.9,86978.9,100000,814.12,135.69,0,2,0.0,0.0,0,0,0
P10018,2024-09-01,2017-09-01,active,Term Life,FL,suburban,Direct,monthly,1,75.0,86978.9,100000,814.12,203.53,0,1,0.0,0.0,0,0,0
P10018,2024-10-01,2017-09-01,active,Term Life,FL,suburban,Direct,monthly,1,75.1,86978.9,100000,814.12,203.53,0,1,0.0,0.0,0,0,0
P10018,2024-11-01,2017-09-01,active,Term Life,FL,suburban,Direct,monthly,1,75.2,86978.9,100000,814.12,135.69,0,0,0.0,0.0,0,0,0
P10018,2024-12-01,2017-09-01,active,Term Life,FL,suburban,Direct,monthly,1,75.2,86978.9,100000,814.12,203.53,0,0,0.0,0.0,0,0,0
P10019,2023-01-01,2016-03-01,active,Term Life,PA,urban,Broker,annual,0,45.8,38298.99,750000,336.97,1010.92,0,1,0.0,0.0,0,0,0
P10019,2023-02-01,2016-03-01,active,Term Life,PA,urban,Broker,annual,0,45.9,38298.99,750000,336.97,1010.92,0,1,0.0,0.0,0,0,0
P10019,2023-03-01,2016-03-01,active,Term Life,PA,urban,Broker,annual,0,46.0,38298.99,750000,336.97,1010.92,0,4,0.0,0.0,0,0,0
P10019,2023-04-01,2016-03-01,active,Term Life,PA,urban,Broker,annual,0,46.1,38298.99,750000,336.97,673.95,0,2,0.0,0.0,0,0,0
P10019,2023-05-01,2016-03-01,active,Term Life,PA,urban,Broker,annual,0,46.2,38298.99,750000,336.97,1010.92,0,2,0.0,0.0,0,0,0
P10019,2023-06-01,2016-03-01,active,Term Life,PA,urban,Broker,annual,0,46.2,38298.99,750000,336.97,1010.92,0,1,0.0,0.0,0,0,0
P10019,2023-07-01,2016-03-01,active,Term Life,PA,urban,Broker,annual,0,46.3,38298.99,750000,336.97,1010.92,0,1,0.0,0.0,0,0,0
P10019,2023-08-01,2016-03-01,active,Term Life,PA,urban,Broker,annual,0,46.4,38298.99,750000,336.97,1010.92,0,2,0.0,0.0,0,0,0
P10019,2023-09-01,2016-03-01,active,Term Life,PA,urban,Broker,annual,0,46.5,38298.99,750000,336.97,1010.92,0,2,0.0,0.0,0,0,0
P10019,2023-10-01,2016-03-01,active,Term Life,PA,urban,Broker,annual,0,46.6,38298.99,750000,336.97,673.95,0,3,0.0,0.0,0,0,0
P10019,2023-11-01,2016-03-01,active,Term Life,PA,urban,Broker,annual,0,46.7,38298.99,750000,336.97,1010.92,1,1,0.0,0.0,0,0,0
P10019,2023-12-01,2016-03-01,active,Term Life,PA,urban,Broker,annual,0,46.8,38298.99,750000,336.97,1010.92,1,2,0.0,0.0,0,0,0
P10019,2024-01-01,2016-03-01,active,Term Life,PA,urban,Broker,annual,0,46.8,38298.99,750000,336.97,1010.92,1,3,0.0,0.0,0,0,0
P10019,2024-02-01,2016-03-01,active,Term Life,PA,urban,Broker,annual,0,46.9,38298.99,750000,336.97,1010.92,2,4,0.0,0.0,0,0,0
P10019,2024-03-01,2016-03-01,active,Term Life,PA,urban,Broker,annual,0,47.0,38298.99,750000,336.97,673.95,1,1,0.0,0.0,0,0,0
P10019,2024-04-01,2016-03-01,active,Term Life,PA,urban,Broker,annual,0,47.1,38298.99,750000,336.97,1010.92,1,1,0.0,0.0,0,0,0
P10019,2024-05-01,2016-03-01,active,Term Life,PA,urban,Broker,annual,0,47.2,38298.99,750000,336.97,1010.92,0,2,0.0,0.0,1,0,0
P10019,2024-06-01,2016-03-01,active,Term Life,PA,urban,Broker,annual,0,47.2,38298.99,750000,336.97,1010.92,0,1,0.0,0.0,0,0,0
P10019,2024-07-01,2016-03-01,active,Term Life,PA,urban,Broker,annual,0,47.3,38298.99,750000,336.97,1010.92,0,2,0.0,0.0,0,0,0
P10019,2024-08-01,2016-03-01,active,Term Life,PA,urban,Broker,annual,0,47.4,38298.99,750000,336.97,1010.92,0,3,0.0,0.0,0,0,0
P10019,2024-09-01,2016-03-01,active,Term Life,PA,urban,Broker,annual,0,47.5,38298.99,750000,336.97,673.95,0,1,0.0,0.0,0,0,0
P10019,2024-10-01,2016-03-01,active,Term Life,PA,urban,Broker,annual,0,47.6,38298.99,750000,336.97,1010.92,0,4,0.0,0.0,0,0,0
P10019,2024-11-01,2016-03-01,active,Term Life,PA,urban,Broker,annual,0,47.7,38298.99,750000,336.97,673.95,0,2,0.0,0.0,0,1,0
P10019,2024-12-01,2016-03-01,active,Term Life,PA,urban,Broker,annual,0,47.8,38298.99,750000,336.97,1010.92,0,2,0.0,0.0,0,0,0
P10020,2023-01-01,2018-11-01,active,Universal Life,NJ,urban,Agent,monthly,0,78.2,16916.4,250000,2336.49,584.12,0,1,1219.62,0.0,0,0,0
P10020,2023-02-01,2018-11-01,active,Universal Life,NJ,urban,Agent,monthly,0,78.2,16916.4,250000,2336.49,584.12,0,1,1447.45,0.0,0,0,0
P10020,2023-03-01,2018-11-01,active,Universal Life,NJ,urban,Agent,monthly,0,78.3,16916.4,250000,2336.49,584.12,0,2,1689.11,0.0,0,0,0
P10020,2023-04-01,2018-11-01,active,Universal Life,NJ,urban,Agent,monthly,0,78.4,16916.4,250000,2336.49,584.12,0,3,727.04,0.0,0,0,0
P10020,2023-05-01,2018-11-01,active,Universal Life,NJ,urban,Agent,monthly,0,78.5,16916.4,250000,2336.49,584.12,0,2,1545.73,0.0,0,0,0
P10020,2023-06-01,2018-11-01,active,Universal Life,NJ,urban,Agent,monthly,0,78.6,16916.4,250000,2336.49,584.12,0,1,668.27,0.0,0,0,0
P10020,2023-07-01,2018-11-01,active,Universal Life,NJ,urban,Agent,monthly,0,78.7,16916.4,250000,2336.49,584.12,0,1,1434.61,0.0,0,0,0
P10020,2023-08-01,2018-11-01,active,Universal Life,NJ,urban,Agent,monthly,0,78.8,16916.4,250000,2336.49,584.12,0,2,1947.23,0.0,0,0,0
P10020,2023-09-01,2018-11-01,active,Universal Life,NJ,urban,Agent,monthly,0,78.8,16916.4,250000,2336.49,584.12,0,2,1202.98,0.0,0,0,0
P10020,2023-10-01,2018-11-01,active,Universal Life,NJ,urban,Agent,monthly,0,78.9,16916.4,250000,2336.49,584.12,0,3,1400.14,0.0,0,0,0
P10020,2023-11-01,2018-11-01,active,Universal Life,NJ,urban,Agent,monthly,0,79.0,16916.4,250000,2336.49,584.12,0,3,819.08,0.0,0,0,0
P10020,2023-12-01,2018-11-01,active,Universal Life,NJ,urban,Agent,monthly,0,79.1,16916.4,250000,2336.49,584.12,0,1,1904.91,0.0,0,0,0
P10020,2024-01-01,2018-11-01,active,Universal Life,NJ,urban,Agent,monthly,0,79.2,16916.4,250000,2336.49,584.12,0,1,1914.57,0.0,0,0,0
P10020,2024-02-01,2018-11-01,active,Universal Life,NJ,urban,Agent,monthly,0,79.2,16916.4,250000,2336.49,584.12,0,1,1593.71,0.0,0,0,0
P10020,2024-03-01,2018-11-01,active,Universal Life,NJ,urban,Agent,monthly,0,79.3,16916.4,250000,2336.49,584.12,0,1,1165.83,0.0,0,0,0
P10020,2024-04-01,2018-11-01,active,Universal Life,NJ,urban,Agent,monthly,0,79.4,16916.4,250000,2336.49,584.12,1,1,1982.11,0.0,0,0,0
P10020,2024-05-01,2018-11-01,active,Universal Life,NJ,urban,Agent,monthly,0,79.5,16916.4,250000,2336.49,389.42,2,1,2085.23,0.0,0,0,0
P10020,2024-06-01,2018-11-01,active,Universal Life,NJ,urban,Agent,monthly,0,79.6,16916.4,250000,2336.49,584.12,2,1,1499.04,0.0,0,0,0
P10020,2024-07-01,2018-11-01,active,Universal Life,NJ,urban,Agent,monthly,0,79.7,16916.4,250000,2336.49,584.12,2,1,2353.33,0.0,0,0,0
P10020,2024-08-01,2018-11-01,active,Universal Life,NJ,urban,Agent,monthly,0,79.8,16916.4,250000,2336.49,584.12,3,1,968.22,0.0,0,0,0
P10020,2024-09-01,2018-11-01,active,Universal Life,NJ,urban,Agent,monthly,0,79.8,16916.4,250000,2336.49,584.12,4,2,1478.93,790.16,0,0,0
P10020,2024-10-01,2018-11-01,active,Universal Life,NJ,urban,Agent,monthly,0,79.9,16916.4,250000,2336.49,584.12,4,1,1269.41,0.0,0,0,0
P10020,2024-11-01,2018-11-01,active,Universal Life,NJ,urban,Agent,monthly,0,80.0,16916.4,250000,2336.49,584.12,4,3,1211.78,0.0,0,0,0
P10020,2024-12-01,2018-11-01,active,Universal Life,NJ,urban,Agent,monthly,0,80.1,16916.4,250000,2336.49,584.12,3,1,1442.73,0.0,0,0,0
P10021,2023-01-01,2018-04-01,active,Term Life,OH,rural,Direct,quarterly,1,41.8,45013.86,150000,289.78,217.34,0,0,0.0,0.0,0,0,0
P10021,2023-02-01,2018-04-01,active,Term Life,OH,rural,Direct,quarterly,1,41.8,45013.86,150000,289.78,217.34,1,0,0.0,0.0,0,0,0
P10021,2023-03-01,2018-04-01,active,Term Life,OH,rural,Direct,quarterly,1,41.9,45013.86,150000,289.78,217.34,1,2,0.0,0.0,0,0,0
P10021,2023-04-01,2018-04-01,active,Term Life,OH,rural,Direct,quarterly,1,42.0,45013.86,150000,289.78,217.34,1,2,0.0,0.0,0,0,0
P10021,2023-05-01,2018-04-01,active,Term Life,OH,rural,Direct,quarterly,1,42.1,45013.86,150000,289.78,217.34,1,1,0.0,0.0,0,0,0
P10021,2023-06-01,2018-04-01,active,Term Life,OH,rural,Direct,quarterly,1,42.2,45013.86,150000,289.78,217.34,1,2,0.0,0.0,1,0,0
P10021,2023-07-01,2018-04-01,active,Term Life,OH,rural,Direct,quarterly,1,42.2,45013.86,150000,289.78,217.34,0,1,0.0,0.0,0,0,0
P10021,2023-08-01,2018-04-01,active,Term Life,OH,rural,Direct,quarterly,1,42.3,45013.86,150000,289.78,217.34,0,0,0.0,0.0,0,0,0
P10021,2023-09-01,2018-04-01,active,Term Life,OH,rural,Direct,quarterly,1,42.4,45013.86,150000,289.78,217.34,0,0,0.0,0.0,0,0,0
P10021,2023-10-01,2018-04-01,active,Term Life,OH,rural,Direct,quarterly,1,42.5,45013.86,150000,289.78,217.34,0,1,0.0,0.0,0,0,0
P10021,2023-11-01,2018-04-01,active,Term Life,OH,rural,Direct,quarterly,1,42.6,45013.86,150000,289.78,217.34,0,1,0.0,0.0,0,0,0
P10021,2023-12-01,2018-04-01,active,Term Life,OH,rural,Direct,quarterly,1,42.7,45013.86,150000,289.78,217.34,0,0,0.0,0.0,0,0,0
P10021,2024-01-01,2018-04-01,active,Term Life,OH,rural,Direct,quarterly,1,42.8,45013.86,150000,289.78,144.89,0,0,0.0,0.0,0,0,0
P10021,2024-02-01,2018-04-01,active,Term Life,OH,rural,Direct,quarterly,1,42.8,45013.86,150000,289.78,217.34,0,1,0.0,0.0,1,0,0
P10021,2024-03-01,2018-04-01,active,Term Life,OH,rural,Direct,quarterly,1,42.9,45013.86,150000,289.78,217.34,0,0,0.0,0.0,0,0,0
P10021,2024-04-01,2018-04-01,active,Term Life,OH,rural,Direct,quarterly,1,43.0,45013.86,150000,289.78,217.34,0,0,0.0,0.0,0,0,0
P10021,2024-05-01,2018-04-01,active,Term Life,OH,rural,Direct,quarterly,1,43.1,45013.86,150000,289.78,144.89,0,0,0.0,0.0,0,1,0
P10021,2024-06-01,2018-04-01,active,Term Life,OH,rural,Direct,quarterly,1,43.2,45013.86,150000,289.78,217.34,0,0,0.0,0.0,0,0,0
P10021,2024-07-01,2018-04-01,active,Term Life,OH,rural,Direct,quarterly,1,43.2,45013.86,150000,289.78,217.34,0,0,0.0,0.0,0,0,0
P10021,2024-08-01,2018-04-01,active,Term Life,OH,rural,Direct,quarterly,1,43.3,45013.86,150000,289.78,217.34,0,1,0.0,0.0,0,0,0
P10021,2024-09-01,2018-04-01,active,Term Life,OH,rural,Direct,quarterly,1,43.4,45013.86,150000,289.78,144.89,0,1,0.0,0.0,0,0,0
P10021,2024-10-01,2018-04-01,active,Term Life,OH,rural,Direct,quarterly,1,43.5,45013.86,150000,289.78,144.89,0,0,0.0,0.0,0,1,0
P10021,2024-11-01,2018-04-01,active,Term Life,OH,rural,Direct,quarterly,1,43.6,45013.86,150000,289.78,217.34,0,0,0.0,0.0,0,0,0
P10021,2024-12-01,2018-04-01,active,Term Life,OH,rural,Direct,quarterly,1,43.7,45013.86,150000,289.78,217.34,0,1,0.0,0.0,0,0,0
P10022,2023-01-01,2020-09-01,active,Universal Life,PA,urban,Bank,monthly,0,28.3,66056.16,250000,1010.0,252.5,0,3,189.24,99.66,0,0,0
P10022,2023-02-01,2020-09-01,active,Universal Life,PA,urban,Bank,monthly,0,28.4,66056.16,250000,1010.0,252.5,1,2,255.11,0.0,0,0,0
P10022,2023-03-01,2020-09-01,active,Universal Life,PA,urban,Bank,monthly,0,28.5,66056.16,250000,1010.0,252.5,1,3,255.15,0.0,0,0,0
P10022,2023-04-01,2020-09-01,active,Universal Life,PA,urban,Bank,monthly,0,28.6,66056.16,250000,1010.0,252.5,0,4,335.39,0.0,0,0,0
P10022,2023-05-01,2020-09-01,active,Universal Life,PA,urban,Bank,monthly,0,28.7,66056.16,250000,1010.0,252.5,0,2,240.46,139.24,0,1,0
P10022,2023-06-01,2020-09-01,active,Universal Life,PA,urban,Bank,monthly,0,28.8,66056.16,250000,1010.0,252.5,0,2,395.88,0.0,0,0,0
P10022,2023-07-01,2020-09-01,active,Universal Life,PA,urban,Bank,monthly,0,28.8,66056.16,250000,1010.0,252.5,0,2,237.72,0.0,0,1,0
P10022,2023-08-01,2020-09-01,active,Universal Life,PA,urban,Bank,monthly,0,28.9,66056.16,250000,1010.0,252.5,0,3,391.44,0.0,0,0,0
P10022,2023-09-01,2020-09-01,active,Universal Life,PA,urban,Bank,monthly,0,29.0,66056.16,250000,1010.0,252.5,0,2,260.92,0.0,0,0,0
P10022,2023-10-01,2020-09-01,active,Universal Life,PA,urban,Bank,monthly,0,29.1,66056.16,250000,1010.0,252.5,0,2,276.07,0.0,0,0,0
P10022,2023-11-01,2020-09-01,active,Universal Life,PA,urban,Bank,monthly,0,29.2,66056.16,250000,1010.0,168.33,0,3,284.65,0.0,0,0,0
P10022,2023-12-01,2020-09-01,active,Universal Life,PA,urban,Bank,monthly,0,29.2,66056.16,250000,1010.0,252.5,0,2,220.94,0.0,0,0,0
P10022,2024-01-01,2020-09-01,active,Universal Life,PA,urban,Bank,monthly,0,29.3,66056.16,250000,1010.0,252.5,0,2,382.32,0.0,0,0,0
P10022,2024-02-01,2020-09-01,active,Universal Life,PA,urban,Bank,monthly,0,29.4,66056.16,250000,1010.0,168.33,0,4,442.37,0.0,0,0,0
P10022,2024-03-01,2020-09-01,active,Universal Life,PA,urban,Bank,monthly,0,29.5,66056.16,250000,1010.0,252.5,0,2,343.7,0.0,0,0,0
P10022,2024-04-01,2020-09-01,active,Universal Life,PA,urban,Bank,monthly,0,29.6,66056.16,250000,1010.0,168.33,1,2,263.28,0.0,0,0,0
P10022,2024-05-01,2020-09-01,active,Universal Life,PA,urban,Bank,monthly,0,29.7,66056.16,250000,1010.0,252.5,1,2,457.16,0.0,0,0,0
P10022,2024-06-01,2020-09-01,active,Universal Life,PA,urban,Bank,monthly,0,29.8,66056.16,250000,1010.0,252.5,1,3,301.5,0.0,0,0,0
P10022,2024-07-01,2020-09-01,active,Universal Life,PA,urban,Bank,monthly,0,29.8,66056.16,250000,1010.0,168.33,1,2,267.27,0.0,0,0,0
P10022,2024-08-01,2020-09-01,active,Universal Life,PA,urban,Bank,monthly,0,29.9,66056.16,250000,1010.0,168.33,0,3,574.55,0.0,1,0,0
P10022,2024-09-01,2020-09-01,active,Universal Life,PA,urban,Bank,monthly,0,30.0,66056.16,250000,1010.0,252.5,1,3,580.16,0.0,0,0,0
P10022,2024-10-01,2020-09-01,active,Universal Life,PA,urban,Bank,monthly,0,30.1,66056.16,250000,1010.0,252.5,1,2,733.68,0.0,0,0,0
P10022,2024-11-01,2020-09-01,active,Universal Life,PA,urban,Bank,monthly,0,30.2,66056.16,250000,1010.0,252.5,1,3,489.36,205.8,1,0,0
P10022,2024-12-01,2020-09-01,active,Universal Life,PA,urban,Bank,monthly,0,30.2,66056.16,250000,1010.0,252.5,1,2,598.67,0.0,0,0,0
P10023,2023-01-01,2017-01-01,active,Indexed Universal Life,AZ,suburban,Broker,annual,1,33.0,76061.42,750000,343.42,686.83,0,1,3476.45,0.0,0,0,0
P10023,2023-02-01,2017-01-01,active,Indexed Universal Life,AZ,suburban,Broker,annual,1,33.1,76061.42,750000,343.42,1030.25,0,2,3256.61,0.0,0,0,0
P10023,2023-03-01,2017-01-01,active,Indexed Universal Life,AZ,suburban,Broker,annual,1,33.2,76061.42,750000,343.42,1030.25,0,1,1858.66,0.0,1,1,0
P10023,2023-04-01,2017-01-01,active,Indexed Universal Life,AZ,suburban,Broker,annual,1,33.2,76061.42,750000,343.42,1030.25,0,1,3757.18,0.0,0,0,0
P10023,2023-05-01,2017-01-01,active,Indexed Universal Life,AZ,suburban,Broker,annual,1,33.3,76061.42,750000,343.42,1030.25,0,1,3172.16,0.0,0,0,0
P10023,2023-06-01,2017-01-01,active,Indexed Universal Life,AZ,suburban,Broker,annual,1,33.4,76061.42,750000,343.42,1030.25,0,1,3164.37,791.0,0,0,0
P10023,2023-07-01,2017-01-01,active,Indexed Universal Life,AZ,suburban,Broker,annual,1,33.5,76061.42,750000,343.42,1030.25,0,1,2307.05,0.0,0,1,0
P10023,2023-08-01,2017-01-01,active,Indexed Universal Life,AZ,suburban,Broker,annual,1,33.6,76061.42,750000,343.42,1030.25,0,2,2452.69,0.0,0,0,0
P10023,2023-09-01,2017-01-01,active,Indexed Universal Life,AZ,suburban,Broker,annual,1,33.7,76061.42,750000,343.42,1030.25,0,1,4635.75,0.0,0,0,0
P10023,2023-10-01,2017-01-01,active,Indexed Universal Life,AZ,suburban,Broker,annual,1,33.8,76061.42,750000,343.42,686.83,0,2,2413.67,0.0,0,0,0
P10023,2023-11-01,2017-01-01,active,Indexed Universal Life,AZ,suburban,Broker,annual,1,33.8,76061.42,750000,343.42,1030.25,0,3,3424.03,0.0,0,0,0
P10023,2023-12-01,2017-01-01,active,Indexed Universal Life,AZ,suburban,Broker,annual,1,33.9,76061.42,750000,343.42,1030.25,0,1,2494.84,0.0,0,0,0
P10023,2024-01-01,2017-01-01,active,Indexed Universal Life,AZ,suburban,Broker,annual,1,34.0,76061.42,750000,343.42,1030.25,0,2,2913.83,0.0,0,0,0
P10023,2024-02-01,2017-01-01,active,Indexed Universal Life,AZ,suburban,Broker,annual,1,34.1,76061.42,750000,343.42,1030.25,0,1,4613.62,0.0,0,0,0
P10023,2024-03-01,2017-01-01,active,Indexed Universal Life,AZ,suburban,Broker,annual,1,34.2,76061.42,750000,343.42,1030.25,0,1,2620.23,0.0,0,0,0
P10023,2024-04-01,2017-01-01,active,Indexed Universal Life,AZ,suburban,Broker,annual,1,34.2,76061.42,750000,343.42,1030.25,0,5,4232.62,0.0,0,0,0
P10023,2024-05-01,2017-01-01,active,Indexed Universal Life,AZ,suburban,Broker,annual,1,34.3,76061.42,750000,343.42,686.83,0,1,4734.35,0.0,0,0,0
P10023,2024-06-01,2017-01-01,active,Indexed Universal Life,AZ,suburban,Broker,annual,1,34.4,76061.42,750000,343.42,1030.25,1,2,2060.37,0.0,0,0,0
P10023,2024-07-01,2017-01-01,active,Indexed Universal Life,AZ,suburban,Broker,annual,1,34.5,76061.42,750000,343.42,1030.25,1,1,4483.92,0.0,0,0,0
P10023,2024-08-01,2017-01-01,active,Indexed Universal Life,AZ,suburban,Broker,annual,1,34.6,76061.42,750000,343.42,1030.25,1,2,3022.19,0.0,0,0,0
P10023,2024-09-01,2017-01-01,active,Indexed Universal Life,AZ,suburban,Broker,annual,1,34.7,76061.42,750000,343.42,1030.25,1,1,2026.09,0.0,0,0,0
P10023,2024-10-01,2017-01-01,active,Indexed Universal Life,AZ,suburban,Broker,annual,1,34.8,76061.42,750000,343.42,1030.25,0,1,2508.07,0.0,0,0,0
P10023,2024-11-01,2017-01-01,active,Indexed Universal Life,AZ,suburban,Broker,annual,1,34.8,76061.42,750000,343.42,1030.25,0,1,5652.11,0.0,0,0,0
P10023,2024-12-01,2017-01-01,active,Indexed Universal Life,AZ,suburban,Broker,annual,1,34.9,76061.42,750000,343.42,686.83,0,1,4013.42,0.0,0,0,0
P10024,2023-01-01,2015-04-01,active,Universal Life,NY,urban,Agent,monthly,0,54.8,31719.95,250000,1885.86,471.47,0,3,2623.14,0.0,0,0,0
P10024,2023-02-01,2015-04-01,active,Universal Life,NY,urban,Agent,monthly,0,54.8,31719.95,250000,1885.86,471.47,0,2,1322.12,0.0,0,0,0
P10024,2023-03-01,2015-04-01,active,Universal Life,NY,urban,Agent,monthly,0,54.9,31719.95,250000,1885.86,471.47,0,1,1696.39,0.0,0,0,0
P10024,2023-04-01,2015-04-01,active,Universal Life,NY,urban,Agent,monthly,0,55.0,31719.95,250000,1885.86,471.47,0,1,2687.71,0.0,1,0,0
P10024,2023-05-01,2015-04-01,active,Universal Life,NY,urban,Agent,monthly,0,55.1,31719.95,250000,1885.86,471.47,0,1,2335.67,0.0,0,0,0
P10024,2023-06-01,2015-04-01,active,Universal Life,NY,urban,Agent,monthly,0,55.2,31719.95,250000,1885.86,314.31,0,1,2189.54,0.0,0,0,0
P10024,2023-07-01,2015-04-01,active,Universal Life,NY,urban,Agent,monthly,0,55.2,31719.95,250000,1885.86,314.31,1,1,1565.49,0.0,0,0,0
P10024,2023-08-01,2015-04-01,active,Universal Life,NY,urban,Agent,monthly,0,55.3,31719.95,250000,1885.86,471.47,1,1,1525.51,0.0,1,0,0
P10024,2023-09-01,2015-04-01,active,Universal Life,NY,urban,Agent,monthly,0,55.4,31719.95,250000,1885.86,314.31,0,2,2681.39,0.0,0,0,0
P10024,2023-10-01,2015-04-01,active,Universal Life,NY,urban,Agent,monthly,0,55.5,31719.95,250000,1885.86,471.47,1,1,1250.15,0.0,1,0,0
P10024,2023-11-01,2015-04-01,active,Universal Life,NY,urban,Agent,monthly,0,55.6,31719.95,250000,1885.86,471.47,1,2,2782.09,0.0,0,0,0
P10024,2023-12-01,2015-04-01,active,Universal Life,NY,urban,Agent,monthly,0,55.7,31719.95,250000,1885.86,471.47,1,3,1932.45,0.0,1,0,0
P10024,2024-01-01,2015-04-01,active,Universal Life,NY,urban,Agent,monthly,0,55.8,31719.95,250000,1885.86,471.47,1,1,2581.51,0.0,0,0,0
P10024,2024-02-01,2015-04-01,active,Universal Life,NY,urban,Agent,monthly,0,55.8,31719.95,250000,1885.86,471.47,1,1,1835.06,0.0,0,0,0
P10024,2024-03-01,2015-04-01,active,Universal Life,NY,urban,Agent,monthly,0,55.9,31719.95,250000,1885.86,471.47,1,2,2266.35,0.0,0,0,0
P10024,2024-04-01,2015-04-01,active,Universal Life,NY,urban,Agent,monthly,0,56.0,31719.95,250000,1885.86,471.47,2,2,1277.25,0.0,0,0,0
P10024,2024-05-01,2015-04-01,active,Universal Life,NY,urban,Agent,monthly,0,56.1,31719.95,250000,1885.86,314.31,1,1,2128.95,0.0,0,0,0
P10024,2024-06-01,2015-04-01,active,Universal Life,NY,urban,Agent,monthly,0,56.2,31719.95,250000,1885.86,314.31,1,1,2057.7,0.0,0,0,0
P10024,2024-07-01,2015-04-01,active,Universal Life,NY,urban,Agent,monthly,0,56.2,31719.95,250000,1885.86,471.47,2,1,1400.13,0.0,0,0,0
P10024,2024-08-01,2015-04-01,active,Universal Life,NY,urban,Agent,monthly,0,56.3,31719.95,250000,1885.86,471.47,1,2,1853.1,0.0,0,0,0
P10024,2024-09-01,2015-04-01,active,Universal Life,NY,urban,Agent,monthly,0,56.4,31719.95,250000,1885.86,471.47,1,2,2266.85,0.0,0,0,0
P10024,2024-10-01,2015-04-01,active,Universal Life,NY,urban,Agent,monthly,0,56.5,31719.95,250000,1885.86,471.47,0,1,1347.2,0.0,1,1,0
P10024,2024-11-01,2015-04-01,active,Universal Life,NY,urban,Agent,monthly,0,56.6,31719.95,250000,1885.86,471.47,1,1,1669.37,0.0,0,0,0
P10024,2024-12-01,2015-04-01,active,Universal Life,NY,urban,Agent,monthly,0,56.7,31719.95,250000,1885.86,471.47,0,1,2848.85,0.0,0,0,0
P10025,2023-01-01,2020-07-01,active,Term Life,FL,urban,Agent,annual,0,55.5,47527.0,250000,135.48,406.44,1,2,0.0,0.0,0,0,0
P10025,2023-02-01,2020-07-01,active,Term Life,FL,urban,Agent,annual,0,55.6,47527.0,250000,135.48,406.44,1,1,0.0,0.0,0,0,0
P10025,2023-03-01,2020-07-01,active,Term Life,FL,urban,Agent,annual,0,55.7,47527.0,250000,135.48,406.44,0,1,0.0,0.0,0,0,0
P10025,2023-04-01,2020-07-01,active,Term Life,FL,urban,Agent,annual,0,55.8,47527.0,250000,135.48,406.44,0,1,0.0,0.0,0,0,0
P10025,2023-05-01,2020-07-01,active,Term Life,FL,urban,Agent,annual,0,55.8,47527.0,250000,135.48,406.44,0,2,0.0,0.0,0,0,0
P10025,2023-06-01,2020-07-01,active,Term Life,FL,urban,Agent,annual,0,55.9,47527.0,250000,135.48,406.44,0,2,0.0,0.0,0,0,0
P10025,2023-07-01,2020-07-01,active,Term Life,FL,urban,Agent,annual,0,56.0,47527.0,250000,135.48,406.44,0,3,0.0,0.0,0,0,0
P10025,2023-08-01,2020-07-01,active,Term Life,FL,urban,Agent,annual,0,56.1,47527.0,250000,135.48,406.44,0,2,0.0,0.0,0,0,0
P10025,2023-09-01,2020-07-01,active,Term Life,FL,urban,Agent,annual,0,56.2,47527.0,250000,135.48,406.44,1,1,0.0,0.0,0,0,0
P10025,2023-10-01,2020-07-01,active,Term Life,FL,urban,Agent,annual,0,56.2,47527.0,250000,135.48,406.44,1,2,0.0,0.0,0,0,0
P10025,2023-11-01,2020-07-01,active,Term Life,FL,urban,Agent,annual,0,56.3,47527.0,250000,135.48,406.44,1,1,0.0,0.0,0,0,0
P10025,2023-12-01,2020-07-01,active,Term Life,FL,urban,Agent,annual,0,56.4,47527.0,250000,135.48,406.44,2,3,0.0,0.0,0,0,0
P10025,2024-01-01,2020-07-01,active,Term Life,FL,urban,Agent,annual,0,56.5,47527.0,250000,135.48,270.96,2,3,0.0,0.0,0,0,0
P10025,2024-02-01,2020-07-01,active,Term Life,FL,urban,Agent,annual,0,56.6,47527.0,250000,135.48,406.44,2,2,0.0,0.0,0,0,0
P10025,2024-03-01,2020-07-01,active,Term Life,FL,urban,Agent,annual,0,56.7,47527.0,250000,135.48,406.44,2,2,0.0,0.0,0,0,0
P10025,2024-04-01,2020-07-01,active,Term Life,FL,urban,Agent,annual,0,56.8,47527.0,250000,135.48,406.44,3,2,0.0,0.0,1,0,0
P10025,2024-05-01,2020-07-01,active,Term Life,FL,urban,Agent,annual,0,56.8,47527.0,250000,135.48,406.44,3,1,0.0,0.0,0,0,0
P10025,2024-06-01,2020-07-01,active,Term Life,FL,urban,Agent,annual,0,56.9,47527.0,250000,135.48,406.44,3,1,0.0,0.0,0,0,0
P10025,2024-07-01,2020-07-01,active,Term Life,FL,urban,Agent,annual,0,57.0,47527.0,250000,135.48,270.96,3,2,0.0,0.0,1,0,0
P10025,2024-08-01,2020-07-01,active,Term Life,FL,urban,Agent,annual,0,57.1,47527.0,250000,135.48,406.44,2,3,0.0,0.0,0,0,0
P10025,2024-09-01,2020-07-01,active,Term Life,FL,urban,Agent,annual,0,57.2,47527.0,250000,135.48,406.44,2,2,0.0,0.0,0,0,0
P10025,2024-10-01,2020-07-01,active,Term Life,FL,urban,Agent,annual,0,57.2,47527.0,250000,135.48,406.44,1,2,0.0,0.0,0,0,0
P10025,2024-11-01,2020-07-01,active,Term Life,FL,urban,Agent,annual,0,57.3,47527.0,250000,135.48,270.96,1,1,0.0,0.0,0,0,0
P10025,2024-12-01,2020-07-01,active,Term Life,FL,urban,Agent,annual,0,57.4,47527.0,250000,135.48,406.44,1,2,0.0,0.0,0,0,0
P10026,2023-01-01,2018-01-01,active,Term Life,OH,urban,Direct,quarterly,0,54.0,71108.21,250000,657.43,493.07,0,1,0.0,0.0,0,0,0
P10026,2023-02-01,2018-01-01,active,Term Life,OH,urban,Direct,quarterly,0,54.1,71108.21,250000,657.43,328.71,0,1,0.0,0.0,0,0,0
P10026,2023-03-01,2018-01-01,active,Term Life,OH,urban,Direct,quarterly,0,54.2,71108.21,250000,657.43,328.71,0,1,0.0,0.0,0,0,0
P10026,2023-04-01,2018-01-01,active,Term Life,OH,urban,Direct,quarterly,0,54.2,71108.21,250000,657.43,328.71,0,2,0.0,0.0,0,0,0
P10026,2023-05-01,2018-01-01,active,Term Life,OH,urban,Direct,quarterly,0,54.3,71108.21,250000,657.43,493.07,0,0,0.0,0.0,0,0,0
P10026,2023-06-01,2018-01-01,active,Term Life,OH,urban,Direct,quarterly,0,54.4,71108.21,250000,657.43,493.07,0,2,0.0,0.0,0,0,0
P10026,2023-07-01,2018-01-01,active,Term Life,OH,urban,Direct,quarterly,0,54.5,71108.21,250000,657.43,493.07,0,0,0.0,0.0,0,0,0
P10026,2023-08-01,2018-01-01,active,Term Life,OH,urban,Direct,quarterly,0,54.6,71108.21,250000,657.43,493.07,1,1,0.0,0.0,1,0,0
P10026,2023-09-01,2018-01-01,active,Term Life,OH,urban,Direct,quarterly,0,54.7,71108.21,250000,657.43,493.07,1,1,0.0,0.0,0,0,0
P10026,2023-10-01,2018-01-01,active,Term Life,OH,urban,Direct,quarterly,0,54.8,71108.21,250000,657.43,493.07,0,2,0.0,0.0,0,0,0
P10026,2023-11-01,2018-01-01,active,Term Life,OH,urban,Direct,quarterly,0,54.8,71108.21,250000,657.43,493.07,0,0,0.0,0.0,0,0,0
P10026,2023-12-01,2018-01-01,active,Term Life,OH,urban,Direct,quarterly,0,54.9,71108.21,250000,657.43,493.07,0,0,0.0,0.0,0,0,0
P10026,2024-01-01,2018-01-01,active,Term Life,OH,urban,Direct,quarterly,0,55.0,71108.21,250000,657.43,493.07,0,1,0.0,0.0,0,0,0
P10026,2024-02-01,2018-01-01,active,Term Life,OH,urban,Direct,quarterly,0,55.1,71108.21,250000,657.43,493.07,1,0,0.0,0.0,0,0,0
P10026,2024-03-01,2018-01-01,active,Term Life,OH,urban,Direct,quarterly,0,55.2,71108.21,250000,657.43,493.07,1,0,0.0,0.0,0,0,0
P10026,2024-04-01,2018-01-01,active,Term Life,OH,urban,Direct,quarterly,0,55.2,71108.21,250000,657.43,493.07,2,1,0.0,0.0,0,0,0
P10026,2024-05-01,2018-01-01,active,Term Life,OH,urban,Direct,quarterly,0,55.3,71108.21,250000,657.43,493.07,1,0,0.0,0.0,0,0,0
P10026,2024-06-01,2018-01-01,active,Term Life,OH,urban,Direct,quarterly,0,55.4,71108.21,250000,657.43,493.07,1,1,0.0,0.0,0,0,0
P10026,2024-07-01,2018-01-01,active,Term Life,OH,urban,Direct,quarterly,0,55.5,71108.21,250000,657.43,493.07,0,0,0.0,0.0,0,0,0
P10026,2024-08-01,2018-01-01,active,Term Life,OH,urban,Direct,quarterly,0,55.6,71108.21,250000,657.43,493.07,0,0,0.0,0.0,0,0,0
P10026,2024-09-01,2018-01-01,active,Term Life,OH,urban,Direct,quarterly,0,55.7,71108.21,250000,657.43,328.71,0,3,0.0,0.0,0,0,0
P10026,2024-10-01,2018-01-01,active,Term Life,OH,urban,Direct,quarterly,0,55.8,71108.21,250000,657.43,493.07,0,1,0.0,0.0,0,0,0
P10026,2024-11-01,2018-01-01,active,Term Life,OH,urban,Direct,quarterly,0,55.8,71108.21,250000,657.43,493.07,1,0,0.0,0.0,0,0,0
P10026,2024-12-01,2018-01-01,active,Term Life,OH,urban,Direct,quarterly,0,55.9,71108.21,250000,657.43,493.07,0,2,0.0,0.0,0,0,0
P10027,2023-01-01,2022-05-01,active,Term Life,GA,urban,Agent,monthly,0,26.7,159587.85,150000,765.61,127.6,1,2,0.0,0.0,0,0,0
P10027,2023-02-01,2022-05-01,active,Term Life,GA,urban,Agent,monthly,0,26.8,159587.85,150000,765.61,191.4,1,3,0.0,0.0,0,0,0
P10027,2023-03-01,2022-05-01,active,Term Life,GA,urban,Agent,monthly,0,26.8,159587.85,150000,765.61,191.4,1,2,0.0,0.0,0,0,0
P10027,2023-04-01,2022-05-01,active,Term Life,GA,urban,Agent,monthly,0,26.9,159587.85,150000,765.61,191.4,1,3,0.0,0.0,0,0,0
P10027,2023-05-01,2022-05-01,active,Term Life,GA,urban,Agent,monthly,0,27.0,159587.85,150000,765.61,191.4,0,4,0.0,0.0,0,0,0
P10027,2023-06-01,2022-05-01,active,Term Life,GA,urban,Agent,monthly,0,27.1,159587.85,150000,765.61,127.6,1,3,0.0,0.0,0,0,0
P10027,2023-07-01,2022-05-01,active,Term Life,GA,urban,Agent,monthly,0,27.2,159587.85,150000,765.61,191.4,1,2,0.0,0.0,0,0,0
P10027,2023-08-01,2022-05-01,active,Term Life,GA,urban,Agent,monthly,0,27.2,159587.85,150000,765.61,191.4,1,3,0.0,0.0,0,0,0
P10027,2023-09-01,2022-05-01,active,Term Life,GA,urban,Agent,monthly,0,27.3,159587.85,150000,765.61,127.6,1,4,0.0,0.0,0,0,0
P10027,2023-10-01,2022-05-01,active,Term Life,GA,urban,Agent,monthly,0,27.4,159587.85,150000,765.61,191.4,1,2,0.0,0.0,0,0,0
P10027,2023-11-01,2022-05-01,active,Term Life,GA,urban,Agent,monthly,0,27.5,159587.85,150000,765.61,191.4,1,3,0.0,0.0,0,0,0
P10027,2023-12-01,2022-05-01,active,Term Life,GA,urban,Agent,monthly,0,27.6,159587.85,150000,765.61,191.4,1,2,0.0,0.0,0,0,0
P10027,2024-01-01,2022-05-01,active,Term Life,GA,urban,Agent,monthly,0,27.7,159587.85,150000,765.61,191.4,0,2,0.0,0.0,0,0,0
P10027,2024-02-01,2022-05-01,active,Term Life,GA,urban,Agent,monthly,0,27.8,159587.85,150000,765.61,127.6,0,2,0.0,0.0,0,0,0
P10027,2024-03-01,2022-05-01,active,Term Life,GA,urban,Agent,monthly,0,27.8,159587.85,150000,765.61,191.4,1,2,0.0,0.0,0,0,0
P10027,2024-04-01,2022-05-01,active,Term Life,GA,urban,Agent,monthly,0,27.9,159587.85,150000,765.61,191.4,1,2,0.0,0.0,0,0,0
P10027,2024-05-01,2022-05-01,active,Term Life,GA,urban,Agent,monthly,0,28.0,159587.85,150000,765.61,191.4,0,2,0.0,0.0,0,0,0
P10027,2024-06-01,2022-05-01,active,Term Life,GA,urban,Agent,monthly,0,28.1,159587.85,150000,765.61,191.4,0,2,0.0,0.0,0,0,0
P10027,2024-07-01,2022-05-01,active,Term Life,GA,urban,Agent,monthly,0,28.2,159587.85,150000,765.61,191.4,0,3,0.0,0.0,0,0,0
P10027,2024-08-01,2022-05-01,active,Term Life,GA,urban,Agent,monthly,0,28.2,159587.85,150000,765.61,191.4,0,3,0.0,0.0,0,0,0
P10027,2024-09-01,2022-05-01,active,Term Life,GA,urban,Agent,monthly,0,28.3,159587.85,150000,765.61,191.4,0,3,0.0,0.0,0,0,0
P10027,2024-10-01,2022-05-01,active,Term Life,GA,urban,Agent,monthly,0,28.4,159587.85,150000,765.61,191.4,0,2,0.0,0.0,0,0,0
P10027,2024-11-01,2022-05-01,active,Term Life,GA,urban,Agent,monthly,0,28.5,159587.85,150000,765.61,191.4,0,2,0.0,0.0,0,0,0
P10027,2024-12-01,2022-05-01,active,Term Life,GA,urban,Agent,monthly,0,28.6,159587.85,150000,765.61,127.6,0,2,0.0,0.0,0,0,0
P10028,2023-01-01,2017-01-01,active,Term Life,NY,rural,Agent,monthly,1,69.0,51543.14,500000,1342.64,335.66,0,1,0.0,0.0,0,0,0
P10028,2023-02-01,2017-01-01,active,Term Life,NY,rural,Agent,monthly,1,69.1,51543.14,500000,1342.64,335.66,0,2,0.0,0.0,0,1,0
P10028,2023-03-01,2017-01-01,active,Term Life,NY,rural,Agent,monthly,1,69.2,51543.14,500000,1342.64,335.66,0,1,0.0,0.0,1,0,0
P10028,2023-04-01,2017-01-01,active,Term Life,NY,rural,Agent,monthly,1,69.2,51543.14,500000,1342.64,335.66,0,2,0.0,0.0,0,1,0
P10028,2023-05-01,2017-01-01,active,Term Life,NY,rural,Agent,monthly,1,69.3,51543.14,500000,1342.64,335.66,0,1,0.0,0.0,0,0,0
P10028,2023-06-01,2017-01-01,active,Term Life,NY,rural,Agent,monthly,1,69.4,51543.14,500000,1342.64,335.66,0,1,0.0,0.0,0,0,0
P10028,2023-07-01,2017-01-01,active,Term Life,NY,rural,Agent,monthly,1,69.5,51543.14,500000,1342.64,335.66,0,2,0.0,0.0,0,0,0
P10028,2023-08-01,2017-01-01,active,Term Life,NY,rural,Agent,monthly,1,69.6,51543.14,500000,1342.64,223.77,0,1,0.0,0.0,0,0,0
P10028,2023-09-01,2017-01-01,active,Term Life,NY,rural,Agent,monthly,1,69.7,51543.14,500000,1342.64,335.66,0,1,0.0,0.0,0,0,0
P10028,2023-10-01,2017-01-01,active,Term Life,NY,rural,Agent,monthly,1,69.8,51543.14,500000,1342.64,335.66,0,5,0.0,0.0,0,0,0
P10028,2023-11-01,2017-01-01,active,Term Life,NY,rural,Agent,monthly,1,69.8,51543.14,500000,1342.64,335.66,0,1,0.0,0.0,0,0,0
P10028,2023-12-01,2017-01-01,active,Term Life,NY,rural,Agent,monthly,1,69.9,51543.14,500000,1342.64,335.66,0,3,0.0,0.0,0,0,0
P10028,2024-01-01,2017-01-01,active,Term Life,NY,rural,Agent,monthly,1,70.0,51543.14,500000,1342.64,335.66,1,1,0.0,0.0,0,0,0
P10028,2024-02-01,2017-01-01,active,Term Life,NY,rural,Agent,monthly,1,70.1,51543.14,500000,1342.64,335.66,1,1,0.0,0.0,0,0,0
P10028,2024-03-01,2017-01-01,active,Term Life,NY,rural,Agent,monthly,1,70.2,51543.14,500000,1342.64,335.66,1,2,0.0,0.0,0,0,0
P10028,2024-04-01,2017-01-01,active,Term Life,NY,rural,Agent,monthly,1,70.2,51543.14,500000,1342.64,335.66,1,2,0.0,0.0,0,0,0
P10028,2024-05-01,2017-01-01,active,Term Life,NY,rural,Agent,monthly,1,70.3,51543.14,500000,1342.64,223.77,1,3,0.0,0.0,0,0,0
P10028,2024-06-01,2017-01-01,active,Term Life,NY,rural,Agent,monthly,1,70.4,51543.14,500000,1342.64,335.66,1,1,0.0,0.0,0,0,0
P10028,2024-07-01,2017-01-01,active,Term Life,NY,rural,Agent,monthly,1,70.5,51543.14,500000,1342.64,335.66,1,1,0.0,0.0,0,0,0
P10028,2024-08-01,2017-01-01,active,Term Life,NY,rural,Agent,monthly,1,70.6,51543.14,500000,1342.64,335.66,1,1,0.0,0.0,0,0,0
P10028,2024-09-01,2017-01-01,active,Term Life,NY,rural,Agent,monthly,1,70.7,51543.14,500000,1342.64,335.66,1,1,0.0,0.0,0,0,0
P10028,2024-10-01,2017-01-01,active,Term Life,NY,rural,Agent,monthly,1,70.8,51543.14,500000,1342.64,335.66,1,2,0.0,0.0,0,0,0
P10028,2024-11-01,2017-01-01,active,Term Life,NY,rural,Agent,monthly,1,70.8,51543.14,500000,1342.64,335.66,1,1,0.0,0.0,0,0,0
P10028,2024-12-01,2017-01-01,active,Term Life,NY,rural,Agent,monthly,1,70.9,51543.14,500000,1342.64,223.77,1,2,0.0,0.0,0,0,0
P10029,2023-01-01,2017-08-01,active,Whole Life,IL,rural,Direct,annual,0,69.4,118012.8,100000,54.34,163.02,1,1,428.77,0.0,0,0,0
P10029,2023-02-01,2017-08-01,active,Whole Life,IL,rural,Direct,annual,0,69.5,118012.8,100000,54.34,163.02,1,2,446.6,0.0,0,1,0
P10029,2023-03-01,2017-08-01,active,Whole Life,IL,rural,Direct,annual,0,69.6,118012.8,100000,54.34,108.68,0,1,259.13,0.0,0,0,0
P10029,2023-04-01,2017-08-01,active,Whole Life,IL,rural,Direct,annual,0,69.7,118012.8,100000,54.34,163.02,0,3,635.46,0.0,0,0,0
P10029,2023-05-01,2017-08-01,active,Whole Life,IL,rural,Direct,annual,0,69.8,118012.8,100000,54.34,163.02,0,1,356.58,0.0,0,0,0
P10029,2023-06-01,2017-08-01,active,Whole Life,IL,rural,Direct,annual,0,69.8,118012.8,100000,54.34,163.02,0,1,443.94,0.0,0,0,0
P10029,2023-07-01,2017-08-01,active,Whole Life,IL,rural,Direct,annual,0,69.9,118012.8,100000,54.34,163.02,0,2,646.45,0.0,0,0,0
P10029,2023-08-01,2017-08-01,active,Whole Life,IL,rural,Direct,annual,0,70.0,118012.8,100000,54.34,163.02,0,1,397.25,0.0,0,0,0
P10029,2023-09-01,2017-08-01,active,Whole Life,IL,rural,Direct,annual,0,70.1,118012.8,100000,54.34,163.02,0,1,255.35,0.0,0,0,1
P10029,2023-10-01,2017-08-01,lapsed,Whole Life,IL,rural,Direct,annual,0,70.2,118012.8,100000,54.34,108.68,0,1,278.09,0.0,0,0,0
P10030,2023-01-01,2023-01-01,active,Universal Life,CA,rural,Agent,monthly,1,68.0,47659.94,500000,4015.68,1003.92,0,1,0.0,0.0,0,0,0
P10030,2023-02-01,2023-01-01,active,Universal Life,CA,rural,Agent,monthly,1,68.1,47659.94,500000,4015.68,669.28,0,1,51.34,0.0,0,0,0
P10030,2023-03-01,2023-01-01,active,Universal Life,CA,rural,Agent,monthly,1,68.2,47659.94,500000,4015.68,1003.92,0,1,80.61,0.0,0,0,0
P10030,2023-04-01,2023-01-01,active,Universal Life,CA,rural,Agent,monthly,1,68.2,47659.94,500000,4015.68,1003.92,0,0,62.45,0.0,0,0,0
P10030,2023-05-01,2023-01-01,active,Universal Life,CA,rural,Agent,monthly,1,68.3,47659.94,500000,4015.68,1003.92,0,1,175.48,0.0,0,0,0
P10030,2023-06-01,2023-01-01,active,Universal Life,CA,rural,Agent,monthly,1,68.4,47659.94,500000,4015.68,1003.92,0,2,106.05,0.0,0,0,0
P10030,2023-07-01,2023-01-01,active,Universal Life,CA,rural,Agent,monthly,1,68.5,47659.94,500000,4015.68,669.28,0,1,287.34,0.0,0,0,0
P10030,2023-08-01,2023-01-01,active,Universal Life,CA,rural,Agent,monthly,1,68.6,47659.94,500000,4015.68,1003.92,0,0,406.22,0.0,0,0,0
P10030,2023-09-01,2023-01-01,active,Universal Life,CA,rural,Agent,monthly,1,68.7,47659.94,500000,4015.68,1003.92,0,0,201.2,33.46,0,0,0
P10030,2023-10-01,2023-01-01,active,Universal Life,CA,rural,Agent,monthly,1,68.8,47659.94,500000,4015.68,1003.92,0,1,403.99,0.0,0,0,0
P10030,2023-11-01,2023-01-01,active,Universal Life,CA,rural,Agent,monthly,1,68.8,47659.94,500000,4015.68,1003.92,0,1,493.88,0.0,0,0,0
P10030,2023-12-01,2023-01-01,active,Universal Life,CA,rural,Agent,monthly,1,68.9,47659.94,500000,4015.68,1003.92,0,0,612.6,0.0,1,0,0
P10030,2024-01-01,2023-01-01,active,Universal Life,CA,rural,Agent,monthly,1,69.0,47659.94,500000,4015.68,1003.92,0,2,438.3,0.0,0,0,0
P10030,2024-02-01,2023-01-01,active,Universal Life,CA,rural,Agent,monthly,1,69.1,47659.94,500000,4015.68,1003.92,0,3,353.11,0.0,0,0,0
P10030,2024-03-01,2023-01-01,active,Universal Life,CA,rural,Agent,monthly,1,69.2,47659.94,500000,4015.68,1003.92,1,0,423.2,0.0,0,0,0
P10030,2024-04-01,2023-01-01,active,Universal Life,CA,rural,Agent,monthly,1,69.2,47659.94,500000,4015.68,1003.92,1,1,641.96,0.0,0,0,0
P10030,2024-05-01,2023-01-01,active,Universal Life,CA,rural,Agent,monthly,1,69.3,47659.94,500000,4015.68,669.28,1,0,391.94,122.16,0,0,0
P10030,2024-06-01,2023-01-01,active,Universal Life,CA,rural,Agent,monthly,1,69.4,47659.94,500000,4015.68,1003.92,1,1,934.43,0.0,0,0,0
P10030,2024-07-01,2023-01-01,active,Universal Life,CA,rural,Agent,monthly,1,69.5,47659.94,500000,4015.68,1003.92,0,0,479.16,0.0,0,0,0
P10030,2024-08-01,2023-01-01,active,Universal Life,CA,rural,Agent,monthly,1,69.6,47659.94,500000,4015.68,1003.92,0,1,931.12,0.0,0,0,0
P10030,2024-09-01,2023-01-01,active,Universal Life,CA,rural,Agent,monthly,1,69.7,47659.94,500000,4015.68,1003.92,0,0,686.68,0.0,0,0,0
P10030,2024-10-01,2023-01-01,active,Universal Life,CA,rural,Agent,monthly,1,69.8,47659.94,500000,4015.68,1003.92,0,1,932.69,0.0,0,0,0
P10030,2024-11-01,2023-01-01,active,Universal Life,CA,rural,Agent,monthly,1,69.8,47659.94,500000,4015.68,1003.92,0,0,1079.91,0.0,1,0,0
P10030,2024-12-01,2023-01-01,active,Universal Life,CA,rural,Agent,monthly,1,69.9,47659.94,500000,4015.68,1003.92,0,0,580.98,0.0,0,0,0
P10031,2023-01-01,2018-09-01,active,Term Life,NY,urban,Bank,monthly,0,78.3,85299.84,500000,1698.13,424.53,0,1,0.0,0.0,0,0,0
P10031,2023-02-01,2018-09-01,active,Term Life,NY,urban,Bank,monthly,0,78.4,85299.84,500000,1698.13,424.53,0,1,0.0,0.0,0,0,0
P10031,2023-03-01,2018-09-01,active,Term Life,NY,urban,Bank,monthly,0,78.5,85299.84,500000,1698.13,424.53,0,0,0.0,0.0,0,0,0
P10031,2023-04-01,2018-09-01,active,Term Life,NY,urban,Bank,monthly,0,78.6,85299.84,500000,1698.13,283.02,0,1,0.0,0.0,0,0,0
P10031,2023-05-01,2018-09-01,active,Term Life,NY,urban,Bank,monthly,0,78.7,85299.84,500000,1698.13,424.53,1,0,0.0,0.0,0,0,0
P10031,2023-06-01,2018-09-01,active,Term Life,NY,urban,Bank,monthly,0,78.8,85299.84,500000,1698.13,283.02,1,2,0.0,0.0,0,0,0
P10031,2023-07-01,2018-09-01,active,Term Life,NY,urban,Bank,monthly,0,78.8,85299.84,500000,1698.13,424.53,1,0,0.0,0.0,0,0,0
P10031,2023-08-01,2018-09-01,active,Term Life,NY,urban,Bank,monthly,0,78.9,85299.84,500000,1698.13,424.53,1,0,0.0,0.0,0,0,0
P10031,2023-09-01,2018-09-01,active,Term Life,NY,urban,Bank,monthly,0,79.0,85299.84,500000,1698.13,424.53,1,2,0.0,0.0,0,0,0
P10031,2023-10-01,2018-09-01,active,Term Life,NY,urban,Bank,monthly,0,79.1,85299.84,500000,1698.13,283.02,1,0,0.0,0.0,0,0,0
P10031,2023-11-01,2018-09-01,active,Term Life,NY,urban,Bank,monthly,0,79.2,85299.84,500000,1698.13,424.53,1,1,0.0,0.0,0,0,0
P10031,2023-12-01,2018-09-01,active,Term Life,NY,urban,Bank,monthly,0,79.2,85299.84,500000,1698.13,424.53,1,2,0.0,0.0,0,0,0
P10031,2024-01-01,2018-09-01,active,Term Life,NY,urban,Bank,monthly,0,79.3,85299.84,500000,1698.13,424.53,0,1,0.0,0.0,0,0,0
P10031,2024-02-01,2018-09-01,active,Term Life,NY,urban,Bank,monthly,0,79.4,85299.84,500000,1698.13,424.53,0,0,0.0,0.0,0,0,0
P10031,2024-03-01,2018-09-01,active,Term Life,NY,urban,Bank,monthly,0,79.5,85299.84,500000,1698.13,424.53,0,0,0.0,0.0,0,0,0
P10031,2024-04-01,2018-09-01,active,Term Life,NY,urban,Bank,monthly,0,79.6,85299.84,500000,1698.13,424.53,0,0,0.0,0.0,0,0,0
P10031,2024-05-01,2018-09-01,active,Term Life,NY,urban,Bank,monthly,0,79.7,85299.84,500000,1698.13,424.53,0,0,0.0,0.0,0,0,0
P10031,2024-06-01,2018-09-01,active,Term Life,NY,urban,Bank,monthly,0,79.8,85299.84,500000,1698.13,424.53,0,0,0.0,0.0,0,0,0
P10031,2024-07-01,2018-09-01,active,Term Life,NY,urban,Bank,monthly,0,79.8,85299.84,500000,1698.13,283.02,1,0,0.0,0.0,0,0,0
P10031,2024-08-01,2018-09-01,active,Term Life,NY,urban,Bank,monthly,0,79.9,85299.84,500000,1698.13,424.53,2,0,0.0,0.0,0,0,0
P10031,2024-09-01,2018-09-01,active,Term Life,NY,urban,Bank,monthly,0,80.0,85299.84,500000,1698.13,424.53,1,1,0.0,0.0,0,0,0
P10031,2024-10-01,2018-09-01,active,Term Life,NY,urban,Bank,monthly,0,80.1,85299.84,500000,1698.13,424.53,0,0,0.0,0.0,0,0,0
P10031,2024-11-01,2018-09-01,active,Term Life,NY,urban,Bank,monthly,0,80.2,85299.84,500000,1698.13,424.53,0,2,0.0,0.0,0,0,0
P10031,2024-12-01,2018-09-01,active,Term Life,NY,urban,Bank,monthly,0,80.2,85299.84,500000,1698.13,424.53,0,0,0.0,0.0,0,0,0
P10032,2023-01-01,2019-12-01,active,Term Life,GA,suburban,Broker,monthly,1,42.1,119223.6,100000,707.28,176.82,0,0,0.0,0.0,0,0,0
P10032,2023-02-01,2019-12-01,active,Term Life,GA,suburban,Broker,monthly,1,42.2,119223.6,100000,707.28,176.82,0,3,0.0,0.0,0,0,0
P10032,2023-03-01,2019-12-01,active,Term Life,GA,suburban,Broker,monthly,1,42.2,119223.6,100000,707.28,176.82,0,1,0.0,0.0,0,0,0
P10032,2023-04-01,2019-12-01,active,Term Life,GA,suburban,Broker,monthly,1,42.3,119223.6,100000,707.28,176.82,0,0,0.0,0.0,0,0,0
P10032,2023-05-01,2019-12-01,active,Term Life,GA,suburban,Broker,monthly,1,42.4,119223.6,100000,707.28,176.82,0,0,0.0,0.0,1,0,0
P10032,2023-06-01,2019-12-01,active,Term Life,GA,suburban,Broker,monthly,1,42.5,119223.6,100000,707.28,176.82,0,1,0.0,0.0,0,0,0
P10032,2023-07-01,2019-12-01,active,Term Life,GA,suburban,Broker,monthly,1,42.6,119223.6,100000,707.28,176.82,0,1,0.0,0.0,0,0,0
P10032,2023-08-01,2019-12-01,active,Term Life,GA,suburban,Broker,monthly,1,42.7,119223.6,100000,707.28,176.82,0,0,0.0,0.0,1,0,0
P10032,2023-09-01,2019-12-01,active,Term Life,GA,suburban,Broker,monthly,1,42.8,119223.6,100000,707.28,176.82,0,1,0.0,0.0,0,0,0
P10032,2023-10-01,2019-12-01,active,Term Life,GA,suburban,Broker,monthly,1,42.8,119223.6,100000,707.28,176.82,0,0,0.0,0.0,0,0,0
P10032,2023-11-01,2019-12-01,active,Term Life,GA,suburban,Broker,monthly,1,42.9,119223.6,100000,707.28,176.82,0,0,0.0,0.0,0,1,0
P10032,2023-12-01,2019-12-01,active,Term Life,GA,suburban,Broker,monthly,1,43.0,119223.6,100000,707.28,117.88,0,1,0.0,0.0,0,0,0
P10032,2024-01-01,2019-12-01,active,Term Life,GA,suburban,Broker,monthly,1,43.1,119223.6,100000,707.28,176.82,0,3,0.0,0.0,0,0,0
P10032,2024-02-01,2019-12-01,active,Term Life,GA,suburban,Broker,monthly,1,43.2,119223.6,100000,707.28,176.82,0,0,0.0,0.0,0,1,0
P10032,2024-03-01,2019-12-01,active,Term Life,GA,suburban,Broker,monthly,1,43.2,119223.6,100000,707.28,176.82,0,0,0.0,0.0,0,0,0
P10032,2024-04-01,2019-12-01,active,Term Life,GA,suburban,Broker,monthly,1,43.3,119223.6,100000,707.28,176.82,0,0,0.0,0.0,0,0,0
P10032,2024-05-01,2019-12-01,active,Term Life,GA,suburban,Broker,monthly,1,43.4,119223.6,100000,707.28,176.82,0,0,0.0,0.0,0,0,0
P10032,2024-06-01,2019-12-01,active,Term Life,GA,suburban,Broker,monthly,1,43.5,119223.6,100000,707.28,117.88,0,1,0.0,0.0,0,0,0
P10032,2024-07-01,2019-12-01,active,Term Life,GA,suburban,Broker,monthly,1,43.6,119223.6,100000,707.28,176.82,0,1,0.0,0.0,0,0,0
P10032,2024-08-01,2019-12-01,active,Term Life,GA,suburban,Broker,monthly,1,43.7,119223.6,100000,707.28,176.82,0,2,0.0,0.0,0,0,0
P10032,2024-09-01,2019-12-01,active,Term Life,GA,suburban,Broker,monthly,1,43.8,119223.6,100000,707.28,176.82,0,1,0.0,0.0,0,1,0
P10032,2024-10-01,2019-12-01,active,Term Life,GA,suburban,Broker,monthly,1,43.8,119223.6,100000,707.28,117.88,0,0,0.0,0.0,0,0,0
P10032,2024-11-01,2019-12-01,active,Term Life,GA,suburban,Broker,monthly,1,43.9,119223.6,100000,707.28,176.82,0,1,0.0,0.0,0,0,0
P10032,2024-12-01,2019-12-01,active,Term Life,GA,suburban,Broker,monthly,1,44.0,119223.6,100000,707.28,176.82,0,2,0.0,0.0,0,0,0
P10033,2023-01-01,2020-08-01,active,Whole Life,AZ,urban,Agent,monthly,1,62.4,65428.6,150000,420.33,105.08,0,3,69.77,14.77,1,0,0
P10033,2023-02-01,2020-08-01,active,Whole Life,AZ,urban,Agent,monthly,1,62.5,65428.6,150000,420.33,70.05,0,5,176.92,0.0,0,0,0
P10033,2023-03-01,2020-08-01,active,Whole Life,AZ,urban,Agent,monthly,1,62.6,65428.6,150000,420.33,105.08,0,4,184.33,0.0,0,0,0
P10033,2023-04-01,2020-08-01,active,Whole Life,AZ,urban,Agent,monthly,1,62.7,65428.6,150000,420.33,105.08,0,4,167.01,0.0,0,0,0
P10033,2023-05-01,2020-08-01,active,Whole Life,AZ,urban,Agent,monthly,1,62.8,65428.6,150000,420.33,105.08,0,3,193.06,0.0,0,0,0
P10033,2023-06-01,2020-08-01,active,Whole Life,AZ,urban,Agent,monthly,1,62.8,65428.6,150000,420.33,105.08,0,3,86.17,0.0,0,0,0
P10033,2023-07-01,2020-08-01,active,Whole Life,AZ,urban,Agent,monthly,1,62.9,65428.6,150000,420.33,105.08,0,4,205.56,0.0,1,0,0
P10033,2023-08-01,2020-08-01,active,Whole Life,AZ,urban,Agent,monthly,1,63.0,65428.6,150000,420.33,105.08,0,4,163.64,0.0,0,0,0
P10033,2023-09-01,2020-08-01,active,Whole Life,AZ,urban,Agent,monthly,1,63.1,65428.6,150000,420.33,105.08,0,3,83.64,0.0,0,0,0
P10033,2023-10-01,2020-08-01,active,Whole Life,AZ,urban,Agent,monthly,1,63.2,65428.6,150000,420.33,105.08,0,3,115.5,0.0,0,0,0
P10033,2023-11-01,2020-08-01,active,Whole Life,AZ,urban,Agent,monthly,1,63.2,65428.6,150000,420.33,70.05,0,3,140.06,0.0,0,0,0
P10033,2023-12-01,2020-08-01,active,Whole Life,AZ,urban,Agent,monthly,1,63.3,65428.6,150000,420.33,105.08,0,3,117.77,0.0,0,0,0
P10033,2024-01-01,2020-08-01,active,Whole Life,AZ,urban,Agent,monthly,1,63.4,65428.6,150000,420.33,105.08,0,5,184.11,0.0,0,0,0
P10033,2024-02-01,2020-08-01,active,Whole Life,AZ,urban,Agent,monthly,1,63.5,65428.6,150000,420.33,105.08,0,3,227.78,0.0,0,0,0
P10033,2024-03-01,2020-08-01,active,Whole Life,AZ,urban,Agent,monthly,1,63.6,65428.6,150000,420.33,105.08,0,3,92.03,0.0,0,0,0
P10033,2024-04-01,2020-08-01,active,Whole Life,AZ,urban,Agent,monthly,1,63.7,65428.6,150000,420.33,105.08,0,4,266.35,0.0,0,0,0
P10033,2024-05-01,2020-08-01,active,Whole Life,AZ,urban,Agent,monthly,1,63.8,65428.6,150000,420.33,105.08,0,3,262.5,0.0,0,0,0
P10033,2024-06-01,2020-08-01,active,Whole Life,AZ,urban,Agent,monthly,1,63.8,65428.6,150000,420.33,105.08,0,3,182.05,0.0,0,0,0
P10033,2024-07-01,2020-08-01,active,Whole Life,AZ,urban,Agent,monthly,1,63.9,65428.6,150000,420.33,105.08,0,4,257.44,0.0,0,0,0
P10033,2024-08-01,2020-08-01,active,Whole Life,AZ,urban,Agent,monthly,1,64.0,65428.6,150000,420.33,105.08,0,3,101.35,0.0,0,0,0
P10033,2024-09-01,2020-08-01,active,Whole Life,AZ,urban,Agent,monthly,1,64.1,65428.6,150000,420.33,105.08,0,4,296.67,0.0,0,0,0
P10033,2024-10-01,2020-08-01,active,Whole Life,AZ,urban,Agent,monthly,1,64.2,65428.6,150000,420.33,105.08,0,3,130.7,0.0,0,0,0
P10033,2024-11-01,2020-08-01,active,Whole Life,AZ,urban,Agent,monthly,1,64.2,65428.6,150000,420.33,70.05,0,3,137.38,0.0,1,0,0
P10033,2024-12-01,2020-08-01,active,Whole Life,AZ,urban,Agent,monthly,1,64.3,65428.6,150000,420.33,105.08,0,3,225.09,0.0,0,0,0
P10034,2023-01-01,2023-08-01,active,Term Life,GA,rural,Agent,monthly,1,63.0,223140.29,100000,324.22,81.06,0,0,0.0,0.0,0,0,0
P10034,2023-02-01,2023-08-01,active,Term Life,GA,rural,Agent,monthly,1,63.0,223140.29,100000,324.22,81.06,0,0,0.0,0.0,0,0,0
P10034,2023-03-01,2023-08-01,active,Term Life,GA,rural,Agent,monthly,1,63.0,223140.29,100000,324.22,81.06,0,2,0.0,0.0,1,0,0
P10034,2023-04-01,2023-08-01,active,Term Life,GA,rural,Agent,monthly,1,63.0,223140.29,100000,324.22,81.06,0,0,0.0,0.0,0,1,0
P10034,2023-05-01,2023-08-01,active,Term Life,GA,rural,Agent,monthly,1,63.0,223140.29,100000,324.22,81.06,0,0,0.0,0.0,0,0,0
P10034,2023-06-01,2023-08-01,active,Term Life,GA,rural,Agent,monthly,1,63.0,223140.29,100000,324.22,81.06,0,0,0.0,0.0,0,0,0
P10034,2023-07-01,2023-08-01,active,Term Life,GA,rural,Agent,monthly,1,63.0,223140.29,100000,324.22,81.06,0,0,0.0,0.0,0,0,0
P10034,2023-08-01,2023-08-01,active,Term Life,GA,rural,Agent,monthly,1,63.0,223140.29,100000,324.22,81.06,0,1,0.0,0.0,0,0,0
P10034,2023-09-01,2023-08-01,active,Term Life,GA,rural,Agent,monthly,1,63.1,223140.29,100000,324.22,81.06,0,0,0.0,0.0,0,0,0
P10034,2023-10-01,2023-08-01,active,Term Life,GA,rural,Agent,monthly,1,63.2,223140.29,100000,324.22,81.06,0,0,0.0,0.0,0,0,0
P10034,2023-11-01,2023-08-01,active,Term Life,GA,rural,Agent,monthly,1,63.2,223140.29,100000,324.22,81.06,0,0,0.0,0.0,0,0,0
P10034,2023-12-01,2023-08-01,active,Term Life,GA,rural,Agent,monthly,1,63.3,223140.29,100000,324.22,81.06,0,1,0.0,0.0,0,0,0
P10034,2024-01-01,2023-08-01,active,Term Life,GA,rural,Agent,monthly,1,63.4,223140.29,100000,324.22,81.06,0,0,0.0,0.0,0,0,0
P10034,2024-02-01,2023-08-01,active,Term Life,GA,rural,Agent,monthly,1,63.5,223140.29,100000,324.22,81.06,0,0,0.0,0.0,0,0,0
P10034,2024-03-01,2023-08-01,active,Term Life,GA,rural,Agent,monthly,1,63.6,223140.29,100000,324.22,81.06,0,1,0.0,0.0,0,0,0
P10034,2024-04-01,2023-08-01,active,Term Life,GA,rural,Agent,monthly,1,63.7,223140.29,100000,324.22,54.04,0,1,0.0,0.0,0,0,0
P10034,2024-05-01,2023-08-01,active,Term Life,GA,rural,Agent,monthly,1,63.8,223140.29,100000,324.22,81.06,0,1,0.0,0.0,0,0,0
P10034,2024-06-01,2023-08-01,active,Term Life,GA,rural,Agent,monthly,1,63.8,223140.29,100000,324.22,81.06,0,3,0.0,0.0,0,0,0
P10034,2024-07-01,2023-08-01,active,Term Life,GA,rural,Agent,monthly,1,63.9,223140.29,100000,324.22,81.06,0,0,0.0,0.0,0,0,0
P10034,2024-08-01,2023-08-01,active,Term Life,GA,rural,Agent,monthly,1,64.0,223140.29,100000,324.22,81.06,0,3,0.0,0.0,0,0,0
P10034,2024-09-01,2023-08-01,active,Term Life,GA,rural,Agent,monthly,1,64.1,223140.29,100000,324.22,81.06,0,1,0.0,0.0,0,0,0
P10034,2024-10-01,2023-08-01,active,Term Life,GA,rural,Agent,monthly,1,64.2,223140.29,100000,324.22,81.06,0,0,0.0,0.0,0,0,0
P10034,2024-11-01,2023-08-01,active,Term Life,GA,rural,Agent,monthly,1,64.2,223140.29,100000,324.22,81.06,0,0,0.0,0.0,0,0,0
P10034,2024-12-01,2023-08-01,active,Term Life,GA,rural,Agent,monthly,1,64.3,223140.29,100000,324.22,81.06,0,1,0.0,0.0,0,0,0
P10035,2023-01-01,2016-10-01,active,Whole Life,TX,urban,Broker,monthly,1,66.2,39259.18,100000,584.7,146.18,0,2,577.11,0.0,0,0,0
P10035,2023-02-01,2016-10-01,active,Whole Life,TX,urban,Broker,monthly,1,66.3,39259.18,100000,584.7,146.18,0,1,290.15,0.0,0,0,0
P10035,2023-03-01,2016-10-01,active,Whole Life,TX,urban,Broker,monthly,1,66.4,39259.18,100000,584.7,146.18,0,1,402.94,0.0,0,0,0
P10035,2023-04-01,2016-10-01,active,Whole Life,TX,urban,Broker,monthly,1,66.5,39259.18,100000,584.7,146.18,0,1,413.84,119.44,0,0,0
P10035,2023-05-01,2016-10-01,active,Whole Life,TX,urban,Broker,monthly,1,66.6,39259.18,100000,584.7,146.18,0,2,582.36,0.0,0,0,0
P10035,2023-06-01,2016-10-01,active,Whole Life,TX,urban,Broker,monthly,1,66.7,39259.18,100000,584.7,146.18,0,1,279.54,0.0,0,0,0
P10035,2023-07-01,2016-10-01,active,Whole Life,TX,urban,Broker,monthly,1,66.8,39259.18,100000,584.7,146.18,0,3,614.24,0.0,0,0,0
P10035,2023-08-01,2016-10-01,active,Whole Life,TX,urban,Broker,monthly,1,66.8,39259.18,100000,584.7,146.18,0,5,399.36,0.0,0,0,0
P10035,2023-09-01,2016-10-01,active,Whole Life,TX,urban,Broker,monthly,1,66.9,39259.18,100000,584.7,146.18,0,2,540.48,0.0,0,0,0
P10035,2023-10-01,2016-10-01,active,Whole Life,TX,urban,Broker,monthly,1,67.0,39259.18,100000,584.7,146.18,0,2,587.43,0.0,0,0,0
P10035,2023-11-01,2016-10-01,active,Whole Life,TX,urban,Broker,monthly,1,67.1,39259.18,100000,584.7,146.18,0,3,415.27,222.91,0,0,0
P10035,2023-12-01,2016-10-01,active,Whole Life,TX,urban,Broker,monthly,1,67.2,39259.18,100000,584.7,146.18,1,2,287.08,0.0,0,0,0
P10035,2024-01-01,2016-10-01,active,Whole Life,TX,urban,Broker,monthly,1,67.2,39259.18,100000,584.7,146.18,1,1,363.64,0.0,0,0,0
P10035,2024-02-01,2016-10-01,active,Whole Life,TX,urban,Broker,monthly,1,67.3,39259.18,100000,584.7,146.18,1,3,568.62,0.0,0,0,0
P10035,2024-03-01,2016-10-01,active,Whole Life,TX,urban,Broker,monthly,1,67.4,39259.18,100000,584.7,146.18,1,1,689.67,0.0,0,0,0
P10035,2024-04-01,2016-10-01,active,Whole Life,TX,urban,Broker,monthly,1,67.5,39259.18,100000,584.7,146.18,1,3,506.47,173.82,0,0,0
P10035,2024-05-01,2016-10-01,active,Whole Life,TX,urban,Broker,monthly,1,67.6,39259.18,100000,584.7,97.45,0,1,283.5,0.0,0,0,0
P10035,2024-06-01,2016-10-01,active,Whole Life,TX,urban,Broker,monthly,1,67.7,39259.18,100000,584.7,146.18,0,1,554.53,0.0,0,0,0
P10035,2024-07-01,2016-10-01,active,Whole Life,TX,urban,Broker,monthly,1,67.8,39259.18,100000,584.7,146.18,0,1,701.39,0.0,0,0,0
P10035,2024-08-01,2016-10-01,active,Whole Life,TX,urban,Broker,monthly,1,67.8,39259.18,100000,584.7,146.18,0,1,399.48,0.0,0,0,0
P10035,2024-09-01,2016-10-01,active,Whole Life,TX,urban,Broker,monthly,1,67.9,39259.18,100000,584.7,146.18,0,1,462.84,0.0,1,0,0
P10035,2024-10-01,2016-10-01,active,Whole Life,TX,urban,Broker,monthly,1,68.0,39259.18,100000,584.7,146.18,0,3,533.2,0.0,0,0,0
P10035,2024-11-01,2016-10-01,active,Whole Life,TX,urban,Broker,monthly,1,68.1,39259.18,100000,584.7,146.18,0,1,499.08,0.0,0,0,0
P10035,2024-12-01,2016-10-01,active,Whole Life,TX,urban,Broker,monthly,1,68.2,39259.18,100000,584.7,146.18,0,1,372.38,0.0,0,0,0
P10036,2023-01-01,2018-03-01,active,Term Life,FL,urban,Broker,monthly,0,33.8,13525.95,150000,444.1,111.02,0,3,0.0,0.0,0,0,0
P10036,2023-02-01,2018-03-01,active,Term Life,FL,urban,Broker,monthly,0,33.9,13525.95,150000,444.1,74.02,0,2,0.0,0.0,1,0,0
P10036,2023-03-01,2018-03-01,active,Term Life,FL,urban,Broker,monthly,0,34.0,13525.95,150000,444.1,111.02,0,1,0.0,0.0,0,0,0
P10036,2023-04-01,2018-03-01,active,Term Life,FL,urban,Broker,monthly,0,34.1,13525.95,150000,444.1,111.02,0,1,0.0,0.0,0,0,0
P10036,2023-05-01,2018-03-01,active,Term Life,FL,urban,Broker,monthly,0,34.2,13525.95,150000,444.1,111.02,0,1,0.0,0.0,0,0,0
P10036,2023-06-01,2018-03-01,active,Term Life,FL,urban,Broker,monthly,0,34.2,13525.95,150000,444.1,74.02,0,2,0.0,0.0,0,0,0
P10036,2023-07-01,2018-03-01,active,Term Life,FL,urban,Broker,monthly,0,34.3,13525.95,150000,444.1,111.02,0,4,0.0,0.0,0,0,0
P10036,2023-08-01,2018-03-01,active,Term Life,FL,urban,Broker,monthly,0,34.4,13525.95,150000,444.1,111.02,0,2,0.0,0.0,0,0,0
P10036,2023-09-01,2018-03-01,active,Term Life,FL,urban,Broker,monthly,0,34.5,13525.95,150000,444.1,111.02,0,2,0.0,0.0,0,0,0
P10036,2023-10-01,2018-03-01,active,Term Life,FL,urban,Broker,monthly,0,34.6,13525.95,150000,444.1,74.02,0,1,0.0,0.0,0,0,0
P10036,2023-11-01,2018-03-01,active,Term Life,FL,urban,Broker,monthly,0,34.7,13525.95,150000,444.1,111.02,0,2,0.0,0.0,0,0,0
P10036,2023-12-01,2018-03-01,active,Term Life,FL,urban,Broker,monthly,0,34.8,13525.95,150000,444.1,111.02,0,1,0.0,0.0,0,0,0
P10036,2024-01-01,2018-03-01,active,Term Life,FL,urban,Broker,monthly,0,34.8,13525.95,150000,444.1,74.02,0,2,0.0,0.0,0,0,0
P10036,2024-02-01,2018-03-01,active,Term Life,FL,urban,Broker,monthly,0,34.9,13525.95,150000,444.1,111.02,0,1,0.0,0.0,0,0,0
P10036,2024-03-01,2018-03-01,active,Term Life,FL,urban,Broker,monthly,0,35.0,13525.95,150000,444.1,111.02,0,3,0.0,0.0,0,0,0
P10036,2024-04-01,2018-03-01,active,Term Life,FL,urban,Broker,monthly,0,35.1,13525.95,150000,444.1,74.02,0,2,0.0,0.0,0,0,0
P10036,2024-05-01,2018-03-01,active,Term Life,FL,urban,Broker,monthly,0,35.2,13525.95,150000,444.1,111.02,0,1,0.0,0.0,0,0,0
P10036,2024-06-01,2018-03-01,active,Term Life,FL,urban,Broker,monthly,0,35.2,13525.95,150000,444.1,111.02,0,2,0.0,0.0,0,0,0
P10036,2024-07-01,2018-03-01,active,Term Life,FL,urban,Broker,monthly,0,35.3,13525.95,150000,444.1,74.02,0,2,0.0,0.0,0,0,0
P10036,2024-08-01,2018-03-01,active,Term Life,FL,urban,Broker,monthly,0,35.4,13525.95,150000,444.1,111.02,0,2,0.0,0.0,0,0,0
P10036,2024-09-01,2018-03-01,active,Term Life,FL,urban,Broker,monthly,0,35.5,13525.95,150000,444.1,74.02,0,2,0.0,0.0,0,0,0
P10036,2024-10-01,2018-03-01,active,Term Life,FL,urban,Broker,monthly,0,35.6,13525.95,150000,444.1,111.02,0,1,0.0,0.0,1,0,0
P10036,2024-11-01,2018-03-01,active,Term Life,FL,urban,Broker,monthly,0,35.7,13525.95,150000,444.1,111.02,0,1,0.0,0.0,0,0,0
P10036,2024-12-01,2018-03-01,active,Term Life,FL,urban,Broker,monthly,0,35.8,13525.95,150000,444.1,111.02,0,1,0.0,0.0,0,0,0
P10037,2023-01-01,2015-10-01,active,Universal Life,TX,rural,Agent,monthly,1,60.2,56841.24,100000,809.45,202.36,0,3,567.6,223.8,0,0,0
P10037,2023-02-01,2015-10-01,active,Universal Life,TX,rural,Agent,monthly,1,60.3,56841.24,100000,809.45,202.36,0,1,637.38,218.35,0,0,0
P10037,2023-03-01,2015-10-01,active,Universal Life,TX,rural,Agent,monthly,1,60.4,56841.24,100000,809.45,134.91,0,2,831.18,0.0,0,0,0
P10037,2023-04-01,2015-10-01,active,Universal Life,TX,rural,Agent,monthly,1,60.5,56841.24,100000,809.45,202.36,0,2,654.81,0.0,0,0,0
P10037,2023-05-01,2015-10-01,active,Universal Life,TX,rural,Agent,monthly,1,60.6,56841.24,100000,809.45,202.36,0,1,754.1,0.0,0,0,0
P10037,2023-06-01,2015-10-01,active,Universal Life,TX,rural,Agent,monthly,1,60.7,56841.24,100000,809.45,202.36,0,2,714.53,0.0,0,0,0
P10037,2023-07-01,2015-10-01,active,Universal Life,TX,rural,Agent,monthly,1,60.8,56841.24,100000,809.45,202.36,0,2,757.37,0.0,0,0,0
P10037,2023-08-01,2015-10-01,active,Universal Life,TX,rural,Agent,monthly,1,60.8,56841.24,100000,809.45,134.91,0,2,913.64,0.0,0,0,0
P10037,2023-09-01,2015-10-01,active,Universal Life,TX,rural,Agent,monthly,1,60.9,56841.24,100000,809.45,202.36,0,1,776.86,187.1,0,0,0
P10037,2023-10-01,2015-10-01,active,Universal Life,TX,rural,Agent,monthly,1,61.0,56841.24,100000,809.45,202.36,0,2,569.79,0.0,0,0,0
P10037,2023-11-01,2015-10-01,active,Universal Life,TX,rural,Agent,monthly,1,61.1,56841.24,100000,809.45,202.36,0,2,1045.92,0.0,0,0,0
P10037,2023-12-01,2015-10-01,active,Universal Life,TX,rural,Agent,monthly,1,61.2,56841.24,100000,809.45,202.36,0,2,864.96,0.0,0,0,0
P10037,2024-01-01,2015-10-01,active,Universal Life,TX,rural,Agent,monthly,1,61.2,56841.24,100000,809.45,202.36,0,1,672.47,0.0,0,0,0
P10037,2024-02-01,2015-10-01,active,Universal Life,TX,rural,Agent,monthly,1,61.3,56841.24,100000,809.45,202.36,0,1,417.76,0.0,1,0,0
P10037,2024-03-01,2015-10-01,active,Universal Life,TX,rural,Agent,monthly,1,61.4,56841.24,100000,809.45,202.36,0,2,427.7,0.0,0,0,0
P10037,2024-04-01,2015-10-01,active,Universal Life,TX,rural,Agent,monthly,1,61.5,56841.24,100000,809.45,202.36,0,2,593.47,0.0,0,0,0
P10037,2024-05-01,2015-10-01,active,Universal Life,TX,rural,Agent,monthly,1,61.6,56841.24,100000,809.45,202.36,0,1,678.7,0.0,1,0,0
P10037,2024-06-01,2015-10-01,active,Universal Life,TX,rural,Agent,monthly,1,61.7,56841.24,100000,809.45,202.36,0,2,870.66,0.0,0,0,0
P10037,2024-07-01,2015-10-01,active,Universal Life,TX,rural,Agent,monthly,1,61.8,56841.24,100000,809.45,202.36,0,1,1090.74,0.0,0,0,0
P10037,2024-08-01,2015-10-01,active,Universal Life,TX,rural,Agent,monthly,1,61.8,56841.24,100000,809.45,202.36,0,1,988.96,0.0,0,0,0
P10037,2024-09-01,2015-10-01,active,Universal Life,TX,rural,Agent,monthly,1,61.9,56841.24,100000,809.45,134.91,0,3,523.79,0.0,0,0,0
P10037,2024-10-01,2015-10-01,active,Universal Life,TX,rural,Agent,monthly,1,62.0,56841.24,100000,809.45,202.36,0,2,1063.35,0.0,0,0,0
P10037,2024-11-01,2015-10-01,active,Universal Life,TX,rural,Agent,monthly,1,62.1,56841.24,100000,809.45,202.36,0,1,1269.07,0.0,0,0,0
P10037,2024-12-01,2015-10-01,active,Universal Life,TX,rural,Agent,monthly,1,62.2,56841.24,100000,809.45,202.36,0,2,600.71,0.0,1,0,0
P10038,2023-01-01,2020-04-01,active,Universal Life,OH,urban,Broker,monthly,1,28.8,61623.56,500000,1967.08,491.77,0,0,418.11,168.05,0,0,0
P10038,2023-02-01,2020-04-01,active,Universal Life,OH,urban,Broker,monthly,1,28.8,61623.56,500000,1967.08,491.77,0,0,338.37,0.0,0,0,0
P10038,2023-03-01,2020-04-01,active,Universal Life,OH,urban,Broker,monthly,1,28.9,61623.56,500000,1967.08,491.77,0,2,892.92,0.0,0,0,0
P10038,2023-04-01,2020-04-01,active,Universal Life,OH,urban,Broker,monthly,1,29.0,61623.56,500000,1967.08,491.77,0,0,1053.08,0.0,0,0,0
P10038,2023-05-01,2020-04-01,active,Universal Life,OH,urban,Broker,monthly,1,29.1,61623.56,500000,1967.08,491.77,0,1,519.85,0.0,1,0,0
P10038,2023-06-01,2020-04-01,active,Universal Life,OH,urban,Broker,monthly,1,29.2,61623.56,500000,1967.08,491.77,0,0,691.85,0.0,0,0,0
P10038,2023-07-01,2020-04-01,active,Universal Life,OH,urban,Broker,monthly,1,29.2,61623.56,500000,1967.08,491.77,0,0,669.37,0.0,0,0,0
P10038,2023-08-01,2020-04-01,active,Universal Life,OH,urban,Broker,monthly,1,29.3,61623.56,500000,1967.08,491.77,0,1,796.73,0.0,0,0,0
P10038,2023-09-01,2020-04-01,active,Universal Life,OH,urban,Broker,monthly,1,29.4,61623.56,500000,1967.08,491.77,0,1,441.42,0.0,0,0,0
P10038,2023-10-01,2020-04-01,active,Universal Life,OH,urban,Broker,monthly,1,29.5,61623.56,500000,1967.08,491.77,0,0,1179.37,0.0,0,0,0
P10038,2023-11-01,2020-04-01,active,Universal Life,OH,urban,Broker,monthly,1,29.6,61623.56,500000,1967.08,491.77,0,1,1095.2,0.0,0,0,0
P10038,2023-12-01,2020-04-01,active,Universal Life,OH,urban,Broker,monthly,1,29.7,61623.56,500000,1967.08,491.77,0,0,644.15,0.0,0,0,0
P10038,2024-01-01,2020-04-01,active,Universal Life,OH,urban,Broker,monthly,1,29.8,61623.56,500000,1967.08,491.77,1,0,822.99,0.0,0,0,0
P10038,2024-02-01,2020-04-01,active,Universal Life,OH,urban,Broker,monthly,1,29.8,61623.56,500000,1967.08,327.85,1,0,553.41,0.0,1,0,0
P10038,2024-03-01,2020-04-01,active,Universal Life,OH,urban,Broker,monthly,1,29.9,61623.56,500000,1967.08,491.77,0,1,1212.81,0.0,0,0,0
P10038,2024-04-01,2020-04-01,active,Universal Life,OH,urban,Broker,monthly,1,30.0,61623.56,500000,1967.08,491.77,0,1,573.02,0.0,0,0,0
P10038,2024-05-01,2020-04-01,active,Universal Life,OH,urban,Broker,monthly,1,30.1,61623.56,500000,1967.08,491.77,0,1,907.12,0.0,0,0,0
P10038,2024-06-01,2020-04-01,active,Universal Life,OH,urban,Broker,monthly,1,30.2,61623.56,500000,1967.08,491.77,0,1,609.62,0.0,0,0,0
P10038,2024-07-01,2020-04-01,active,Universal Life,OH,urban,Broker,monthly,1,30.2,61623.56,500000,1967.08,491.77,0,0,1435.13,0.0,0,0,0
P10038,2024-08-01,2020-04-01,active,Universal Life,OH,urban,Broker,monthly,1,30.3,61623.56,500000,1967.08,491.77,0,0,1086.83,0.0,0,0,0
P10038,2024-09-01,2020-04-01,active,Universal Life,OH,urban,Broker,monthly,1,30.4,61623.56,500000,1967.08,327.85,0,0,1271.06,0.0,0,0,0
P10038,2024-10-01,2020-04-01,active,Universal Life,OH,urban,Broker,monthly,1,30.5,61623.56,500000,1967.08,491.77,0,2,1376.55,0.0,0,0,0
P10038,2024-11-01,2020-04-01,active,Universal Life,OH,urban,Broker,monthly,1,30.6,61623.56,500000,1967.08,491.77,0,2,609.08,0.0,0,0,0
P10038,2024-12-01,2020-04-01,active,Universal Life,OH,urban,Broker,monthly,1,30.7,61623.56,500000,1967.08,491.77,0,0,1164.27,0.0,0,0,0
P10039,2023-01-01,2022-11-01,active,Term Life,IL,urban,Agent,quarterly,1,32.2,62464.75,150000,260.69,195.51,0,4,0.0,0.0,1,0,0
P10039,2023-02-01,2022-11-01,active,Term Life,IL,urban,Agent,quarterly,1,32.2,62464.75,150000,260.69,195.51,0,4,0.0,0.0,0,0,0
P10039,2023-03-01,2022-11-01,active,Term Life,IL,urban,Agent,quarterly,1,32.3,62464.75,150000,260.69,195.51,0,3,0.0,0.0,0,0,0
P10039,2023-04-01,2022-11-01,active,Term Life,IL,urban,Agent,quarterly,1,32.4,62464.75,150000,260.69,195.51,0,5,0.0,0.0,0,0,0
P10039,2023-05-01,2022-11-01,active,Term Life,IL,urban,Agent,quarterly,1,32.5,62464.75,150000,260.69,195.51,0,3,0.0,0.0,0,0,0
P10039,2023-06-01,2022-11-01,active,Term Life,IL,urban,Agent,quarterly,1,32.6,62464.75,150000,260.69,195.51,0,3,0.0,0.0,0,0,0
P10039,2023-07-01,2022-11-01,active,Term Life,IL,urban,Agent,quarterly,1,32.7,62464.75,150000,260.69,195.51,0,3,0.0,0.0,0,0,0
P10039,2023-08-01,2022-11-01,active,Term Life,IL,urban,Agent,quarterly,1,32.8,62464.75,150000,260.69,195.51,0,4,0.0,0.0,0,0,0
P10039,2023-09-01,2022-11-01,active,Term Life,IL,urban,Agent,quarterly,1,32.8,62464.75,150000,260.69,195.51,0,3,0.0,0.0,0,0,0
P10039,2023-10-01,2022-11-01,active,Term Life,IL,urban,Agent,quarterly,1,32.9,62464.75,150000,260.69,195.51,0,5,0.0,0.0,0,0,0
P10039,2023-11-01,2022-11-01,active,Term Life,IL,urban,Agent,quarterly,1,33.0,62464.75,150000,260.69,195.51,1,4,0.0,0.0,0,0,0
P10039,2023-12-01,2022-11-01,active,Term Life,IL,urban,Agent,quarterly,1,33.1,62464.75,150000,260.69,195.51,1,3,0.0,0.0,0,0,0
P10039,2024-01-01,2022-11-01,active,Term Life,IL,urban,Agent,quarterly,1,33.2,62464.75,150000,260.69,195.51,1,5,0.0,0.0,1,0,0
P10039,2024-02-01,2022-11-01,active,Term Life,IL,urban,Agent,quarterly,1,33.2,62464.75,150000,260.69,195.51,0,5,0.0,0.0,0,0,0
P10039,2024-03-01,2022-11-01,active,Term Life,IL,urban,Agent,quarterly,1,33.3,62464.75,150000,260.69,195.51,1,3,0.0,0.0,0,0,0
P10039,2024-04-01,2022-11-01,active,Term Life,IL,urban,Agent,quarterly,1,33.4,62464.75,150000,260.69,195.51,1,4,0.0,0.0,0,0,0
P10039,2024-05-01,2022-11-01,active,Term Life,IL,urban,Agent,quarterly,1,33.5,62464.75,150000,260.69,195.51,1,3,0.0,0.0,0,0,0
P10039,2024-06-01,2022-11-01,active,Term Life,IL,urban,Agent,quarterly,1,33.6,62464.75,150000,260.69,195.51,0,3,0.0,0.0,0,0,0
P10039,2024-07-01,2022-11-01,active,Term Life,IL,urban,Agent,quarterly,1,33.7,62464.75,150000,260.69,195.51,0,4,0.0,0.0,0,1,0
P10039,2024-08-01,2022-11-01,active,Term Life,IL,urban,Agent,quarterly,1,33.8,62464.75,150000,260.69,195.51,0,3,0.0,0.0,0,0,0
P10039,2024-09-01,2022-11-01,active,Term Life,IL,urban,Agent,quarterly,1,33.8,62464.75,150000,260.69,195.51,0,4,0.0,0.0,0,0,0
P10039,2024-10-01,2022-11-01,active,Term Life,IL,urban,Agent,quarterly,1,33.9,62464.75,150000,260.69,130.34,0,5,0.0,0.0,0,0,0
P10039,2024-11-01,2022-11-01,active,Term Life,IL,urban,Agent,quarterly,1,34.0,62464.75,150000,260.69,195.51,0,4,0.0,0.0,0,0,0
P10039,2024-12-01,2022-11-01,active,Term Life,IL,urban,Agent,quarterly,1,34.1,62464.75,150000,260.69,195.51,0,4,0.0,0.0,0,0,0
P10040,2023-01-01,2019-06-01,active,Whole Life,OH,rural,Direct,monthly,0,41.6,84603.93,250000,870.07,217.52,0,2,327.72,0.0,0,0,0
P10040,2023-02-01,2019-06-01,active,Whole Life,OH,rural,Direct,monthly,0,41.7,84603.93,250000,870.07,145.01,1,2,469.73,0.0,0,0,0
P10040,2023-03-01,2019-06-01,active,Whole Life,OH,rural,Direct,monthly,0,41.8,84603.93,250000,870.07,217.52,1,3,313.59,0.0,0,0,0
P10040,2023-04-01,2019-06-01,active,Whole Life,OH,rural,Direct,monthly,0,41.8,84603.93,250000,870.07,217.52,1,3,387.35,0.0,0,0,0
P10040,2023-05-01,2019-06-01,active,Whole Life,OH,rural,Direct,monthly,0,41.9,84603.93,250000,870.07,217.52,0,4,522.29,0.0,0,0,0
P10040,2023-06-01,2019-06-01,active,Whole Life,OH,rural,Direct,monthly,0,42.0,84603.93,250000,870.07,217.52,0,2,304.8,0.0,0,0,0
P10040,2023-07-01,2019-06-01,active,Whole Life,OH,rural,Direct,monthly,0,42.1,84603.93,250000,870.07,217.52,0,3,518.45,0.0,0,0,0
P10040,2023-08-01,2019-06-01,active,Whole Life,OH,rural,Direct,monthly,0,42.2,84603.93,250000,870.07,217.52,0,3,506.01,0.0,0,0,0
P10040,2023-09-01,2019-06-01,active,Whole Life,OH,rural,Direct,monthly,0,42.2,84603.93,250000,870.07,145.01,1,2,381.68,0.0,0,0,0
P10040,2023-10-01,2019-06-01,active,Whole Life,OH,rural,Direct,monthly,0,42.3,84603.93,250000,870.07,145.01,2,4,274.16,0.0,0,0,0
P10040,2023-11-01,2019-06-01,active,Whole Life,OH,rural,Direct,monthly,0,42.4,84603.93,250000,870.07,217.52,2,2,250.58,0.0,0,0,0
P10040,2023-12-01,2019-06-01,active,Whole Life,OH,rural,Direct,monthly,0,42.5,84603.93,250000,870.07,145.01,2,2,580.73,0.0,0,0,0
P10040,2024-01-01,2019-06-01,active,Whole Life,OH,rural,Direct,monthly,0,42.6,84603.93,250000,870.07,217.52,2,2,494.0,0.0,0,0,0
P10040,2024-02-01,2019-06-01,active,Whole Life,OH,rural,Direct,monthly,0,42.7,84603.93,250000,870.07,217.52,2,2,541.03,235.82,0,0,0
P10040,2024-03-01,2019-06-01,active,Whole Life,OH,rural,Direct,monthly,0,42.8,84603.93,250000,870.07,145.01,3,2,710.89,0.0,0,0,0
P10040,2024-04-01,2019-06-01,active,Whole Life,OH,rural,Direct,monthly,0,42.8,84603.93,250000,870.07,217.52,3,2,426.9,0.0,0,0,0
P10040,2024-05-01,2019-06-01,active,Whole Life,OH,rural,Direct,monthly,0,42.9,84603.93,250000,870.07,217.52,4,3,742.43,0.0,0,0,0
P10040,2024-06-01,2019-06-01,active,Whole Life,OH,rural,Direct,monthly,0,43.0,84603.93,250000,870.07,217.52,4,4,621.6,0.0,0,0,0
P10040,2024-07-01,2019-06-01,active,Whole Life,OH,rural,Direct,monthly,0,43.1,84603.93,250000,870.07,217.52,4,2,467.14,0.0,0,0,0
P10040,2024-08-01,2019-06-01,active,Whole Life,OH,rural,Direct,monthly,0,43.2,84603.93,250000,870.07,217.52,4,2,778.85,0.0,0,0,0
P10040,2024-09-01,2019-06-01,active,Whole Life,OH,rural,Direct,monthly,0,43.2,84603.93,250000,870.07,217.52,4,2,418.19,0.0,0,0,0
P10040,2024-10-01,2019-06-01,active,Whole Life,OH,rural,Direct,monthly,0,43.3,84603.93,250000,870.07,145.01,4,2,642.43,0.0,0,0,0
P10040,2024-11-01,2019-06-01,active,Whole Life,OH,rural,Direct,monthly,0,43.4,84603.93,250000,870.07,217.52,5,3,838.53,0.0,0,0,0
P10040,2024-12-01,2019-06-01,active,Whole Life,OH,rural,Direct,monthly,0,43.5,84603.93,250000,870.07,217.52,5,2,476.8,0.0,0,0,0
P10041,2023-01-01,2020-07-01,active,Term Life,TX,rural,Agent,monthly,0,28.5,27883.78,500000,2876.37,719.09,0,0,0.0,0.0,0,1,0
P10041,2023-02-01,2020-07-01,active,Term Life,TX,rural,Agent,monthly,0,28.6,27883.78,500000,2876.37,719.09,0,0,0.0,0.0,0,0,0
P10041,2023-03-01,2020-07-01,active,Term Life,TX,rural,Agent,monthly,0,28.7,27883.78,500000,2876.37,719.09,0,0,0.0,0.0,0,0,0
P10041,2023-04-01,2020-07-01,active,Term Life,TX,rural,Agent,monthly,0,28.8,27883.78,500000,2876.37,719.09,0,0,0.0,0.0,0,0,0
P10041,2023-05-01,2020-07-01,active,Term Life,TX,rural,Agent,monthly,0,28.8,27883.78,500000,2876.37,719.09,0,0,0.0,0.0,0,0,0
P10041,2023-06-01,2020-07-01,active,Term Life,TX,rural,Agent,monthly,0,28.9,27883.78,500000,2876.37,719.09,0,1,0.0,0.0,0,0,0
P10041,2023-07-01,2020-07-01,active,Term Life,TX,rural,Agent,monthly,0,29.0,27883.78,500000,2876.37,479.4,0,0,0.0,0.0,0,0,0
P10041,2023-08-01,2020-07-01,active,Term Life,TX,rural,Agent,monthly,0,29.1,27883.78,500000,2876.37,719.09,0,1,0.0,0.0,0,0,0
P10041,2023-09-01,2020-07-01,active,Term Life,TX,rural,Agent,monthly,0,29.2,27883.78,500000,2876.37,719.09,0,1,0.0,0.0,1,0,0
P10041,2023-10-01,2020-07-01,active,Term Life,TX,rural,Agent,monthly,0,29.2,27883.78,500000,2876.37,479.4,0,1,0.0,0.0,0,0,0
P10041,2023-11-01,2020-07-01,active,Term Life,TX,rural,Agent,monthly,0,29.3,27883.78,500000,2876.37,719.09,0,1,0.0,0.0,0,0,0
P10041,2023-12-01,2020-07-01,active,Term Life,TX,rural,Agent,monthly,0,29.4,27883.78,500000,2876.37,719.09,0,1,0.0,0.0,0,0,0
P10041,2024-01-01,2020-07-01,active,Term Life,TX,rural,Agent,monthly,0,29.5,27883.78,500000,2876.37,479.4,0,1,0.0,0.0,0,0,0
P10041,2024-02-01,2020-07-01,active,Term Life,TX,rural,Agent,monthly,0,29.6,27883.78,500000,2876.37,479.4,0,2,0.0,0.0,0,0,0
P10041,2024-03-01,2020-07-01,active,Term Life,TX,rural,Agent,monthly,0,29.7,27883.78,500000,2876.37,479.4,0,1,0.0,0.0,1,0,0
P10041,2024-04-01,2020-07-01,active,Term Life,TX,rural,Agent,monthly,0,29.8,27883.78,500000,2876.37,719.09,0,0,0.0,0.0,0,0,0
P10041,2024-05-01,2020-07-01,active,Term Life,TX,rural,Agent,monthly,0,29.8,27883.78,500000,2876.37,719.09,0,1,0.0,0.0,0,0,0
P10041,2024-06-01,2020-07-01,active,Term Life,TX,rural,Agent,monthly,0,29.9,27883.78,500000,2876.37,719.09,0,1,0.0,0.0,0,0,0
P10041,2024-07-01,2020-07-01,active,Term Life,TX,rural,Agent,monthly,0,30.0,27883.78,500000,2876.37,719.09,1,0,0.0,0.0,0,0,0
P10041,2024-08-01,2020-07-01,active,Term Life,TX,rural,Agent,monthly,0,30.1,27883.78,500000,2876.37,719.09,1,1,0.0,0.0,0,0,0
P10041,2024-09-01,2020-07-01,active,Term Life,TX,rural,Agent,monthly,0,30.2,27883.78,500000,2876.37,719.09,1,0,0.0,0.0,0,0,0
P10041,2024-10-01,2020-07-01,active,Term Life,TX,rural,Agent,monthly,0,30.2,27883.78,500000,2876.37,479.4,1,0,0.0,0.0,0,0,0
P10041,2024-11-01,2020-07-01,active,Term Life,TX,rural,Agent,monthly,0,30.3,27883.78,500000,2876.37,719.09,1,0,0.0,0.0,0,0,0
P10041,2024-12-01,2020-07-01,active,Term Life,TX,rural,Agent,monthly,0,30.4,27883.78,500000,2876.37,479.4,1,1,0.0,0.0,0,0,0
P10042,2023-01-01,2023-03-01,active,Term Life,NY,suburban,Agent,annual,1,43.0,21173.74,250000,52.4,104.81,0,4,0.0,0.0,0,0,0
P10042,2023-02-01,2023-03-01,active,Term Life,NY,suburban,Agent,annual,1,43.0,21173.74,250000,52.4,157.21,0,6,0.0,0.0,0,0,0
P10042,2023-03-01,2023-03-01,active,Term Life,NY,suburban,Agent,annual,1,43.0,21173.74,250000,52.4,157.21,0,4,0.0,0.0,0,0,0
P10042,2023-04-01,2023-03-01,active,Term Life,NY,suburban,Agent,annual,1,43.1,21173.74,250000,52.4,157.21,0,3,0.0,0.0,0,0,0
P10042,2023-05-01,2023-03-01,active,Term Life,NY,suburban,Agent,annual,1,43.2,21173.74,250000,52.4,157.21,0,3,0.0,0.0,1,0,0
P10042,2023-06-01,2023-03-01,active,Term Life,NY,suburban,Agent,annual,1,43.2,21173.74,250000,52.4,157.21,0,3,0.0,0.0,0,1,0
P10042,2023-07-01,2023-03-01,active,Term Life,NY,suburban,Agent,annual,1,43.3,21173.74,250000,52.4,157.21,0,3,0.0,0.0,0,0,0
P10042,2023-08-01,2023-03-01,active,Term Life,NY,suburban,Agent,annual,1,43.4,21173.74,250000,52.4,157.21,0,2,0.0,0.0,1,0,0
P10042,2023-09-01,2023-03-01,active,Term Life,NY,suburban,Agent,annual,1,43.5,21173.74,250000,52.4,157.21,0,2,0.0,0.0,0,0,0
P10042,2023-10-01,2023-03-01,active,Term Life,NY,suburban,Agent,annual,1,43.6,21173.74,250000,52.4,157.21,0,3,0.0,0.0,0,0,0
P10042,2023-11-01,2023-03-01,active,Term Life,NY,suburban,Agent,annual,1,43.7,21173.74,250000,52.4,157.21,0,3,0.0,0.0,0,0,0
P10042,2023-12-01,2023-03-01,active,Term Life,NY,suburban,Agent,annual,1,43.8,21173.74,250000,52.4,157.21,0,2,0.0,0.0,0,0,0
P10042,2024-01-01,2023-03-01,active,Term Life,NY,suburban,Agent,annual,1,43.8,21173.74,250000,52.4,157.21,0,2,0.0,0.0,0,0,0
P10042,2024-02-01,2023-03-01,active,Term Life,NY,suburban,Agent,annual,1,43.9,21173.74,250000,52.4,157.21,0,2,0.0,0.0,0,0,0
P10042,2024-03-01,2023-03-01,active,Term Life,NY,suburban,Agent,annual,1,44.0,21173.74,250000,52.4,157.21,0,2,0.0,0.0,0,0,0
P10042,2024-04-01,2023-03-01,active,Term Life,NY,suburban,Agent,annual,1,44.1,21173.74,250000,52.4,157.21,1,3,0.0,0.0,0,0,0
P10042,2024-05-01,2023-03-01,active,Term Life,NY,suburban,Agent,annual,1,44.2,21173.74,250000,52.4,157.21,1,3,0.0,0.0,0,0,0
P10042,2024-06-01,2023-03-01,active,Term Life,NY,suburban,Agent,annual,1,44.2,21173.74,250000,52.4,157.21,1,3,0.0,0.0,0,0,0
P10042,2024-07-01,2023-03-01,active,Term Life,NY,suburban,Agent,annual,1,44.3,21173.74,250000,52.4,157.21,2,2,0.0,0.0,0,0,0
P10042,2024-08-01,2023-03-01,active,Term Life,NY,suburban,Agent,annual,1,44.4,21173.74,250000,52.4,157.21,1,4,0.0,0.0,0,0,0
P10042,2024-09-01,2023-03-01,active,Term Life,NY,suburban,Agent,annual,1,44.5,21173.74,250000,52.4,157.21,1,5,0.0,0.0,0,0,0
P10042,2024-10-01,2023-03-01,active,Term Life,NY,suburban,Agent,annual,1,44.6,21173.74,250000,52.4,157.21,1,2,0.0,0.0,0,0,0
P10042,2024-11-01,2023-03-01,active,Term Life,NY,suburban,Agent,annual,1,44.7,21173.74,250000,52.4,157.21,1,3,0.0,0.0,0,0,0
P10042,2024-12-01,2023-03-01,active,Term Life,NY,suburban,Agent,annual,1,44.8,21173.74,250000,52.4,157.21,1,3,0.0,0.0,0,0,0
P10043,2023-01-01,2016-03-01,active,Whole Life,IL,urban,Agent,monthly,0,32.8,128417.74,750000,1756.0,439.0,0,2,1611.78,0.0,0,0,0
P10043,2023-02-01,2016-03-01,active,Whole Life,IL,urban,Agent,monthly,0,32.9,128417.74,750000,1756.0,439.0,0,0,1858.57,0.0,0,0,0
P10043,2023-03-01,2016-03-01,active,Whole Life,IL,urban,Agent,monthly,0,33.0,128417.74,750000,1756.0,439.0,0,2,1846.98,0.0,1,0,0
P10043,2023-04-01,2016-03-01,active,Whole Life,IL,urban,Agent,monthly,0,33.1,128417.74,750000,1756.0,439.0,0,1,2206.8,0.0,0,0,0
P10043,2023-05-01,2016-03-01,active,Whole Life,IL,urban,Agent,monthly,0,33.2,128417.74,750000,1756.0,439.0,0,1,1089.24,0.0,0,0,0
P10043,2023-06-01,2016-03-01,active,Whole Life,IL,urban,Agent,monthly,0,33.2,128417.74,750000,1756.0,439.0,0,0,1707.32,459.06,0,0,0
P10043,2023-07-01,2016-03-01,active,Whole Life,IL,urban,Agent,monthly,0,33.3,128417.74,750000,1756.0,439.0,0,0,827.88,0.0,0,0,0
P10043,2023-08-01,2016-03-01,active,Whole Life,IL,urban,Agent,monthly,0,33.4,128417.74,750000,1756.0,439.0,0,1,1171.16,0.0,0,0,0
P10043,2023-09-01,2016-03-01,active,Whole Life,IL,urban,Agent,monthly,0,33.5,128417.74,750000,1756.0,439.0,1,0,1776.28,0.0,0,0,0
P10043,2023-10-01,2016-03-01,active,Whole Life,IL,urban,Agent,monthly,0,33.6,128417.74,750000,1756.0,439.0,1,1,2276.49,0.0,0,0,0
P10043,2023-11-01,2016-03-01,active,Whole Life,IL,urban,Agent,monthly,0,33.7,128417.74,750000,1756.0,292.67,1,0,893.58,0.0,0,0,0
P10043,2023-12-01,2016-03-01,active,Whole Life,IL,urban,Agent,monthly,0,33.8,128417.74,750000,1756.0,439.0,1,0,1456.16,0.0,0,0,0
P10043,2024-01-01,2016-03-01,active,Whole Life,IL,urban,Agent,monthly,0,33.8,128417.74,750000,1756.0,439.0,1,0,1225.47,0.0,0,0,0
P10043,2024-02-01,2016-03-01,active,Whole Life,IL,urban,Agent,monthly,0,33.9,128417.74,750000,1756.0,439.0,1,1,1461.28,0.0,0,0,0
P10043,2024-03-01,2016-03-01,active,Whole Life,IL,urban,Agent,monthly,0,34.0,128417.74,750000,1756.0,439.0,0,0,1225.38,562.1,0,0,0
P10043,2024-04-01,2016-03-01,active,Whole Life,IL,urban,Agent,monthly,0,34.1,128417.74,750000,1756.0,439.0,0,0,1123.56,0.0,0,1,0
P10043,2024-05-01,2016-03-01,active,Whole Life,IL,urban,Agent,monthly,0,34.2,128417.74,750000,1756.0,439.0,0,1,2420.17,0.0,0,0,0
P10043,2024-06-01,2016-03-01,active,Whole Life,IL,urban,Agent,monthly,0,34.2,128417.74,750000,1756.0,292.67,0,0,1817.73,0.0,0,0,0
P10043,2024-07-01,2016-03-01,active,Whole Life,IL,urban,Agent,monthly,0,34.3,128417.74,750000,1756.0,292.67,0,0,1897.57,0.0,0,0,0
P10043,2024-08-01,2016-03-01,active,Whole Life,IL,urban,Agent,monthly,0,34.4,128417.74,750000,1756.0,439.0,0,0,2601.79,0.0,0,0,0
P10043,2024-09-01,2016-03-01,active,Whole Life,IL,urban,Agent,monthly,0,34.5,128417.74,750000,1756.0,439.0,0,0,916.63,0.0,0,0,0
P10043,2024-10-01,2016-03-01,active,Whole Life,IL,urban,Agent,monthly,0,34.6,128417.74,750000,1756.0,439.0,0,0,980.26,0.0,0,0,0
P10043,2024-11-01,2016-03-01,active,Whole Life,IL,urban,Agent,monthly,0,34.7,128417.74,750000,1756.0,292.67,0,0,1790.15,0.0,0,0,0
P10043,2024-12-01,2016-03-01,active,Whole Life,IL,urban,Agent,monthly,0,34.8,128417.74,750000,1756.0,292.67,0,0,1121.26,0.0,0,0,0
P10044,2023-01-01,2020-05-01,active,Universal Life,NJ,suburban,Agent,annual,1,38.7,108213.27,500000,271.53,814.6,0,2,1468.38,0.0,0,0,0
P10044,2023-02-01,2020-05-01,active,Universal Life,NJ,suburban,Agent,annual,1,38.8,108213.27,500000,271.53,814.6,0,1,742.81,0.0,0,0,0
P10044,2023-03-01,2020-05-01,active,Universal Life,NJ,suburban,Agent,annual,1,38.8,108213.27,500000,271.53,814.6,0,2,1520.5,0.0,0,0,0
P10044,2023-04-01,2020-05-01,active,Universal Life,NJ,suburban,Agent,annual,1,38.9,108213.27,500000,271.53,814.6,0,2,714.54,0.0,0,0,0
P10044,2023-05-01,2020-05-01,active,Universal Life,NJ,suburban,Agent,annual,1,39.0,108213.27,500000,271.53,814.6,0,1,1395.0,0.0,0,0,0
P10044,2023-06-01,2020-05-01,active,Universal Life,NJ,suburban,Agent,annual,1,39.1,108213.27,500000,271.53,814.6,0,1,1673.09,893.18,0,0,0
P10044,2023-07-01,2020-05-01,active,Universal Life,NJ,suburban,Agent,annual,1,39.2,108213.27,500000,271.53,814.6,0,1,1739.01,0.0,0,0,0
P10044,2023-08-01,2020-05-01,active,Universal Life,NJ,suburban,Agent,annual,1,39.2,108213.27,500000,271.53,814.6,0,1,1535.13,0.0,0,1,0
P10044,2023-09-01,2020-05-01,active,Universal Life,NJ,suburban,Agent,annual,1,39.3,108213.27,500000,271.53,814.6,0,2,1357.69,0.0,0,0,0
P10044,2023-10-01,2020-05-01,active,Universal Life,NJ,suburban,Agent,annual,1,39.4,108213.27,500000,271.53,814.6,0,1,880.19,0.0,0,0,0
P10044,2023-11-01,2020-05-01,active,Universal Life,NJ,suburban,Agent,annual,1,39.5,108213.27,500000,271.53,814.6,0,2,1009.04,0.0,0,0,0
P10044,2023-12-01,2020-05-01,active,Universal Life,NJ,suburban,Agent,annual,1,39.6,108213.27,500000,271.53,814.6,0,2,1159.25,0.0,0,0,0
P10044,2024-01-01,2020-05-01,active,Universal Life,NJ,suburban,Agent,annual,1,39.7,108213.27,500000,271.53,814.6,0,1,2018.49,0.0,0,0,0
P10044,2024-02-01,2020-05-01,active,Universal Life,NJ,suburban,Agent,annual,1,39.8,108213.27,500000,271.53,814.6,0,1,1124.13,0.0,1,0,0
P10044,2024-03-01,2020-05-01,active,Universal Life,NJ,suburban,Agent,annual,1,39.8,108213.27,500000,271.53,543.07,0,1,1970.14,0.0,0,0,0
P10044,2024-04-01,2020-05-01,active,Universal Life,NJ,suburban,Agent,annual,1,39.9,108213.27,500000,271.53,814.6,0,2,1013.38,0.0,0,0,0
P10044,2024-05-01,2020-05-01,active,Universal Life,NJ,suburban,Agent,annual,1,40.0,108213.27,500000,271.53,814.6,0,1,1463.05,0.0,0,0,0
P10044,2024-06-01,2020-05-01,active,Universal Life,NJ,suburban,Agent,annual,1,40.1,108213.27,500000,271.53,814.6,0,1,2153.44,0.0,0,0,0
P10044,2024-07-01,2020-05-01,active,Universal Life,NJ,suburban,Agent,annual,1,40.2,108213.27,500000,271.53,814.6,0,1,1085.94,0.0,0,0,0
P10044,2024-08-01,2020-05-01,active,Universal Life,NJ,suburban,Agent,annual,1,40.2,108213.27,500000,271.53,814.6,0,1,1548.34,0.0,0,0,0
P10044,2024-09-01,2020-05-01,active,Universal Life,NJ,suburban,Agent,annual,1,40.3,108213.27,500000,271.53,814.6,0,2,1684.42,0.0,0,0,0
P10044,2024-10-01,2020-05-01,active,Universal Life,NJ,suburban,Agent,annual,1,40.4,108213.27,500000,271.53,814.6,0,4,1869.52,0.0,0,0,0
P10044,2024-11-01,2020-05-01,active,Universal Life,NJ,suburban,Agent,annual,1,40.5,108213.27,500000,271.53,814.6,0,3,1722.66,0.0,1,0,0
P10044,2024-12-01,2020-05-01,active,Universal Life,NJ,suburban,Agent,annual,1,40.6,108213.27,500000,271.53,814.6,0,2,1616.31,0.0,0,0,0
P10045,2023-01-01,2021-12-01,active,Indexed Universal Life,NJ,suburban,Agent,annual,1,75.1,45741.71,100000,57.17,171.52,0,3,61.72,0.0,0,0,0
P10045,2023-02-01,2021-12-01,active,Indexed Universal Life,NJ,suburban,Agent,annual,1,75.2,45741.71,100000,57.17,114.35,0,2,93.86,0.0,0,0,0
P10045,2023-03-01,2021-12-01,active,Indexed Universal Life,NJ,suburban,Agent,annual,1,75.2,45741.71,100000,57.17,171.52,0,2,85.9,0.0,1,0,0
P10045,2023-04-01,2021-12-01,active,Indexed Universal Life,NJ,suburban,Agent,annual,1,75.3,45741.71,100000,57.17,171.52,0,2,160.58,0.0,0,0,0
P10045,2023-05-01,2021-12-01,active,Indexed Universal Life,NJ,suburban,Agent,annual,1,75.4,45741.71,100000,57.17,171.52,0,1,164.6,57.41,0,0,0
P10045,2023-06-01,2021-12-01,active,Indexed Universal Life,NJ,suburban,Agent,annual,1,75.5,45741.71,100000,57.17,171.52,0,1,68.61,0.0,0,0,0
P10045,2023-07-01,2021-12-01,active,Indexed Universal Life,NJ,suburban,Agent,annual,1,75.6,45741.71,100000,57.17,171.52,0,1,158.68,0.0,0,0,0
P10045,2023-08-01,2021-12-01,active,Indexed Universal Life,NJ,suburban,Agent,annual,1,75.7,45741.71,100000,57.17,171.52,0,1,131.56,38.97,0,0,0
P10045,2023-09-01,2021-12-01,active,Indexed Universal Life,NJ,suburban,Agent,annual,1,75.8,45741.71,100000,57.17,171.52,0,2,111.61,0.0,0,0,0
P10045,2023-10-01,2021-12-01,active,Indexed Universal Life,NJ,suburban,Agent,annual,1,75.8,45741.71,100000,57.17,171.52,0,1,137.88,0.0,0,0,0
P10045,2023-11-01,2021-12-01,active,Indexed Universal Life,NJ,suburban,Agent,annual,1,75.9,45741.71,100000,57.17,171.52,0,1,228.92,0.0,0,0,0
P10045,2023-12-01,2021-12-01,active,Indexed Universal Life,NJ,suburban,Agent,annual,1,76.0,45741.71,100000,57.17,171.52,0,1,133.14,15.88,0,0,0
P10045,2024-01-01,2021-12-01,active,Indexed Universal Life,NJ,suburban,Agent,annual,1,76.1,45741.71,100000,57.17,171.52,0,1,108.63,0.0,0,0,0
P10045,2024-02-01,2021-12-01,active,Indexed Universal Life,NJ,suburban,Agent,annual,1,76.2,45741.71,100000,57.17,171.52,0,1,105.94,0.0,0,0,0
P10045,2024-03-01,2021-12-01,active,Indexed Universal Life,NJ,suburban,Agent,annual,1,76.2,45741.71,100000,57.17,171.52,1,2,160.38,42.43,0,0,0
P10045,2024-04-01,2021-12-01,active,Indexed Universal Life,NJ,suburban,Agent,annual,1,76.3,45741.71,100000,57.17,171.52,0,3,202.25,0.0,0,0,0
P10045,2024-05-01,2021-12-01,active,Indexed Universal Life,NJ,suburban,Agent,annual,1,76.4,45741.71,100000,57.17,171.52,0,1,108.33,0.0,0,0,0
P10045,2024-06-01,2021-12-01,active,Indexed Universal Life,NJ,suburban,Agent,annual,1,76.5,45741.71,100000,57.17,171.52,0,1,169.05,0.0,0,0,0
P10045,2024-07-01,2021-12-01,active,Indexed Universal Life,NJ,suburban,Agent,annual,1,76.6,45741.71,100000,57.17,171.52,0,2,314.1,0.0,1,0,0
P10045,2024-08-01,2021-12-01,active,Indexed Universal Life,NJ,suburban,Agent,annual,1,76.7,45741.71,100000,57.17,114.35,0,2,110.25,0.0,0,0,0
P10045,2024-09-01,2021-12-01,active,Indexed Universal Life,NJ,suburban,Agent,annual,1,76.8,45741.71,100000,57.17,171.52,0,3,194.88,0.0,0,0,0
P10045,2024-10-01,2021-12-01,active,Indexed Universal Life,NJ,suburban,Agent,annual,1,76.8,45741.71,100000,57.17,171.52,0,2,273.26,0.0,0,0,0
P10045,2024-11-01,2021-12-01,active,Indexed Universal Life,NJ,suburban,Agent,annual,1,76.9,45741.71,100000,57.17,171.52,0,1,159.92,0.0,0,0,0
P10045,2024-12-01,2021-12-01,active,Indexed Universal Life,NJ,suburban,Agent,annual,1,77.0,45741.71,100000,57.17,171.52,1,1,162.0,0.0,0,0,0
P10046,2023-01-01,2014-09-01,active,Term Life,TX,urban,Agent,monthly,1,48.3,63269.29,250000,1052.38,263.1,0,4,0.0,0.0,0,0,0
P10046,2023-02-01,2014-09-01,active,Term Life,TX,urban,Agent,monthly,1,48.4,63269.29,250000,1052.38,263.1,0,4,0.0,0.0,0,0,0
P10046,2023-03-01,2014-09-01,active,Term Life,TX,urban,Agent,monthly,1,48.5,63269.29,250000,1052.38,263.1,0,4,0.0,0.0,1,0,0
P10046,2023-04-01,2014-09-01,active,Term Life,TX,urban,Agent,monthly,1,48.6,63269.29,250000,1052.38,263.1,0,3,0.0,0.0,0,0,0
P10046,2023-05-01,2014-09-01,active,Term Life,TX,urban,Agent,monthly,1,48.7,63269.29,250000,1052.38,263.1,0,3,0.0,0.0,0,0,0
P10046,2023-06-01,2014-09-01,active,Term Life,TX,urban,Agent,monthly,1,48.8,63269.29,250000,1052.38,263.1,0,3,0.0,0.0,0,0,0
P10046,2023-07-01,2014-09-01,active,Term Life,TX,urban,Agent,monthly,1,48.8,63269.29,250000,1052.38,263.1,0,3,0.0,0.0,0,0,0
P10046,2023-08-01,2014-09-01,active,Term Life,TX,urban,Agent,monthly,1,48.9,63269.29,250000,1052.38,263.1,0,4,0.0,0.0,0,0,0
P10046,2023-09-01,2014-09-01,active,Term Life,TX,urban,Agent,monthly,1,49.0,63269.29,250000,1052.38,263.1,0,5,0.0,0.0,0,0,0
P10046,2023-10-01,2014-09-01,active,Term Life,TX,urban,Agent,monthly,1,49.1,63269.29,250000,1052.38,263.1,0,4,0.0,0.0,0,0,0
P10046,2023-11-01,2014-09-01,active,Term Life,TX,urban,Agent,monthly,1,49.2,63269.29,250000,1052.38,263.1,0,3,0.0,0.0,0,0,0
P10046,2023-12-01,2014-09-01,active,Term Life,TX,urban,Agent,monthly,1,49.2,63269.29,250000,1052.38,263.1,0,4,0.0,0.0,0,0,0
P10046,2024-01-01,2014-09-01,active,Term Life,TX,urban,Agent,monthly,1,49.3,63269.29,250000,1052.38,263.1,0,3,0.0,0.0,0,0,0
P10046,2024-02-01,2014-09-01,active,Term Life,TX,urban,Agent,monthly,1,49.4,63269.29,250000,1052.38,263.1,0,4,0.0,0.0,0,0,0
P10046,2024-03-01,2014-09-01,active,Term Life,TX,urban,Agent,monthly,1,49.5,63269.29,250000,1052.38,263.1,0,4,0.0,0.0,0,0,0
P10046,2024-04-01,2014-09-01,active,Term Life,TX,urban,Agent,monthly,1,49.6,63269.29,250000,1052.38,263.1,0,4,0.0,0.0,0,0,0
P10046,2024-05-01,2014-09-01,active,Term Life,TX,urban,Agent,monthly,1,49.7,63269.29,250000,1052.38,263.1,0,3,0.0,0.0,0,0,0
P10046,2024-06-01,2014-09-01,active,Term Life,TX,urban,Agent,monthly,1,49.8,63269.29,250000,1052.38,263.1,0,3,0.0,0.0,0,0,0
P10046,2024-07-01,2014-09-01,active,Term Life,TX,urban,Agent,monthly,1,49.8,63269.29,250000,1052.38,263.1,1,4,0.0,0.0,0,0,0
P10046,2024-08-01,2014-09-01,active,Term Life,TX,urban,Agent,monthly,1,49.9,63269.29,250000,1052.38,263.1,1,3,0.0,0.0,0,0,0
P10046,2024-09-01,2014-09-01,active,Term Life,TX,urban,Agent,monthly,1,50.0,63269.29,250000,1052.38,263.1,0,4,0.0,0.0,0,0,0
P10046,2024-10-01,2014-09-01,active,Term Life,TX,urban,Agent,monthly,1,50.1,63269.29,250000,1052.38,263.1,0,4,0.0,0.0,0,0,0
P10046,2024-11-01,2014-09-01,active,Term Life,TX,urban,Agent,monthly,1,50.2,63269.29,250000,1052.38,263.1,0,4,0.0,0.0,1,0,0
P10046,2024-12-01,2014-09-01,active,Term Life,TX,urban,Agent,monthly,1,50.2,63269.29,250000,1052.38,263.1,0,3,0.0,0.0,1,0,0
P10047,2023-01-01,2021-11-01,active,Universal Life,CA,suburban,Broker,monthly,0,29.2,196426.17,750000,1773.47,443.37,0,1,147.52,0.0,1,0,0
P10047,2023-02-01,2021-11-01,active,Universal Life,CA,suburban,Broker,monthly,0,29.2,196426.17,750000,1773.47,443.37,0,1,255.68,0.0,0,0,0
P10047,2023-03-01,2021-11-01,active,Universal Life,CA,suburban,Broker,monthly,0,29.3,196426.17,750000,1773.47,443.37,1,1,310.85,0.0,0,0,0
P10047,2023-04-01,2021-11-01,active,Universal Life,CA,suburban,Broker,monthly,0,29.4,196426.17,750000,1773.47,443.37,1,1,347.07,0.0,0,0,0
P10047,2023-05-01,2021-11-01,active,Universal Life,CA,suburban,Broker,monthly,0,29.5,196426.17,750000,1773.47,295.58,2,1,413.42,0.0,0,0,0
P10047,2023-06-01,2021-11-01,active,Universal Life,CA,suburban,Broker,monthly,0,29.6,196426.17,750000,1773.47,443.37,2,3,316.73,0.0,0,0,0
P10047,2023-07-01,2021-11-01,active,Universal Life,CA,suburban,Broker,monthly,0,29.7,196426.17,750000,1773.47,443.37,1,1,386.09,0.0,0,0,0
P10047,2023-08-01,2021-11-01,active,Universal Life,CA,suburban,Broker,monthly,0,29.8,196426.17,750000,1773.47,295.58,1,1,422.36,0.0,0,0,0
P10047,2023-09-01,2021-11-01,active,Universal Life,CA,suburban,Broker,monthly,0,29.8,196426.17,750000,1773.47,443.37,0,2,352.42,202.62,0,0,0
P10047,2023-10-01,2021-11-01,active,Universal Life,CA,suburban,Broker,monthly,0,29.9,196426.17,750000,1773.47,295.58,0,4,571.95,0.0,0,0,0
P10047,2023-11-01,2021-11-01,active,Universal Life,CA,suburban,Broker,monthly,0,30.0,196426.17,750000,1773.47,443.37,0,2,264.55,0.0,0,0,0
P10047,2023-12-01,2021-11-01,active,Universal Life,CA,suburban,Broker,monthly,0,30.1,196426.17,750000,1773.47,295.58,0,1,549.57,0.0,0,0,0
P10047,2024-01-01,2021-11-01,active,Universal Life,CA,suburban,Broker,monthly,0,30.2,196426.17,750000,1773.47,295.58,0,2,646.56,0.0,0,0,0
P10047,2024-02-01,2021-11-01,active,Universal Life,CA,suburban,Broker,monthly,0,30.2,196426.17,750000,1773.47,443.37,0,1,401.62,0.0,0,0,0
P10047,2024-03-01,2021-11-01,active,Universal Life,CA,suburban,Broker,monthly,0,30.3,196426.17,750000,1773.47,443.37,0,2,530.87,0.0,0,0,0
P10047,2024-04-01,2021-11-01,active,Universal Life,CA,suburban,Broker,monthly,0,30.4,196426.17,750000,1773.47,295.58,0,2,577.34,0.0,0,0,0
P10047,2024-05-01,2021-11-01,active,Universal Life,CA,suburban,Broker,monthly,0,30.5,196426.17,750000,1773.47,295.58,0,3,270.32,0.0,0,0,0
P10047,2024-06-01,2021-11-01,active,Universal Life,CA,suburban,Broker,monthly,0,30.6,196426.17,750000,1773.47,295.58,0,1,303.75,0.0,0,0,0
P10047,2024-07-01,2021-11-01,active,Universal Life,CA,suburban,Broker,monthly,0,30.7,196426.17,750000,1773.47,443.37,0,1,761.59,0.0,0,0,0
P10047,2024-08-01,2021-11-01,active,Universal Life,CA,suburban,Broker,monthly,0,30.8,196426.17,750000,1773.47,443.37,0,2,563.45,0.0,0,0,0
P10047,2024-09-01,2021-11-01,active,Universal Life,CA,suburban,Broker,monthly,0,30.8,196426.17,750000,1773.47,443.37,0,3,511.37,0.0,0,0,0
P10047,2024-10-01,2021-11-01,active,Universal Life,CA,suburban,Broker,monthly,0,30.9,196426.17,750000,1773.47,443.37,0,1,331.49,0.0,0,0,0
P10047,2024-11-01,2021-11-01,active,Universal Life,CA,suburban,Broker,monthly,0,31.0,196426.17,750000,1773.47,443.37,0,1,659.45,0.0,0,0,0
P10047,2024-12-01,2021-11-01,active,Universal Life,CA,suburban,Broker,monthly,0,31.1,196426.17,750000,1773.47,443.37,0,2,373.46,0.0,0,0,0
P10048,2023-01-01,2018-02-01,active,Universal Life,CA,urban,Agent,monthly,1,43.9,28706.09,750000,3522.05,880.51,0,1,1280.16,0.0,0,0,0
P10048,2023-02-01,2018-02-01,active,Universal Life,CA,urban,Agent,monthly,1,44.0,28706.09,750000,3522.05,880.51,0,1,3067.52,1502.48,0,0,0
P10048,2023-03-01,2018-02-01,active,Universal Life,CA,urban,Agent,monthly,1,44.1,28706.09,750000,3522.05,880.51,0,1,1174.55,301.7,0,0,0
P10048,2023-04-01,2018-02-01,active,Universal Life,CA,urban,Agent,monthly,1,44.2,28706.09,750000,3522.05,880.51,0,1,2685.42,0.0,0,0,0
P10048,2023-05-01,2018-02-01,active,Universal Life,CA,urban,Agent,monthly,1,44.2,28706.09,750000,3522.05,880.51,0,1,3043.47,0.0,0,0,0
P10048,2023-06-01,2018-02-01,active,Universal Life,CA,urban,Agent,monthly,1,44.3,28706.09,750000,3522.05,880.51,0,3,2474.18,0.0,0,0,0
P10048,2023-07-01,2018-02-01,active,Universal Life,CA,urban,Agent,monthly,1,44.4,28706.09,750000,3522.05,880.51,0,3,2813.62,0.0,0,0,0
P10048,2023-08-01,2018-02-01,active,Universal Life,CA,urban,Agent,monthly,1,44.5,28706.09,750000,3522.05,587.01,0,2,2247.77,0.0,0,0,0
P10048,2023-09-01,2018-02-01,active,Universal Life,CA,urban,Agent,monthly,1,44.6,28706.09,750000,3522.05,880.51,0,2,3515.8,0.0,0,0,0
P10048,2023-10-01,2018-02-01,active,Universal Life,CA,urban,Agent,monthly,1,44.7,28706.09,750000,3522.05,880.51,0,1,2503.94,0.0,0,0,0
P10048,2023-11-01,2018-02-01,active,Universal Life,CA,urban,Agent,monthly,1,44.8,28706.09,750000,3522.05,880.51,0,1,2183.89,0.0,0,0,0
P10048,2023-12-01,2018-02-01,active,Universal Life,CA,urban,Agent,monthly,1,44.8,28706.09,750000,3522.05,587.01,0,2,2540.01,0.0,0,0,0
P10048,2024-01-01,2018-02-01,active,Universal Life,CA,urban,Agent,monthly,1,44.9,28706.09,750000,3522.05,880.51,0,2,1732.46,0.0,0,0,0
P10048,2024-02-01,2018-02-01,active,Universal Life,CA,urban,Agent,monthly,1,45.0,28706.09,750000,3522.05,587.01,0,3,2650.01,0.0,0,0,0
P10048,2024-03-01,2018-02-01,active,Universal Life,CA,urban,Agent,monthly,1,45.1,28706.09,750000,3522.05,880.51,0,1,2312.72,347.71,0,0,0
P10048,2024-04-01,2018-02-01,active,Universal Life,CA,urban,Agent,monthly,1,45.2,28706.09,750000,3522.05,880.51,0,2,2179.84,0.0,0,0,0
P10048,2024-05-01,2018-02-01,active,Universal Life,CA,urban,Agent,monthly,1,45.2,28706.09,750000,3522.05,880.51,1,1,3177.68,0.0,0,0,0
P10048,2024-06-01,2018-02-01,active,Universal Life,CA,urban,Agent,monthly,1,45.3,28706.09,750000,3522.05,880.51,1,2,1781.48,0.0,1,0,0
P10048,2024-07-01,2018-02-01,active,Universal Life,CA,urban,Agent,monthly,1,45.4,28706.09,750000,3522.05,880.51,1,2,2839.52,0.0,0,0,0
P10048,2024-08-01,2018-02-01,active,Universal Life,CA,urban,Agent,monthly,1,45.5,28706.09,750000,3522.05,880.51,0,1,3800.38,0.0,0,0,0
P10048,2024-09-01,2018-02-01,active,Universal Life,CA,urban,Agent,monthly,1,45.6,28706.09,750000,3522.05,880.51,0,2,2436.42,0.0,0,0,0
P10048,2024-10-01,2018-02-01,active,Universal Life,CA,urban,Agent,monthly,1,45.7,28706.09,750000,3522.05,880.51,0,1,3770.95,0.0,0,0,0
P10048,2024-11-01,2018-02-01,active,Universal Life,CA,urban,Agent,monthly,1,45.8,28706.09,750000,3522.05,880.51,0,1,2871.04,0.0,0,0,0
P10048,2024-12-01,2018-02-01,active,Universal Life,CA,urban,Agent,monthly,1,45.8,28706.09,750000,3522.05,880.51,0,3,4173.42,0.0,0,0,0
P10049,2023-01-01,2018-02-01,active,Whole Life,TX,urban,Agent,monthly,1,48.9,80980.82,100000,300.0,75.0,0,2,180.63,0.0,1,0,0
P10049,2023-02-01,2018-02-01,active,Whole Life,TX,urban,Agent,monthly,1,49.0,80980.82,100000,300.0,75.0,0,1,94.19,0.0,0,0,0
P10049,2023-03-01,2018-02-01,active,Whole Life,TX,urban,Agent,monthly,1,49.1,80980.82,100000,300.0,75.0,0,1,150.22,0.0,0,0,0
P10049,2023-04-01,2018-02-01,active,Whole Life,TX,urban,Agent,monthly,1,49.2,80980.82,100000,300.0,75.0,0,3,152.21,0.0,0,0,0
P10049,2023-05-01,2018-02-01,active,Whole Life,TX,urban,Agent,monthly,1,49.2,80980.82,100000,300.0,75.0,0,1,162.96,0.0,0,0,0
P10049,2023-06-01,2018-02-01,active,Whole Life,TX,urban,Agent,monthly,1,49.3,80980.82,100000,300.0,75.0,0,1,211.56,0.0,0,0,0
P10049,2023-07-01,2018-02-01,active,Whole Life,TX,urban,Agent,monthly,1,49.4,80980.82,100000,300.0,75.0,0,3,233.84,0.0,0,0,0
P10049,2023-08-01,2018-02-01,active,Whole Life,TX,urban,Agent,monthly,1,49.5,80980.82,100000,300.0,50.0,0,1,174.81,0.0,0,0,0
P10049,2023-09-01,2018-02-01,active,Whole Life,TX,urban,Agent,monthly,1,49.6,80980.82,100000,300.0,50.0,0,1,111.43,0.0,0,0,0
P10049,2023-10-01,2018-02-01,active,Whole Life,TX,urban,Agent,monthly,1,49.7,80980.82,100000,300.0,50.0,0,1,164.3,0.0,0,0,0
P10049,2023-11-01,2018-02-01,active,Whole Life,TX,urban,Agent,monthly,1,49.8,80980.82,100000,300.0,50.0,0,1,139.17,0.0,0,0,0
P10049,2023-12-01,2018-02-01,active,Whole Life,TX,urban,Agent,monthly,1,49.8,80980.82,100000,300.0,75.0,0,2,129.86,0.0,0,0,0
P10049,2024-01-01,2018-02-01,active,Whole Life,TX,urban,Agent,monthly,1,49.9,80980.82,100000,300.0,50.0,0,1,131.52,0.0,1,0,0
P10049,2024-02-01,2018-02-01,active,Whole Life,TX,urban,Agent,monthly,1,50.0,80980.82,100000,300.0,75.0,0,1,236.39,0.0,0,0,0
P10049,2024-03-01,2018-02-01,active,Whole Life,TX,urban,Agent,monthly,1,50.1,80980.82,100000,300.0,75.0,0,3,138.99,0.0,0,1,0
P10049,2024-04-01,2018-02-01,active,Whole Life,TX,urban,Agent,monthly,1,50.2,80980.82,100000,300.0,75.0,0,4,169.71,0.0,0,0,0
P10049,2024-05-01,2018-02-01,active,Whole Life,TX,urban,Agent,monthly,1,50.2,80980.82,100000,300.0,50.0,0,1,245.62,0.0,0,0,0
P10049,2024-06-01,2018-02-01,active,Whole Life,TX,urban,Agent,monthly,1,50.3,80980.82,100000,300.0,50.0,0,2,211.88,0.0,0,0,0
P10049,2024-07-01,2018-02-01,active,Whole Life,TX,urban,Agent,monthly,1,50.4,80980.82,100000,300.0,75.0,0,4,316.12,0.0,0,1,0
P10049,2024-08-01,2018-02-01,active,Whole Life,TX,urban,Agent,monthly,1,50.5,80980.82,100000,300.0,75.0,0,1,162.69,0.0,0,1,0
P10049,2024-09-01,2018-02-01,active,Whole Life,TX,urban,Agent,monthly,1,50.6,80980.82,100000,300.0,75.0,0,1,292.01,0.0,0,0,0
P10049,2024-10-01,2018-02-01,active,Whole Life,TX,urban,Agent,monthly,1,50.7,80980.82,100000,300.0,75.0,0,2,302.17,0.0,0,0,0
P10049,2024-11-01,2018-02-01,active,Whole Life,TX,urban,Agent,monthly,1,50.8,80980.82,100000,300.0,50.0,0,1,160.47,0.0,0,0,0
P10049,2024-12-01,2018-02-01,active,Whole Life,TX,urban,Agent,monthly,1,50.8,80980.82,100000,300.0,75.0,0,1,207.35,0.0,0,0,0
P10050,2023-01-01,2018-07-01,active,Term Life,AZ,urban,Direct,quarterly,0,49.5,50374.18,150000,341.89,256.42,0,1,0.0,0.0,0,0,0
P10050,2023-02-01,2018-07-01,active,Term Life,AZ,urban,Direct,quarterly,0,49.6,50374.18,150000,341.89,256.42,1,2,0.0,0.0,1,0,0
P10050,2023-03-01,2018-07-01,active,Term Life,AZ,urban,Direct,quarterly,0,49.7,50374.18,150000,341.89,170.95,2,1,0.0,0.0,0,0,0
P10050,2023-04-01,2018-07-01,active,Term Life,AZ,urban,Direct,quarterly,0,49.8,50374.18,150000,341.89,170.95,1,4,0.0,0.0,0,0,0
P10050,2023-05-01,2018-07-01,active,Term Life,AZ,urban,Direct,quarterly,0,49.8,50374.18,150000,341.89,256.42,0,1,0.0,0.0,0,0,0
P10050,2023-06-01,2018-07-01,active,Term Life,AZ,urban,Direct,quarterly,0,49.9,50374.18,150000,341.89,170.95,0,2,0.0,0.0,0,0,0
P10050,2023-07-01,2018-07-01,active,Term Life,AZ,urban,Direct,quarterly,0,50.0,50374.18,150000,341.89,256.42,0,1,0.0,0.0,0,0,0
P10050,2023-08-01,2018-07-01,active,Term Life,AZ,urban,Direct,quarterly,0,50.1,50374.18,150000,341.89,256.42,0,1,0.0,0.0,0,0,0
P10050,2023-09-01,2018-07-01,active,Term Life,AZ,urban,Direct,quarterly,0,50.2,50374.18,150000,341.89,170.95,0,3,0.0,0.0,0,0,0
P10050,2023-10-01,2018-07-01,active,Term Life,AZ,urban,Direct,quarterly,0,50.2,50374.18,150000,341.89,170.95,0,3,0.0,0.0,0,0,0
P10050,2023-11-01,2018-07-01,active,Term Life,AZ,urban,Direct,quarterly,0,50.3,50374.18,150000,341.89,170.95,0,3,0.0,0.0,0,1,0
P10050,2023-12-01,2018-07-01,active,Term Life,AZ,urban,Direct,quarterly,0,50.4,50374.18,150000,341.89,256.42,1,1,0.0,0.0,0,0,0
P10050,2024-01-01,2018-07-01,active,Term Life,AZ,urban,Direct,quarterly,0,50.5,50374.18,150000,341.89,256.42,1,1,0.0,0.0,0,0,0
P10050,2024-02-01,2018-07-01,active,Term Life,AZ,urban,Direct,quarterly,0,50.6,50374.18,150000,341.89,256.42,1,1,0.0,0.0,0,0,0
P10050,2024-03-01,2018-07-01,active,Term Life,AZ,urban,Direct,quarterly,0,50.7,50374.18,150000,341.89,170.95,1,3,0.0,0.0,0,0,0
P10050,2024-04-01,2018-07-01,active,Term Life,AZ,urban,Direct,quarterly,0,50.8,50374.18,150000,341.89,170.95,1,2,0.0,0.0,1,0,0
P10050,2024-05-01,2018-07-01,active,Term Life,AZ,urban,Direct,quarterly,0,50.8,50374.18,150000,341.89,256.42,1,2,0.0,0.0,0,0,0
P10050,2024-06-01,2018-07-01,active,Term Life,AZ,urban,Direct,quarterly,0,50.9,50374.18,150000,341.89,256.42,1,1,0.0,0.0,0,0,0
P10050,2024-07-01,2018-07-01,active,Term Life,AZ,urban,Direct,quarterly,0,51.0,50374.18,150000,341.89,170.95,1,1,0.0,0.0,0,0,0
P10050,2024-08-01,2018-07-01,active,Term Life,AZ,urban,Direct,quarterly,0,51.1,50374.18,150000,341.89,256.42,1,3,0.0,0.0,0,1,0
P10050,2024-09-01,2018-07-01,active,Term Life,AZ,urban,Direct,quarterly,0,51.2,50374.18,150000,341.89,256.42,2,1,0.0,0.0,0,0,0
P10050,2024-10-01,2018-07-01,active,Term Life,AZ,urban,Direct,quarterly,0,51.2,50374.18,150000,341.89,256.42,2,2,0.0,0.0,0,0,0
P10050,2024-11-01,2018-07-01,active,Term Life,AZ,urban,Direct,quarterly,0,51.3,50374.18,150000,341.89,256.42,2,3,0.0,0.0,0,0,0
P10050,2024-12-01,2018-07-01,active,Term Life,AZ,urban,Direct,quarterly,0,51.4,50374.18,150000,341.89,170.95,2,2,0.0,0.0,1,0,0
P10051,2023-01-01,2014-03-01,active,Universal Life,TX,urban,Broker,annual,0,46.8,69085.61,500000,95.15,285.44,0,0,1515.78,0.0,0,0,0
P10051,2023-02-01,2014-03-01,active,Universal Life,TX,urban,Broker,annual,0,46.9,69085.61,500000,95.15,285.44,0,1,1440.09,0.0,0,0,0
P10051,2023-03-01,2014-03-01,active,Universal Life,TX,urban,Broker,annual,0,47.0,69085.61,500000,95.15,285.44,0,0,637.91,0.0,0,0,0
P10051,2023-04-01,2014-03-01,active,Universal Life,TX,urban,Broker,annual,0,47.1,69085.61,500000,95.15,285.44,0,0,1414.96,189.79,0,0,0
P10051,2023-05-01,2014-03-01,active,Universal Life,TX,urban,Broker,annual,0,47.2,69085.61,500000,95.15,285.44,0,0,1470.83,0.0,0,0,0
P10051,2023-06-01,2014-03-01,active,Universal Life,TX,urban,Broker,annual,0,47.2,69085.61,500000,95.15,285.44,0,0,953.75,0.0,0,0,0
P10051,2023-07-01,2014-03-01,active,Universal Life,TX,urban,Broker,annual,0,47.3,69085.61,500000,95.15,285.44,0,0,703.05,0.0,0,0,0
P10051,2023-08-01,2014-03-01,active,Universal Life,TX,urban,Broker,annual,0,47.4,69085.61,500000,95.15,285.44,0,2,1894.28,921.83,0,0,0
P10051,2023-09-01,2014-03-01,active,Universal Life,TX,urban,Broker,annual,0,47.5,69085.61,500000,95.15,285.44,0,1,1040.93,0.0,0,0,0
P10051,2023-10-01,2014-03-01,active,Universal Life,TX,urban,Broker,annual,0,47.6,69085.61,500000,95.15,285.44,0,0,1073.73,0.0,0,0,0
P10051,2023-11-01,2014-03-01,active,Universal Life,TX,urban,Broker,annual,0,47.7,69085.61,500000,95.15,285.44,0,0,1261.1,0.0,1,0,0
P10051,2023-12-01,2014-03-01,active,Universal Life,TX,urban,Broker,annual,0,47.8,69085.61,500000,95.15,285.44,0,0,1901.29,0.0,0,0,0
P10051,2024-01-01,2014-03-01,active,Universal Life,TX,urban,Broker,annual,0,47.8,69085.61,500000,95.15,190.29,0,0,1948.83,0.0,0,0,0
P10051,2024-02-01,2014-03-01,active,Universal Life,TX,urban,Broker,annual,0,47.9,69085.61,500000,95.15,285.44,0,0,1151.57,0.0,0,0,0
P10051,2024-03-01,2014-03-01,active,Universal Life,TX,urban,Broker,annual,0,48.0,69085.61,500000,95.15,190.29,0,2,1395.52,0.0,0,0,0
P10051,2024-04-01,2014-03-01,active,Universal Life,TX,urban,Broker,annual,0,48.1,69085.61,500000,95.15,285.44,0,0,2024.48,0.0,0,1,0
P10051,2024-05-01,2014-03-01,active,Universal Life,TX,urban,Broker,annual,0,48.2,69085.61,500000,95.15,285.44,0,3,2055.2,0.0,0,0,0
P10051,2024-06-01,2014-03-01,active,Universal Life,TX,urban,Broker,annual,0,48.2,69085.61,500000,95.15,190.29,0,0,709.16,0.0,0,0,0
P10051,2024-07-01,2014-03-01,active,Universal Life,TX,urban,Broker,annual,0,48.3,69085.61,500000,95.15,285.44,0,0,1368.52,0.0,0,0,0
P10051,2024-08-01,2014-03-01,active,Universal Life,TX,urban,Broker,annual,0,48.4,69085.61,500000,95.15,285.44,0,1,1597.24,0.0,0,0,0
P10051,2024-09-01,2014-03-01,active,Universal Life,TX,urban,Broker,annual,0,48.5,69085.61,500000,95.15,190.29,0,0,1606.53,0.0,0,0,0
P10051,2024-10-01,2014-03-01,active,Universal Life,TX,urban,Broker,annual,0,48.6,69085.61,500000,95.15,285.44,0,0,2112.3,0.0,0,0,0
P10051,2024-11-01,2014-03-01,active,Universal Life,TX,urban,Broker,annual,0,48.7,69085.61,500000,95.15,285.44,0,2,1887.16,0.0,0,0,0
P10051,2024-12-01,2014-03-01,active,Universal Life,TX,urban,Broker,annual,0,48.8,69085.61,500000,95.15,190.29,0,1,1688.53,0.0,0,0,0
P10052,2023-01-01,2016-06-01,active,Indexed Universal Life,TX,rural,Broker,quarterly,1,76.6,58814.0,250000,537.13,402.85,0,1,1232.95,671.21,0,0,0
P10052,2023-02-01,2016-06-01,active,Indexed Universal Life,TX,rural,Broker,quarterly,1,76.7,58814.0,250000,537.13,402.85,0,1,1128.04,0.0,0,0,0
P10052,2023-03-01,2016-06-01,active,Indexed Universal Life,TX,rural,Broker,quarterly,1,76.8,58814.0,250000,537.13,268.57,0,2,1489.87,0.0,0,0,0
P10052,2023-04-01,2016-06-01,active,Indexed Universal Life,TX,rural,Broker,quarterly,1,76.8,58814.0,250000,537.13,402.85,0,1,1570.4,0.0,1,0,0
P10052,2023-05-01,2016-06-01,active,Indexed Universal Life,TX,rural,Broker,quarterly,1,76.9,58814.0,250000,537.13,402.85,0,1,758.43,0.0,0,0,0
P10052,2023-06-01,2016-06-01,active,Indexed Universal Life,TX,rural,Broker,quarterly,1,77.0,58814.0,250000,537.13,402.85,0,1,1349.11,0.0,0,0,0
P10052,2023-07-01,2016-06-01,active,Indexed Universal Life,TX,rural,Broker,quarterly,1,77.1,58814.0,250000,537.13,402.85,0,5,1366.1,0.0,0,0,0
P10052,2023-08-01,2016-06-01,active,Indexed Universal Life,TX,rural,Broker,quarterly,1,77.2,58814.0,250000,537.13,402.85,0,1,1558.9,0.0,0,0,0
P10052,2023-09-01,2016-06-01,active,Indexed Universal Life,TX,rural,Broker,quarterly,1,77.2,58814.0,250000,537.13,402.85,0,2,1656.88,0.0,0,0,0
P10052,2023-10-01,2016-06-01,active,Indexed Universal Life,TX,rural,Broker,quarterly,1,77.3,58814.0,250000,537.13,402.85,0,2,1472.19,0.0,0,0,0
P10052,2023-11-01,2016-06-01,active,Indexed Universal Life,TX,rural,Broker,quarterly,1,77.4,58814.0,250000,537.13,402.85,0,1,1527.79,0.0,0,0,0
P10052,2023-12-01,2016-06-01,active,Indexed Universal Life,TX,rural,Broker,quarterly,1,77.5,58814.0,250000,537.13,402.85,0,2,1741.71,753.88,0,0,0
P10052,2024-01-01,2016-06-01,active,Indexed Universal Life,TX,rural,Broker,quarterly,1,77.6,58814.0,250000,537.13,402.85,0,1,825.59,0.0,0,1,0
P10052,2024-02-01,2016-06-01,active,Indexed Universal Life,TX,rural,Broker,quarterly,1,77.7,58814.0,250000,537.13,402.85,0,2,1498.8,0.0,0,0,0
P10052,2024-03-01,2016-06-01,active,Indexed Universal Life,TX,rural,Broker,quarterly,1,77.8,58814.0,250000,537.13,402.85,0,1,1599.8,0.0,0,0,0
P10052,2024-04-01,2016-06-01,active,Indexed Universal Life,TX,rural,Broker,quarterly,1,77.8,58814.0,250000,537.13,268.57,0,1,1732.03,0.0,0,0,0
P10052,2024-05-01,2016-06-01,active,Indexed Universal Life,TX,rural,Broker,quarterly,1,77.9,58814.0,250000,537.13,402.85,0,1,2080.65,0.0,0,0,0
P10052,2024-06-01,2016-06-01,active,Indexed Universal Life,TX,rural,Broker,quarterly,1,78.0,58814.0,250000,537.13,402.85,0,2,797.78,0.0,0,0,0
P10052,2024-07-01,2016-06-01,active,Indexed Universal Life,TX,rural,Broker,quarterly,1,78.1,58814.0,250000,537.13,402.85,0,2,1752.29,0.0,0,0,0
P10052,2024-08-01,2016-06-01,active,Indexed Universal Life,TX,rural,Broker,quarterly,1,78.2,58814.0,250000,537.13,402.85,0,1,2269.27,0.0,0,0,0
P10052,2024-09-01,2016-06-01,active,Indexed Universal Life,TX,rural,Broker,quarterly,1,78.2,58814.0,250000,537.13,402.85,0,3,2375.11,0.0,0,0,0
P10052,2024-10-01,2016-06-01,active,Indexed Universal Life,TX,rural,Broker,quarterly,1,78.3,58814.0,250000,537.13,402.85,0,2,2385.76,0.0,0,0,0
P10052,2024-11-01,2016-06-01,active,Indexed Universal Life,TX,rural,Broker,quarterly,1,78.4,58814.0,250000,537.13,402.85,0,2,2196.16,0.0,0,0,0
P10052,2024-12-01,2016-06-01,active,Indexed Universal Life,TX,rural,Broker,quarterly,1,78.5,58814.0,250000,537.13,402.85,0,1,854.08,0.0,1,0,0
P10053,2023-01-01,2017-06-01,active,Whole Life,TX,suburban,Agent,monthly,0,40.6,53087.36,500000,2842.85,710.71,0,3,2794.82,0.0,0,0,0
P10053,2023-02-01,2017-06-01,active,Whole Life,TX,suburban,Agent,monthly,0,40.7,53087.36,500000,2842.85,710.71,0,2,2735.54,0.0,0,0,0
P10053,2023-03-01,2017-06-01,active,Whole Life,TX,suburban,Agent,monthly,0,40.8,53087.36,500000,2842.85,473.81,0,2,2233.63,0.0,0,0,0
P10053,2023-04-01,2017-06-01,active,Whole Life,TX,suburban,Agent,monthly,0,40.8,53087.36,500000,2842.85,710.71,0,2,1942.02,0.0,0,0,0
P10053,2023-05-01,2017-06-01,active,Whole Life,TX,suburban,Agent,monthly,0,40.9,53087.36,500000,2842.85,473.81,1,3,1079.82,0.0,0,0,0
P10053,2023-06-01,2017-06-01,active,Whole Life,TX,suburban,Agent,monthly,0,41.0,53087.36,500000,2842.85,710.71,0,2,2948.77,0.0,0,0,0
P10053,2023-07-01,2017-06-01,active,Whole Life,TX,suburban,Agent,monthly,0,41.1,53087.36,500000,2842.85,710.71,0,4,1170.86,0.0,0,0,0
P10053,2023-08-01,2017-06-01,active,Whole Life,TX,suburban,Agent,monthly,0,41.2,53087.36,500000,2842.85,710.71,0,4,1778.47,0.0,0,0,0
P10053,2023-09-01,2017-06-01,active,Whole Life,TX,suburban,Agent,monthly,0,41.2,53087.36,500000,2842.85,710.71,0,2,2635.29,0.0,0,0,0
P10053,2023-10-01,2017-06-01,active,Whole Life,TX,suburban,Agent,monthly,0,41.3,53087.36,500000,2842.85,710.71,0,2,2886.35,0.0,0,0,0
P10053,2023-11-01,2017-06-01,active,Whole Life,TX,suburban,Agent,monthly,0,41.4,53087.36,500000,2842.85,710.71,0,4,1738.82,0.0,0,0,0
P10053,2023-12-01,2017-06-01,active,Whole Life,TX,suburban,Agent,monthly,0,41.5,53087.36,500000,2842.85,473.81,0,3,2622.67,0.0,0,0,0
P10053,2024-01-01,2017-06-01,active,Whole Life,TX,suburban,Agent,monthly,0,41.6,53087.36,500000,2842.85,710.71,0,3,1430.53,0.0,0,0,0
P10053,2024-02-01,2017-06-01,active,Whole Life,TX,suburban,Agent,monthly,0,41.7,53087.36,500000,2842.85,473.81,0,2,1497.02,0.0,0,0,0
P10053,2024-03-01,2017-06-01,active,Whole Life,TX,suburban,Agent,monthly,0,41.8,53087.36,500000,2842.85,710.71,0,5,2441.49,0.0,0,0,0
P10053,2024-04-01,2017-06-01,active,Whole Life,TX,suburban,Agent,monthly,0,41.8,53087.36,500000,2842.85,710.71,0,4,1568.06,0.0,0,0,0
P10053,2024-05-01,2017-06-01,active,Whole Life,TX,suburban,Agent,monthly,0,41.9,53087.36,500000,2842.85,710.71,0,2,1766.22,0.0,0,0,0
P10053,2024-06-01,2017-06-01,active,Whole Life,TX,suburban,Agent,monthly,0,42.0,53087.36,500000,2842.85,710.71,0,2,3192.77,0.0,0,0,0
P10053,2024-07-01,2017-06-01,active,Whole Life,TX,suburban,Agent,monthly,0,42.1,53087.36,500000,2842.85,710.71,0,2,2526.86,0.0,0,0,0
P10053,2024-08-01,2017-06-01,active,Whole Life,TX,suburban,Agent,monthly,0,42.2,53087.36,500000,2842.85,710.71,0,2,2247.77,0.0,0,0,0
P10053,2024-09-01,2017-06-01,active,Whole Life,TX,suburban,Agent,monthly,0,42.2,53087.36,500000,2842.85,710.71,0,2,3212.82,0.0,0,0,0
P10053,2024-10-01,2017-06-01,active,Whole Life,TX,suburban,Agent,monthly,0,42.3,53087.36,500000,2842.85,473.81,1,2,3633.53,0.0,0,0,0
P10053,2024-11-01,2017-06-01,active,Whole Life,TX,suburban,Agent,monthly,0,42.4,53087.36,500000,2842.85,710.71,0,3,3352.3,0.0,0,0,0
P10053,2024-12-01,2017-06-01,active,Whole Life,TX,suburban,Agent,monthly,0,42.5,53087.36,500000,2842.85,710.71,0,2,3306.31,1036.47,0,0,0
P10054,2023-01-01,2020-12-01,active,Term Life,FL,suburban,Agent,annual,1,70.1,37402.19,250000,117.85,353.55,0,0,0.0,0.0,0,0,0
P10054,2023-02-01,2020-12-01,active,Term Life,FL,suburban,Agent,annual,1,70.2,37402.19,250000,117.85,235.7,0,0,0.0,0.0,0,0,0
P10054,2023-03-01,2020-12-01,active,Term Life,FL,suburban,Agent,annual,1,70.2,37402.19,250000,117.85,353.55,0,0,0.0,0.0,0,0,0
P10054,2023-04-01,2020-12-01,active,Term Life,FL,suburban,Agent,annual,1,70.3,37402.19,250000,117.85,235.7,0,1,0.0,0.0,0,0,0
P10054,2023-05-01,2020-12-01,active,Term Life,FL,suburban,Agent,annual,1,70.4,37402.19,250000,117.85,353.55,0,0,0.0,0.0,1,0,0
P10054,2023-06-01,2020-12-01,active,Term Life,FL,suburban,Agent,annual,1,70.5,37402.19,250000,117.85,353.55,0,2,0.0,0.0,0,0,0
P10054,2023-07-01,2020-12-01,active,Term Life,FL,suburban,Agent,annual,1,70.6,37402.19,250000,117.85,353.55,0,2,0.0,0.0,0,1,0
P10054,2023-08-01,2020-12-01,active,Term Life,FL,suburban,Agent,annual,1,70.7,37402.19,250000,117.85,353.55,0,1,0.0,0.0,0,0,0
P10054,2023-09-01,2020-12-01,active,Term Life,FL,suburban,Agent,annual,1,70.8,37402.19,250000,117.85,353.55,0,1,0.0,0.0,0,0,0
P10054,2023-10-01,2020-12-01,active,Term Life,FL,suburban,Agent,annual,1,70.8,37402.19,250000,117.85,353.55,0,1,0.0,0.0,0,0,0
P10054,2023-11-01,2020-12-01,active,Term Life,FL,suburban,Agent,annual,1,70.9,37402.19,250000,117.85,353.55,0,0,0.0,0.0,0,0,0
P10054,2023-12-01,2020-12-01,active,Term Life,FL,suburban,Agent,annual,1,71.0,37402.19,250000,117.85,353.55,0,1,0.0,0.0,0,0,0
P10054,2024-01-01,2020-12-01,active,Term Life,FL,suburban,Agent,annual,1,71.1,37402.19,250000,117.85,353.55,0,0,0.0,0.0,0,0,0
P10054,2024-02-01,2020-12-01,active,Term Life,FL,suburban,Agent,annual,1,71.2,37402.19,250000,117.85,353.55,0,0,0.0,0.0,0,0,0
P10054,2024-03-01,2020-12-01,active,Term Life,FL,suburban,Agent,annual,1,71.2,37402.19,250000,117.85,353.55,0,2,0.0,0.0,0,0,0
P10054,2024-04-01,2020-12-01,active,Term Life,FL,suburban,Agent,annual,1,71.3,37402.19,250000,117.85,235.7,0,0,0.0,0.0,0,0,0
P10054,2024-05-01,2020-12-01,active,Term Life,FL,suburban,Agent,annual,1,71.4,37402.19,250000,117.85,353.55,0,1,0.0,0.0,0,0,0
P10054,2024-06-01,2020-12-01,active,Term Life,FL,suburban,Agent,annual,1,71.5,37402.19,250000,117.85,235.7,0,1,0.0,0.0,0,0,0
P10054,2024-07-01,2020-12-01,active,Term Life,FL,suburban,Agent,annual,1,71.6,37402.19,250000,117.85,353.55,0,1,0.0,0.0,0,0,0
P10054,2024-08-01,2020-12-01,active,Term Life,FL,suburban,Agent,annual,1,71.7,37402.19,250000,117.85,353.55,0,1,0.0,0.0,0,0,0
P10054,2024-09-01,2020-12-01,active,Term Life,FL,suburban,Agent,annual,1,71.8,37402.19,250000,117.85,235.7,0,0,0.0,0.0,1,0,0
P10054,2024-10-01,2020-12-01,active,Term Life,FL,suburban,Agent,annual,1,71.8,37402.19,250000,117.85,235.7,0,2,0.0,0.0,0,0,0
P10054,2024-11-01,2020-12-01,active,Term Life,FL,suburban,Agent,annual,1,71.9,37402.19,250000,117.85,353.55,0,2,0.0,0.0,0,1,0
P10054,2024-12-01,2020-12-01,active,Term Life,FL,suburban,Agent,annual,1,72.0,37402.19,250000,117.85,353.55,0,1,0.0,0.0,0,0,0
P10055,2023-01-01,2016-10-01,active,Term Life,NJ,urban,Agent,monthly,0,53.2,51508.64,150000,582.39,145.6,0,1,0.0,0.0,0,0,0
P10055,2023-02-01,2016-10-01,active,Term Life,NJ,urban,Agent,monthly,0,53.3,51508.64,150000,582.39,145.6,0,1,0.0,0.0,0,0,0
P10055,2023-03-01,2016-10-01,active,Term Life,NJ,urban,Agent,monthly,0,53.4,51508.64,150000,582.39,145.6,0,1,0.0,0.0,0,0,0
P10055,2023-04-01,2016-10-01,active,Term Life,NJ,urban,Agent,monthly,0,53.5,51508.64,150000,582.39,145.6,0,2,0.0,0.0,0,0,0
P10055,2023-05-01,2016-10-01,active,Term Life,NJ,urban,Agent,monthly,0,53.6,51508.64,150000,582.39,145.6,0,3,0.0,0.0,0,1,0
P10055,2023-06-01,2016-10-01,active,Term Life,NJ,urban,Agent,monthly,0,53.7,51508.64,150000,582.39,145.6,0,1,0.0,0.0,0,0,0
P10055,2023-07-01,2016-10-01,active,Term Life,NJ,urban,Agent,monthly,0,53.8,51508.64,150000,582.39,145.6,0,2,0.0,0.0,0,0,0
P10055,2023-08-01,2016-10-01,active,Term Life,NJ,urban,Agent,monthly,0,53.8,51508.64,150000,582.39,97.07,0,2,0.0,0.0,1,0,0
P10055,2023-09-01,2016-10-01,active,Term Life,NJ,urban,Agent,monthly,0,53.9,51508.64,150000,582.39,145.6,0,1,0.0,0.0,0,0,0
P10055,2023-10-01,2016-10-01,active,Term Life,NJ,urban,Agent,monthly,0,54.0,51508.64,150000,582.39,145.6,0,1,0.0,0.0,0,0,0
P10055,2023-11-01,2016-10-01,active,Term Life,NJ,urban,Agent,monthly,0,54.1,51508.64,150000,582.39,145.6,0,2,0.0,0.0,0,0,0
P10055,2023-12-01,2016-10-01,active,Term Life,NJ,urban,Agent,monthly,0,54.2,51508.64,150000,582.39,145.6,1,1,0.0,0.0,0,0,0
P10055,2024-01-01,2016-10-01,active,Term Life,NJ,urban,Agent,monthly,0,54.2,51508.64,150000,582.39,97.07,1,1,0.0,0.0,0,0,0
P10055,2024-02-01,2016-10-01,active,Term Life,NJ,urban,Agent,monthly,0,54.3,51508.64,150000,582.39,145.6,0,1,0.0,0.0,0,0,0
P10055,2024-03-01,2016-10-01,active,Term Life,NJ,urban,Agent,monthly,0,54.4,51508.64,150000,582.39,97.07,0,1,0.0,0.0,0,0,0
P10055,2024-04-01,2016-10-01,active,Term Life,NJ,urban,Agent,monthly,0,54.5,51508.64,150000,582.39,97.07,0,1,0.0,0.0,0,0,0
P10055,2024-05-01,2016-10-01,active,Term Life,NJ,urban,Agent,monthly,0,54.6,51508.64,150000,582.39,145.6,0,1,0.0,0.0,0,0,0
P10055,2024-06-01,2016-10-01,active,Term Life,NJ,urban,Agent,monthly,0,54.7,51508.64,150000,582.39,145.6,0,1,0.0,0.0,0,0,0
P10055,2024-07-01,2016-10-01,active,Term Life,NJ,urban,Agent,monthly,0,54.8,51508.64,150000,582.39,145.6,0,1,0.0,0.0,0,0,0
P10055,2024-08-01,2016-10-01,active,Term Life,NJ,urban,Agent,monthly,0,54.8,51508.64,150000,582.39,145.6,1,3,0.0,0.0,0,0,0
P10055,2024-09-01,2016-10-01,active,Term Life,NJ,urban,Agent,monthly,0,54.9,51508.64,150000,582.39,145.6,0,1,0.0,0.0,0,0,0
P10055,2024-10-01,2016-10-01,active,Term Life,NJ,urban,Agent,monthly,0,55.0,51508.64,150000,582.39,97.07,0,1,0.0,0.0,0,0,0
P10055,2024-11-01,2016-10-01,active,Term Life,NJ,urban,Agent,monthly,0,55.1,51508.64,150000,582.39,145.6,0,1,0.0,0.0,0,0,0
P10055,2024-12-01,2016-10-01,active,Term Life,NJ,urban,Agent,monthly,0,55.2,51508.64,150000,582.39,145.6,1,3,0.0,0.0,0,0,0
P10056,2023-01-01,2017-05-01,active,Indexed Universal Life,OH,urban,Agent,monthly,1,48.7,33730.7,100000,638.47,159.62,0,3,227.79,0.0,0,0,0
P10056,2023-02-01,2017-05-01,active,Indexed Universal Life,OH,urban,Agent,monthly,1,48.8,33730.7,100000,638.47,159.62,0,1,368.33,0.0,0,0,0
P10056,2023-03-01,2017-05-01,active,Indexed Universal Life,OH,urban,Agent,monthly,1,48.8,33730.7,100000,638.47,159.62,0,0,378.49,0.0,0,0,0
P10056,2023-04-01,2017-05-01,active,Indexed Universal Life,OH,urban,Agent,monthly,1,48.9,33730.7,100000,638.47,159.62,1,0,561.5,298.23,0,0,0
P10056,2023-05-01,2017-05-01,active,Indexed Universal Life,OH,urban,Agent,monthly,1,49.0,33730.7,100000,638.47,159.62,1,0,547.47,0.0,0,0,0
P10056,2023-06-01,2017-05-01,active,Indexed Universal Life,OH,urban,Agent,monthly,1,49.1,33730.7,100000,638.47,159.62,1,0,421.58,0.0,0,0,0
P10056,2023-07-01,2017-05-01,active,Indexed Universal Life,OH,urban,Agent,monthly,1,49.2,33730.7,100000,638.47,159.62,0,0,579.83,0.0,0,0,0
P10056,2023-08-01,2017-05-01,active,Indexed Universal Life,OH,urban,Agent,monthly,1,49.2,33730.7,100000,638.47,159.62,0,0,683.45,243.56,0,0,0
P10056,2023-09-01,2017-05-01,active,Indexed Universal Life,OH,urban,Agent,monthly,1,49.3,33730.7,100000,638.47,159.62,0,0,475.36,0.0,0,0,0
P10056,2023-10-01,2017-05-01,active,Indexed Universal Life,OH,urban,Agent,monthly,1,49.4,33730.7,100000,638.47,159.62,0,0,391.33,0.0,0,0,0
P10056,2023-11-01,2017-05-01,active,Indexed Universal Life,OH,urban,Agent,monthly,1,49.5,33730.7,100000,638.47,159.62,0,0,403.39,0.0,0,0,0
P10056,2023-12-01,2017-05-01,active,Indexed Universal Life,OH,urban,Agent,monthly,1,49.6,33730.7,100000,638.47,159.62,0,0,351.86,0.0,0,0,0
P10056,2024-01-01,2017-05-01,active,Indexed Universal Life,OH,urban,Agent,monthly,1,49.7,33730.7,100000,638.47,159.62,0,0,764.83,0.0,0,0,0
P10056,2024-02-01,2017-05-01,active,Indexed Universal Life,OH,urban,Agent,monthly,1,49.8,33730.7,100000,638.47,159.62,0,0,696.09,0.0,0,0,0
P10056,2024-03-01,2017-05-01,active,Indexed Universal Life,OH,urban,Agent,monthly,1,49.8,33730.7,100000,638.47,159.62,0,0,769.58,0.0,0,0,0
P10056,2024-04-01,2017-05-01,active,Indexed Universal Life,OH,urban,Agent,monthly,1,49.9,33730.7,100000,638.47,159.62,0,0,363.09,0.0,0,0,0
P10056,2024-05-01,2017-05-01,active,Indexed Universal Life,OH,urban,Agent,monthly,1,50.0,33730.7,100000,638.47,159.62,0,1,526.16,0.0,0,0,0
P10056,2024-06-01,2017-05-01,active,Indexed Universal Life,OH,urban,Agent,monthly,1,50.1,33730.7,100000,638.47,159.62,0,0,371.28,0.0,0,0,0
P10056,2024-07-01,2017-05-01,active,Indexed Universal Life,OH,urban,Agent,monthly,1,50.2,33730.7,100000,638.47,159.62,0,3,757.19,0.0,0,0,0
P10056,2024-08-01,2017-05-01,active,Indexed Universal Life,OH,urban,Agent,monthly,1,50.2,33730.7,100000,638.47,159.62,0,1,797.14,0.0,0,0,0
P10056,2024-09-01,2017-05-01,active,Indexed Universal Life,OH,urban,Agent,monthly,1,50.3,33730.7,100000,638.47,159.62,0,0,793.84,0.0,0,0,0
P10056,2024-10-01,2017-05-01,active,Indexed Universal Life,OH,urban,Agent,monthly,1,50.4,33730.7,100000,638.47,159.62,0,0,791.75,0.0,0,1,0
P10056,2024-11-01,2017-05-01,active,Indexed Universal Life,OH,urban,Agent,monthly,1,50.5,33730.7,100000,638.47,159.62,1,1,494.81,0.0,0,0,0
P10056,2024-12-01,2017-05-01,active,Indexed Universal Life,OH,urban,Agent,monthly,1,50.6,33730.7,100000,638.47,159.62,1,1,484.47,0.0,0,0,0
P10057,2023-01-01,2017-12-01,active,Term Life,TX,urban,Direct,monthly,1,48.1,92163.2,500000,3599.01,899.75,0,0,0.0,0.0,0,0,0
P10057,2023-02-01,2017-12-01,active,Term Life,TX,urban,Direct,monthly,1,48.2,92163.2,500000,3599.01,899.75,0,0,0.0,0.0,0,0,0
P10057,2023-03-01,2017-12-01,active,Term Life,TX,urban,Direct,monthly,1,48.2,92163.2,500000,3599.01,899.75,0,3,0.0,0.0,0,0,0
P10057,2023-04-01,2017-12-01,active,Term Life,TX,urban,Direct,monthly,1,48.3,92163.2,500000,3599.01,599.84,0,0,0.0,0.0,0,0,0
P10057,2023-05-01,2017-12-01,active,Term Life,TX,urban,Direct,monthly,1,48.4,92163.2,500000,3599.01,899.75,0,1,0.0,0.0,0,0,0
P10057,2023-06-01,2017-12-01,active,Term Life,TX,urban,Direct,monthly,1,48.5,92163.2,500000,3599.01,899.75,0,0,0.0,0.0,0,0,0
P10057,2023-07-01,2017-12-01,active,Term Life,TX,urban,Direct,monthly,1,48.6,92163.2,500000,3599.01,899.75,0,1,0.0,0.0,0,0,0
P10057,2023-08-01,2017-12-01,active,Term Life,TX,urban,Direct,monthly,1,48.7,92163.2,500000,3599.01,899.75,0,1,0.0,0.0,0,0,0
P10057,2023-09-01,2017-12-01,active,Term Life,TX,urban,Direct,monthly,1,48.8,92163.2,500000,3599.01,899.75,0,1,0.0,0.0,0,0,0
P10057,2023-10-01,2017-12-01,active,Term Life,TX,urban,Direct,monthly,1,48.8,92163.2,500000,3599.01,899.75,0,0,0.0,0.0,1,0,0
P10057,2023-11-01,2017-12-01,active,Term Life,TX,urban,Direct,monthly,1,48.9,92163.2,500000,3599.01,899.75,0,1,0.0,0.0,0,0,0
P10057,2023-12-01,2017-12-01,active,Term Life,TX,urban,Direct,monthly,1,49.0,92163.2,500000,3599.01,599.84,0,0,0.0,0.0,0,0,0
P10057,2024-01-01,2017-12-01,active,Term Life,TX,urban,Direct,monthly,1,49.1,92163.2,500000,3599.01,899.75,1,0,0.0,0.0,0,0,0
P10057,2024-02-01,2017-12-01,active,Term Life,TX,urban,Direct,monthly,1,49.2,92163.2,500000,3599.01,599.84,1,1,0.0,0.0,0,0,0
P10057,2024-03-01,2017-12-01,active,Term Life,TX,urban,Direct,monthly,1,49.2,92163.2,500000,3599.01,899.75,1,0,0.0,0.0,0,0,0
P10057,2024-04-01,2017-12-01,active,Term Life,TX,urban,Direct,monthly,1,49.3,92163.2,500000,3599.01,899.75,1,1,0.0,0.0,0,0,0
P10057,2024-05-01,2017-12-01,active,Term Life,TX,urban,Direct,monthly,1,49.4,92163.2,500000,3599.01,899.75,1,0,0.0,0.0,0,0,0
P10057,2024-06-01,2017-12-01,active,Term Life,TX,urban,Direct,monthly,1,49.5,92163.2,500000,3599.01,899.75,1,1,0.0,0.0,0,1,0
P10057,2024-07-01,2017-12-01,active,Term Life,TX,urban,Direct,monthly,1,49.6,92163.2,500000,3599.01,899.75,1,2,0.0,0.0,0,0,0
P10057,2024-08-01,2017-12-01,active,Term Life,TX,urban,Direct,monthly,1,49.7,92163.2,500000,3599.01,899.75,1,1,0.0,0.0,0,0,0
P10057,2024-09-01,2017-12-01,active,Term Life,TX,urban,Direct,monthly,1,49.8,92163.2,500000,3599.01,899.75,1,0,0.0,0.0,0,0,0
P10057,2024-10-01,2017-12-01,active,Term Life,TX,urban,Direct,monthly,1,49.8,92163.2,500000,3599.01,899.75,2,0,0.0,0.0,0,0,0
P10057,2024-11-01,2017-12-01,active,Term Life,TX,urban,Direct,monthly,1,49.9,92163.2,500000,3599.01,899.75,2,1,0.0,0.0,0,0,0
P10057,2024-12-01,2017-12-01,active,Term Life,TX,urban,Direct,monthly,1,50.0,92163.2,500000,3599.01,899.75,2,0,0.0,0.0,1,0,0
P10058,2023-01-01,2018-10-01,active,Indexed Universal Life,TX,suburban,Direct,monthly,1,56.2,56099.99,150000,632.89,158.22,0,0,306.16,0.0,0,0,0
P10058,2023-02-01,2018-10-01,active,Indexed Universal Life,TX,suburban,Direct,monthly,1,56.3,56099.99,150000,632.89,158.22,0,1,188.57,0.0,0,1,0
P10058,2023-03-01,2018-10-01,active,Indexed Universal Life,TX,suburban,Direct,monthly,1,56.4,56099.99,150000,632.89,158.22,1,0,467.67,0.0,0,0,0
P10058,2023-04-01,2018-10-01,active,Indexed Universal Life,TX,suburban,Direct,monthly,1,56.5,56099.99,150000,632.89,105.48,1,0,465.49,0.0,0,0,0
P10058,2023-05-01,2018-10-01,active,Indexed Universal Life,TX,suburban,Direct,monthly,1,56.6,56099.99,150000,632.89,158.22,0,0,368.44,0.0,0,0,0
P10058,2023-06-01,2018-10-01,active,Indexed Universal Life,TX,suburban,Direct,monthly,1,56.7,56099.99,150000,632.89,158.22,0,0,371.97,0.0,0,0,0
P10058,2023-07-01,2018-10-01,active,Indexed Universal Life,TX,suburban,Direct,monthly,1,56.8,56099.99,150000,632.89,158.22,0,1,424.38,0.0,0,0,0
P10058,2023-08-01,2018-10-01,active,Indexed Universal Life,TX,suburban,Direct,monthly,1,56.8,56099.99,150000,632.89,158.22,0,0,235.52,0.0,0,0,0
P10058,2023-09-01,2018-10-01,active,Indexed Universal Life,TX,suburban,Direct,monthly,1,56.9,56099.99,150000,632.89,158.22,0,0,282.57,0.0,0,0,0
P10058,2023-10-01,2018-10-01,active,Indexed Universal Life,TX,suburban,Direct,monthly,1,57.0,56099.99,150000,632.89,105.48,0,3,302.66,0.0,0,0,0
P10058,2023-11-01,2018-10-01,active,Indexed Universal Life,TX,suburban,Direct,monthly,1,57.1,56099.99,150000,632.89,105.48,0,2,270.04,0.0,0,0,0
P10058,2023-12-01,2018-10-01,active,Indexed Universal Life,TX,suburban,Direct,monthly,1,57.2,56099.99,150000,632.89,158.22,0,0,365.73,0.0,0,0,0
P10058,2024-01-01,2018-10-01,active,Indexed Universal Life,TX,suburban,Direct,monthly,1,57.2,56099.99,150000,632.89,158.22,0,2,272.24,141.9,0,0,0
P10058,2024-02-01,2018-10-01,active,Indexed Universal Life,TX,suburban,Direct,monthly,1,57.3,56099.99,150000,632.89,158.22,0,1,205.52,0.0,0,0,0
P10058,2024-03-01,2018-10-01,active,Indexed Universal Life,TX,suburban,Direct,monthly,1,57.4,56099.99,150000,632.89,158.22,0,2,608.68,175.95,0,0,0
P10058,2024-04-01,2018-10-01,active,Indexed Universal Life,TX,suburban,Direct,monthly,1,57.5,56099.99,150000,632.89,105.48,0,0,380.75,0.0,0,0,0
P10058,2024-05-01,2018-10-01,active,Indexed Universal Life,TX,suburban,Direct,monthly,1,57.6,56099.99,150000,632.89,158.22,0,0,565.2,0.0,0,0,0
P10058,2024-06-01,2018-10-01,active,Indexed Universal Life,TX,suburban,Direct,monthly,1,57.7,56099.99,150000,632.89,158.22,0,1,496.84,0.0,0,0,0
P10058,2024-07-01,2018-10-01,active,Indexed Universal Life,TX,suburban,Direct,monthly,1,57.8,56099.99,150000,632.89,158.22,0,0,561.59,0.0,0,0,0
P10058,2024-08-01,2018-10-01,active,Indexed Universal Life,TX,suburban,Direct,monthly,1,57.8,56099.99,150000,632.89,158.22,0,0,618.2,0.0,0,0,0
P10058,2024-09-01,2018-10-01,active,Indexed Universal Life,TX,suburban,Direct,monthly,1,57.9,56099.99,150000,632.89,158.22,0,1,540.08,0.0,0,0,0
P10058,2024-10-01,2018-10-01,active,Indexed Universal Life,TX,suburban,Direct,monthly,1,58.0,56099.99,150000,632.89,158.22,0,1,466.93,0.0,0,0,0
P10058,2024-11-01,2018-10-01,active,Indexed Universal Life,TX,suburban,Direct,monthly,1,58.1,56099.99,150000,632.89,158.22,0,0,676.73,0.0,0,0,0
P10058,2024-12-01,2018-10-01,active,Indexed Universal Life,TX,suburban,Direct,monthly,1,58.2,56099.99,150000,632.89,158.22,0,1,391.96,0.0,1,0,0
P10059,2023-01-01,2016-06-01,active,Term Life,CA,suburban,Bank,annual,0,35.6,102750.03,500000,288.77,866.3,0,6,0.0,0.0,0,0,0
P10059,2023-02-01,2016-06-01,active,Term Life,CA,suburban,Bank,annual,0,35.7,102750.03,500000,288.77,577.54,1,4,0.0,0.0,0,0,0
P10059,2023-03-01,2016-06-01,active,Term Life,CA,suburban,Bank,annual,0,35.8,102750.03,500000,288.77,577.54,1,4,0.0,0.0,0,0,0
P10059,2023-04-01,2016-06-01,active,Term Life,CA,suburban,Bank,annual,0,35.8,102750.03,500000,288.77,866.3,1,5,0.0,0.0,0,0,0
P10059,2023-05-01,2016-06-01,active,Term Life,CA,suburban,Bank,annual,0,35.9,102750.03,500000,288.77,866.3,1,4,0.0,0.0,0,0,0
P10059,2023-06-01,2016-06-01,active,Term Life,CA,suburban,Bank,annual,0,36.0,102750.03,500000,288.77,866.3,2,5,0.0,0.0,0,0,0
P10059,2023-07-01,2016-06-01,active,Term Life,CA,suburban,Bank,annual,0,36.1,102750.03,500000,288.77,866.3,1,5,0.0,0.0,1,0,0
P10059,2023-08-01,2016-06-01,active,Term Life,CA,suburban,Bank,annual,0,36.2,102750.03,500000,288.77,577.54,1,4,0.0,0.0,1,0,0
P10059,2023-09-01,2016-06-01,active,Term Life,CA,suburban,Bank,annual,0,36.2,102750.03,500000,288.77,577.54,0,4,0.0,0.0,0,0,0
P10059,2023-10-01,2016-06-01,active,Term Life,CA,suburban,Bank,annual,0,36.3,102750.03,500000,288.77,866.3,0,4,0.0,0.0,0,0,0
P10059,2023-11-01,2016-06-01,active,Term Life,CA,suburban,Bank,annual,0,36.4,102750.03,500000,288.77,577.54,0,4,0.0,0.0,0,0,0
P10059,2023-12-01,2016-06-01,active,Term Life,CA,suburban,Bank,annual,0,36.5,102750.03,500000,288.77,866.3,0,4,0.0,0.0,0,0,0
P10059,2024-01-01,2016-06-01,active,Term Life,CA,suburban,Bank,annual,0,36.6,102750.03,500000,288.77,866.3,0,5,0.0,0.0,0,0,0
P10059,2024-02-01,2016-06-01,active,Term Life,CA,suburban,Bank,annual,0,36.7,102750.03,500000,288.77,866.3,0,4,0.0,0.0,1,0,0
P10059,2024-03-01,2016-06-01,active,Term Life,CA,suburban,Bank,annual,0,36.8,102750.03,500000,288.77,577.54,0,6,0.0,0.0,0,0,0
P10059,2024-04-01,2016-06-01,active,Term Life,CA,suburban,Bank,annual,0,36.8,102750.03,500000,288.77,866.3,0,4,0.0,0.0,0,0,0
P10059,2024-05-01,2016-06-01,active,Term Life,CA,suburban,Bank,annual,0,36.9,102750.03,500000,288.77,866.3,0,6,0.0,0.0,0,0,0
P10059,2024-06-01,2016-06-01,active,Term Life,CA,suburban,Bank,annual,0,37.0,102750.03,500000,288.77,866.3,0,5,0.0,0.0,0,1,0
P10059,2024-07-01,2016-06-01,active,Term Life,CA,suburban,Bank,annual,0,37.1,102750.03,500000,288.77,866.3,0,6,0.0,0.0,0,0,0
P10059,2024-08-01,2016-06-01,active,Term Life,CA,suburban,Bank,annual,0,37.2,102750.03,500000,288.77,866.3,0,4,0.0,0.0,0,0,0
P10059,2024-09-01,2016-06-01,active,Term Life,CA,suburban,Bank,annual,0,37.2,102750.03,500000,288.77,577.54,0,4,0.0,0.0,0,0,0
P10059,2024-10-01,2016-06-01,active,Term Life,CA,suburban,Bank,annual,0,37.3,102750.03,500000,288.77,866.3,1,4,0.0,0.0,0,0,0
P10059,2024-11-01,2016-06-01,active,Term Life,CA,suburban,Bank,annual,0,37.4,102750.03,500000,288.77,866.3,1,5,0.0,0.0,0,0,0
P10059,2024-12-01,2016-06-01,active,Term Life,CA,suburban,Bank,annual,0,37.5,102750.03,500000,288.77,866.3,1,4,0.0,0.0,0,0,0
P10060,2023-01-01,2022-04-01,active,Universal Life,TX,urban,Broker,annual,0,59.8,124088.78,250000,118.63,355.89,0,1,105.07,0.0,0,0,0
P10060,2023-02-01,2022-04-01,active,Universal Life,TX,urban,Broker,annual,0,59.8,124088.78,250000,118.63,355.89,1,0,205.69,0.0,0,0,0
P10060,2023-03-01,2022-04-01,active,Universal Life,TX,urban,Broker,annual,0,59.9,124088.78,250000,118.63,237.26,2,3,100.34,0.0,0,0,0
P10060,2023-04-01,2022-04-01,active,Universal Life,TX,urban,Broker,annual,0,60.0,124088.78,250000,118.63,237.26,1,0,233.59,0.0,0,0,0
P10060,2023-05-01,2022-04-01,active,Universal Life,TX,urban,Broker,annual,0,60.1,124088.78,250000,118.63,355.89,1,1,192.91,0.0,0,0,0
P10060,2023-06-01,2022-04-01,active,Universal Life,TX,urban,Broker,annual,0,60.2,124088.78,250000,118.63,355.89,1,1,107.38,13.22,0,0,0
P10060,2023-07-01,2022-04-01,active,Universal Life,TX,urban,Broker,annual,0,60.2,124088.78,250000,118.63,355.89,2,2,194.47,0.0,0,0,0
P10060,2023-08-01,2022-04-01,active,Universal Life,TX,urban,Broker,annual,0,60.3,124088.78,250000,118.63,355.89,2,0,185.65,0.0,0,0,0
P10060,2023-09-01,2022-04-01,active,Universal Life,TX,urban,Broker,annual,0,60.4,124088.78,250000,118.63,355.89,1,1,334.52,0.0,0,0,0
P10060,2023-10-01,2022-04-01,active,Universal Life,TX,urban,Broker,annual,0,60.5,124088.78,250000,118.63,237.26,1,0,372.9,0.0,0,0,0
P10060,2023-11-01,2022-04-01,active,Universal Life,TX,urban,Broker,annual,0,60.6,124088.78,250000,118.63,355.89,2,0,329.66,0.0,0,0,0
P10060,2023-12-01,2022-04-01,active,Universal Life,TX,urban,Broker,annual,0,60.7,124088.78,250000,118.63,355.89,1,1,341.3,0.0,0,0,0
P10060,2024-01-01,2022-04-01,active,Universal Life,TX,urban,Broker,annual,0,60.8,124088.78,250000,118.63,355.89,1,2,370.05,0.0,0,0,0
P10060,2024-02-01,2022-04-01,active,Universal Life,TX,urban,Broker,annual,0,60.8,124088.78,250000,118.63,355.89,1,0,323.72,0.0,0,0,0
P10060,2024-03-01,2022-04-01,active,Universal Life,TX,urban,Broker,annual,0,60.9,124088.78,250000,118.63,355.89,0,1,427.31,0.0,0,0,0
P10060,2024-04-01,2022-04-01,active,Universal Life,TX,urban,Broker,annual,0,61.0,124088.78,250000,118.63,355.89,0,1,414.75,0.0,0,0,0
P10060,2024-05-01,2022-04-01,active,Universal Life,TX,urban,Broker,annual,0,61.1,124088.78,250000,118.63,355.89,0,0,389.07,0.0,0,0,0
P10060,2024-06-01,2022-04-01,active,Universal Life,TX,urban,Broker,annual,0,61.2,124088.78,250000,118.63,237.26,0,2,367.26,0.0,0,0,0
P10060,2024-07-01,2022-04-01,active,Universal Life,TX,urban,Broker,annual,0,61.2,124088.78,250000,118.63,355.89,0,1,488.62,0.0,0,0,0
P10060,2024-08-01,2022-04-01,active,Universal Life,TX,urban,Broker,annual,0,61.3,124088.78,250000,118.63,355.89,0,0,441.52,0.0,0,0,0
P10060,2024-09-01,2022-04-01,active,Universal Life,TX,urban,Broker,annual,0,61.4,124088.78,250000,118.63,355.89,0,0,211.54,0.0,0,0,0
P10060,2024-10-01,2022-04-01,active,Universal Life,TX,urban,Broker,annual,0,61.5,124088.78,250000,118.63,355.89,0,2,448.95,0.0,0,0,0
P10060,2024-11-01,2022-04-01,active,Universal Life,TX,urban,Broker,annual,0,61.6,124088.78,250000,118.63,237.26,0,1,556.78,0.0,0,0,0
P10060,2024-12-01,2022-04-01,active,Universal Life,TX,urban,Broker,annual,0,61.7,124088.78,250000,118.63,237.26,0,1,347.18,0.0,0,0,0
P10061,2023-01-01,2016-05-01,active,Term Life,GA,suburban,Broker,monthly,1,53.7,35074.01,250000,1418.1,354.52,0,1,0.0,0.0,0,0,0
P10061,2023-02-01,2016-05-01,active,Term Life,GA,suburban,Broker,monthly,1,53.8,35074.01,250000,1418.1,354.52,0,1,0.0,0.0,0,0,0
P10061,2023-03-01,2016-05-01,active,Term Life,GA,suburban,Broker,monthly,1,53.8,35074.01,250000,1418.1,354.52,0,1,0.0,0.0,0,0,0
P10061,2023-04-01,2016-05-01,active,Term Life,GA,suburban,Broker,monthly,1,53.9,35074.01,250000,1418.1,354.52,0,1,0.0,0.0,0,0,0
P10061,2023-05-01,2016-05-01,active,Term Life,GA,suburban,Broker,monthly,1,54.0,35074.01,250000,1418.1,354.52,0,1,0.0,0.0,0,0,0
P10061,2023-06-01,2016-05-01,active,Term Life,GA,suburban,Broker,monthly,1,54.1,35074.01,250000,1418.1,354.52,1,5,0.0,0.0,0,0,0
P10061,2023-07-01,2016-05-01,active,Term Life,GA,suburban,Broker,monthly,1,54.2,35074.01,250000,1418.1,354.52,1,2,0.0,0.0,0,0,0
P10061,2023-08-01,2016-05-01,active,Term Life,GA,suburban,Broker,monthly,1,54.2,35074.01,250000,1418.1,354.52,0,1,0.0,0.0,0,0,0
P10061,2023-09-01,2016-05-01,active,Term Life,GA,suburban,Broker,monthly,1,54.3,35074.01,250000,1418.1,236.35,0,1,0.0,0.0,0,0,0
P10061,2023-10-01,2016-05-01,active,Term Life,GA,suburban,Broker,monthly,1,54.4,35074.01,250000,1418.1,354.52,0,3,0.0,0.0,0,0,0
P10061,2023-11-01,2016-05-01,active,Term Life,GA,suburban,Broker,monthly,1,54.5,35074.01,250000,1418.1,354.52,0,4,0.0,0.0,1,0,0
P10061,2023-12-01,2016-05-01,active,Term Life,GA,suburban,Broker,monthly,1,54.6,35074.01,250000,1418.1,354.52,0,2,0.0,0.0,0,0,0
P10061,2024-01-01,2016-05-01,active,Term Life,GA,suburban,Broker,monthly,1,54.7,35074.01,250000,1418.1,236.35,0,1,0.0,0.0,0,0,0
P10061,2024-02-01,2016-05-01,active,Term Life,GA,suburban,Broker,monthly,1,54.8,35074.01,250000,1418.1,354.52,0,2,0.0,0.0,0,0,0
P10061,2024-03-01,2016-05-01,active,Term Life,GA,suburban,Broker,monthly,1,54.8,35074.01,250000,1418.1,354.52,0,2,0.0,0.0,0,0,0
P10061,2024-04-01,2016-05-01,active,Term Life,GA,suburban,Broker,monthly,1,54.9,35074.01,250000,1418.1,354.52,0,2,0.0,0.0,0,0,0
P10061,2024-05-01,2016-05-01,active,Term Life,GA,suburban,Broker,monthly,1,55.0,35074.01,250000,1418.1,354.52,0,3,0.0,0.0,0,0,0
P10061,2024-06-01,2016-05-01,active,Term Life,GA,suburban,Broker,monthly,1,55.1,35074.01,250000,1418.1,354.52,0,2,0.0,0.0,0,0,0
P10061,2024-07-01,2016-05-01,active,Term Life,GA,suburban,Broker,monthly,1,55.2,35074.01,250000,1418.1,354.52,0,3,0.0,0.0,0,0,0
P10061,2024-08-01,2016-05-01,active,Term Life,GA,suburban,Broker,monthly,1,55.2,35074.01,250000,1418.1,354.52,0,1,0.0,0.0,0,0,0
P10061,2024-09-01,2016-05-01,active,Term Life,GA,suburban,Broker,monthly,1,55.3,35074.01,250000,1418.1,354.52,0,1,0.0,0.0,0,0,0
P10061,2024-10-01,2016-05-01,active,Term Life,GA,suburban,Broker,monthly,1,55.4,35074.01,250000,1418.1,354.52,0,2,0.0,0.0,0,0,0
P10061,2024-11-01,2016-05-01,active,Term Life,GA,suburban,Broker,monthly,1,55.5,35074.01,250000,1418.1,354.52,0,2,0.0,0.0,0,0,0
P10061,2024-12-01,2016-05-01,active,Term Life,GA,suburban,Broker,monthly,1,55.6,35074.01,250000,1418.1,354.52,0,2,0.0,0.0,0,0,0
P10062,2023-01-01,2023-08-01,active,Term Life,CA,suburban,Broker,monthly,0,69.0,92838.24,500000,2399.67,399.94,0,1,0.0,0.0,0,0,0
P10062,2023-02-01,2023-08-01,active,Term Life,CA,suburban,Broker,monthly,0,69.0,92838.24,500000,2399.67,599.92,0,1,0.0,0.0,0,0,0
P10062,2023-03-01,2023-08-01,active,Term Life,CA,suburban,Broker,monthly,0,69.0,92838.24,500000,2399.67,399.94,0,0,0.0,0.0,0,0,0
P10062,2023-04-01,2023-08-01,active,Term Life,CA,suburban,Broker,monthly,0,69.0,92838.24,500000,2399.67,599.92,0,1,0.0,0.0,1,0,0
P10062,2023-05-01,2023-08-01,active,Term Life,CA,suburban,Broker,monthly,0,69.0,92838.24,500000,2399.67,399.94,0,1,0.0,0.0,0,0,0
P10062,2023-06-01,2023-08-01,active,Term Life,CA,suburban,Broker,monthly,0,69.0,92838.24,500000,2399.67,599.92,0,1,0.0,0.0,0,0,0
P10062,2023-07-01,2023-08-01,active,Term Life,CA,suburban,Broker,monthly,0,69.0,92838.24,500000,2399.67,399.94,0,0,0.0,0.0,0,0,0
P10062,2023-08-01,2023-08-01,active,Term Life,CA,suburban,Broker,monthly,0,69.0,92838.24,500000,2399.67,399.94,0,1,0.0,0.0,0,0,0
P10062,2023-09-01,2023-08-01,active,Term Life,CA,suburban,Broker,monthly,0,69.1,92838.24,500000,2399.67,399.94,0,0,0.0,0.0,0,0,0
P10062,2023-10-01,2023-08-01,active,Term Life,CA,suburban,Broker,monthly,0,69.2,92838.24,500000,2399.67,599.92,1,2,0.0,0.0,0,0,0
P10062,2023-11-01,2023-08-01,active,Term Life,CA,suburban,Broker,monthly,0,69.2,92838.24,500000,2399.67,599.92,1,1,0.0,0.0,0,0,0
P10062,2023-12-01,2023-08-01,active,Term Life,CA,suburban,Broker,monthly,0,69.3,92838.24,500000,2399.67,399.94,2,1,0.0,0.0,0,0,0
P10062,2024-01-01,2023-08-01,active,Term Life,CA,suburban,Broker,monthly,0,69.4,92838.24,500000,2399.67,399.94,3,3,0.0,0.0,0,0,0
P10062,2024-02-01,2023-08-01,active,Term Life,CA,suburban,Broker,monthly,0,69.5,92838.24,500000,2399.67,599.92,3,1,0.0,0.0,0,0,0
P10062,2024-03-01,2023-08-01,active,Term Life,CA,suburban,Broker,monthly,0,69.6,92838.24,500000,2399.67,399.94,3,0,0.0,0.0,0,0,0
P10062,2024-04-01,2023-08-01,active,Term Life,CA,suburban,Broker,monthly,0,69.7,92838.24,500000,2399.67,399.94,3,1,0.0,0.0,0,0,0
P10062,2024-05-01,2023-08-01,active,Term Life,CA,suburban,Broker,monthly,0,69.8,92838.24,500000,2399.67,599.92,3,1,0.0,0.0,0,0,0
P10062,2024-06-01,2023-08-01,active,Term Life,CA,suburban,Broker,monthly,0,69.8,92838.24,500000,2399.67,599.92,2,0,0.0,0.0,0,0,0
P10062,2024-07-01,2023-08-01,active,Term Life,CA,suburban,Broker,monthly,0,69.9,92838.24,500000,2399.67,599.92,1,0,0.0,0.0,0,0,0
P10062,2024-08-01,2023-08-01,active,Term Life,CA,suburban,Broker,monthly,0,70.0,92838.24,500000,2399.67,399.94,1,1,0.0,0.0,0,0,0
P10062,2024-09-01,2023-08-01,active,Term Life,CA,suburban,Broker,monthly,0,70.1,92838.24,500000,2399.67,599.92,0,0,0.0,0.0,0,0,0
P10062,2024-10-01,2023-08-01,active,Term Life,CA,suburban,Broker,monthly,0,70.2,92838.24,500000,2399.67,599.92,0,0,0.0,0.0,0,1,0
P10062,2024-11-01,2023-08-01,active,Term Life,CA,suburban,Broker,monthly,0,70.2,92838.24,500000,2399.67,399.94,1,1,0.0,0.0,0,0,0
P10062,2024-12-01,2023-08-01,active,Term Life,CA,suburban,Broker,monthly,0,70.3,92838.24,500000,2399.67,399.94,1,0,0.0,0.0,0,0,0
P10063,2023-01-01,2016-04-01,active,Term Life,PA,urban,Broker,monthly,1,70.8,23462.57,250000,1156.75,289.19,0,0,0.0,0.0,0,0,0
P10063,2023-02-01,2016-04-01,active,Term Life,PA,urban,Broker,monthly,1,70.8,23462.57,250000,1156.75,289.19,0,1,0.0,0.0,0,0,0
P10063,2023-03-01,2016-04-01,active,Term Life,PA,urban,Broker,monthly,1,70.9,23462.57,250000,1156.75,289.19,0,1,0.0,0.0,1,0,0
P10063,2023-04-01,2016-04-01,active,Term Life,PA,urban,Broker,monthly,1,71.0,23462.57,250000,1156.75,289.19,0,0,0.0,0.0,0,0,0
P10063,2023-05-01,2016-04-01,active,Term Life,PA,urban,Broker,monthly,1,71.1,23462.57,250000,1156.75,289.19,0,0,0.0,0.0,0,0,0
P10063,2023-06-01,2016-04-01,active,Term Life,PA,urban,Broker,monthly,1,71.2,23462.57,250000,1156.75,289.19,0,0,0.0,0.0,0,0,0
P10063,2023-07-01,2016-04-01,active,Term Life,PA,urban,Broker,monthly,1,71.2,23462.57,250000,1156.75,289.19,0,1,0.0,0.0,0,0,0
P10063,2023-08-01,2016-04-01,active,Term Life,PA,urban,Broker,monthly,1,71.3,23462.57,250000,1156.75,289.19,0,1,0.0,0.0,0,0,0
P10063,2023-09-01,2016-04-01,active,Term Life,PA,urban,Broker,monthly,1,71.4,23462.57,250000,1156.75,289.19,0,1,0.0,0.0,0,0,0
P10063,2023-10-01,2016-04-01,active,Term Life,PA,urban,Broker,monthly,1,71.5,23462.57,250000,1156.75,289.19,0,0,0.0,0.0,0,0,0
P10063,2023-11-01,2016-04-01,active,Term Life,PA,urban,Broker,monthly,1,71.6,23462.57,250000,1156.75,289.19,0,1,0.0,0.0,0,0,0
P10063,2023-12-01,2016-04-01,active,Term Life,PA,urban,Broker,monthly,1,71.7,23462.57,250000,1156.75,289.19,0,1,0.0,0.0,0,0,0
P10063,2024-01-01,2016-04-01,active,Term Life,PA,urban,Broker,monthly,1,71.8,23462.57,250000,1156.75,289.19,0,2,0.0,0.0,0,0,0
P10063,2024-02-01,2016-04-01,active,Term Life,PA,urban,Broker,monthly,1,71.8,23462.57,250000,1156.75,192.79,0,0,0.0,0.0,0,0,0
P10063,2024-03-01,2016-04-01,active,Term Life,PA,urban,Broker,monthly,1,71.9,23462.57,250000,1156.75,289.19,0,1,0.0,0.0,0,0,0
P10063,2024-04-01,2016-04-01,active,Term Life,PA,urban,Broker,monthly,1,72.0,23462.57,250000,1156.75,289.19,0,1,0.0,0.0,0,0,0
P10063,2024-05-01,2016-04-01,active,Term Life,PA,urban,Broker,monthly,1,72.1,23462.57,250000,1156.75,289.19,0,0,0.0,0.0,0,0,0
P10063,2024-06-01,2016-04-01,active,Term Life,PA,urban,Broker,monthly,1,72.2,23462.57,250000,1156.75,192.79,0,1,0.0,0.0,0,0,0
P10063,2024-07-01,2016-04-01,active,Term Life,PA,urban,Broker,monthly,1,72.2,23462.57,250000,1156.75,289.19,0,0,0.0,0.0,0,1,0
P10063,2024-08-01,2016-04-01,active,Term Life,PA,urban,Broker,monthly,1,72.3,23462.57,250000,1156.75,289.19,0,1,0.0,0.0,0,0,0
P10063,2024-09-01,2016-04-01,active,Term Life,PA,urban,Broker,monthly,1,72.4,23462.57,250000,1156.75,289.19,0,0,0.0,0.0,0,0,0
P10063,2024-10-01,2016-04-01,active,Term Life,PA,urban,Broker,monthly,1,72.5,23462.57,250000,1156.75,289.19,0,2,0.0,0.0,0,0,0
P10063,2024-11-01,2016-04-01,active,Term Life,PA,urban,Broker,monthly,1,72.6,23462.57,250000,1156.75,289.19,0,0,0.0,0.0,0,0,0
P10063,2024-12-01,2016-04-01,active,Term Life,PA,urban,Broker,monthly,1,72.7,23462.57,250000,1156.75,289.19,0,0,0.0,0.0,0,0,0
P10064,2023-01-01,2019-09-01,active,Whole Life,NY,urban,Broker,quarterly,0,76.3,59143.99,750000,1229.0,614.5,0,2,1186.04,0.0,0,0,0
P10064,2023-02-01,2019-09-01,active,Whole Life,NY,urban,Broker,quarterly,0,76.4,59143.99,750000,1229.0,614.5,0,0,2069.26,0.0,0,0,0
P10064,2023-03-01,2019-09-01,active,Whole Life,NY,urban,Broker,quarterly,0,76.5,59143.99,750000,1229.0,921.75,0,0,1324.15,0.0,0,0,0
P10064,2023-04-01,2019-09-01,active,Whole Life,NY,urban,Broker,quarterly,0,76.6,59143.99,750000,1229.0,921.75,0,0,1167.38,0.0,0,0,0
P10064,2023-05-01,2019-09-01,active,Whole Life,NY,urban,Broker,quarterly,0,76.7,59143.99,750000,1229.0,921.75,0,1,1039.41,588.87,0,0,0
P10064,2023-06-01,2019-09-01,active,Whole Life,NY,urban,Broker,quarterly,0,76.8,59143.99,750000,1229.0,921.75,0,0,1481.53,0.0,0,0,0
P10064,2023-07-01,2019-09-01,active,Whole Life,NY,urban,Broker,quarterly,0,76.8,59143.99,750000,1229.0,614.5,0,0,1429.31,0.0,0,0,0
P10064,2023-08-01,2019-09-01,active,Whole Life,NY,urban,Broker,quarterly,0,76.9,59143.99,750000,1229.0,921.75,0,1,912.7,0.0,0,0,0
P10064,2023-09-01,2019-09-01,active,Whole Life,NY,urban,Broker,quarterly,0,77.0,59143.99,750000,1229.0,921.75,0,0,2239.52,0.0,0,0,0
P10064,2023-10-01,2019-09-01,active,Whole Life,NY,urban,Broker,quarterly,0,77.1,59143.99,750000,1229.0,614.5,0,0,1931.38,0.0,0,0,0
P10064,2023-11-01,2019-09-01,active,Whole Life,NY,urban,Broker,quarterly,0,77.2,59143.99,750000,1229.0,921.75,1,1,1413.34,785.21,0,0,0
P10064,2023-12-01,2019-09-01,active,Whole Life,NY,urban,Broker,quarterly,0,77.2,59143.99,750000,1229.0,921.75,1,4,2785.98,0.0,0,0,0
P10064,2024-01-01,2019-09-01,active,Whole Life,NY,urban,Broker,quarterly,0,77.3,59143.99,750000,1229.0,614.5,1,0,2263.41,0.0,0,0,0
P10064,2024-02-01,2019-09-01,active,Whole Life,NY,urban,Broker,quarterly,0,77.4,59143.99,750000,1229.0,921.75,1,1,1287.69,0.0,0,0,0
P10064,2024-03-01,2019-09-01,active,Whole Life,NY,urban,Broker,quarterly,0,77.5,59143.99,750000,1229.0,921.75,2,0,1646.06,0.0,0,0,0
P10064,2024-04-01,2019-09-01,active,Whole Life,NY,urban,Broker,quarterly,0,77.6,59143.99,750000,1229.0,921.75,2,1,1873.11,0.0,0,0,0
P10064,2024-05-01,2019-09-01,active,Whole Life,NY,urban,Broker,quarterly,0,77.7,59143.99,750000,1229.0,921.75,1,1,2917.16,0.0,0,0,0
P10064,2024-06-01,2019-09-01,active,Whole Life,NY,urban,Broker,quarterly,0,77.8,59143.99,750000,1229.0,921.75,1,1,1332.41,0.0,0,0,0
P10064,2024-07-01,2019-09-01,active,Whole Life,NY,urban,Broker,quarterly,0,77.8,59143.99,750000,1229.0,614.5,1,1,1938.6,0.0,0,0,0
P10064,2024-08-01,2019-09-01,active,Whole Life,NY,urban,Broker,quarterly,0,77.9,59143.99,750000,1229.0,921.75,0,0,1494.09,0.0,0,0,0
P10064,2024-09-01,2019-09-01,active,Whole Life,NY,urban,Broker,quarterly,0,78.0,59143.99,750000,1229.0,921.75,0,0,3305.03,0.0,0,0,0
P10064,2024-10-01,2019-09-01,active,Whole Life,NY,urban,Broker,quarterly,0,78.1,59143.99,750000,1229.0,921.75,0,2,1199.18,0.0,0,0,0
P10064,2024-11-01,2019-09-01,active,Whole Life,NY,urban,Broker,quarterly,0,78.2,59143.99,750000,1229.0,921.75,0,0,2454.7,0.0,0,0,0
P10064,2024-12-01,2019-09-01,active,Whole Life,NY,urban,Broker,quarterly,0,78.2,59143.99,750000,1229.0,921.75,0,0,2002.61,0.0,0,0,0
P10065,2023-01-01,2014-10-01,active,Whole Life,NY,suburban,Bank,quarterly,0,53.2,72327.16,1000000,2130.19,1065.1,0,3,5224.79,0.0,1,0,0
P10065,2023-02-01,2014-10-01,active,Whole Life,NY,suburban,Bank,quarterly,0,53.3,72327.16,1000000,2130.19,1597.64,0,2,3681.54,0.0,1,0,0
P10065,2023-03-01,2014-10-01,active,Whole Life,NY,suburban,Bank,quarterly,0,53.4,72327.16,1000000,2130.19,1597.64,0,3,8637.23,0.0,0,0,0
P10065,2023-04-01,2014-10-01,active,Whole Life,NY,suburban,Bank,quarterly,0,53.5,72327.16,1000000,2130.19,1065.1,0,2,7458.91,0.0,0,0,0
P10065,2023-05-01,2014-10-01,active,Whole Life,NY,suburban,Bank,quarterly,0,53.6,72327.16,1000000,2130.19,1597.64,0,3,3509.24,0.0,0,0,0
P10065,2023-06-01,2014-10-01,active,Whole Life,NY,suburban,Bank,quarterly,0,53.7,72327.16,1000000,2130.19,1597.64,0,2,7073.0,0.0,0,0,0
P10065,2023-07-01,2014-10-01,active,Whole Life,NY,suburban,Bank,quarterly,0,53.8,72327.16,1000000,2130.19,1597.64,0,2,9575.4,0.0,0,0,0
P10065,2023-08-01,2014-10-01,active,Whole Life,NY,suburban,Bank,quarterly,0,53.8,72327.16,1000000,2130.19,1065.1,0,3,6443.9,0.0,0,0,0
P10065,2023-09-01,2014-10-01,active,Whole Life,NY,suburban,Bank,quarterly,0,53.9,72327.16,1000000,2130.19,1597.64,0,2,9094.14,0.0,0,0,0
P10065,2023-10-01,2014-10-01,active,Whole Life,NY,suburban,Bank,quarterly,0,54.0,72327.16,1000000,2130.19,1597.64,0,2,6671.25,0.0,0,0,0
P10065,2023-11-01,2014-10-01,active,Whole Life,NY,suburban,Bank,quarterly,0,54.1,72327.16,1000000,2130.19,1597.64,0,3,7171.1,0.0,0,0,0
P10065,2023-12-01,2014-10-01,active,Whole Life,NY,suburban,Bank,quarterly,0,54.2,72327.16,1000000,2130.19,1597.64,0,2,5694.02,0.0,0,0,0
P10065,2024-01-01,2014-10-01,active,Whole Life,NY,suburban,Bank,quarterly,0,54.2,72327.16,1000000,2130.19,1597.64,0,4,6069.85,0.0,0,0,0
P10065,2024-02-01,2014-10-01,active,Whole Life,NY,suburban,Bank,quarterly,0,54.3,72327.16,1000000,2130.19,1065.1,0,2,10586.66,0.0,0,0,0
P10065,2024-03-01,2014-10-01,active,Whole Life,NY,suburban,Bank,quarterly,0,54.4,72327.16,1000000,2130.19,1597.64,0,2,4749.02,0.0,0,0,0
P10065,2024-04-01,2014-10-01,active,Whole Life,NY,suburban,Bank,quarterly,0,54.5,72327.16,1000000,2130.19,1597.64,0,2,5375.97,1883.93,0,0,0
P10065,2024-05-01,2014-10-01,active,Whole Life,NY,suburban,Bank,quarterly,0,54.6,72327.16,1000000,2130.19,1597.64,0,4,9682.35,0.0,0,0,0
P10065,2024-06-01,2014-10-01,active,Whole Life,NY,suburban,Bank,quarterly,0,54.7,72327.16,1000000,2130.19,1597.64,0,4,4221.8,0.0,0,0,0
P10065,2024-07-01,2014-10-01,active,Whole Life,NY,suburban,Bank,quarterly,0,54.8,72327.16,1000000,2130.19,1597.64,0,3,9832.77,0.0,0,0,0
P10065,2024-08-01,2014-10-01,active,Whole Life,NY,suburban,Bank,quarterly,0,54.8,72327.16,1000000,2130.19,1597.64,0,4,6844.09,0.0,0,0,0
P10065,2024-09-01,2014-10-01,active,Whole Life,NY,suburban,Bank,quarterly,0,54.9,72327.16,1000000,2130.19,1065.1,0,4,7442.82,0.0,0,0,0
P10065,2024-10-01,2014-10-01,active,Whole Life,NY,suburban,Bank,quarterly,0,55.0,72327.16,1000000,2130.19,1597.64,0,3,3884.11,1095.2,0,0,0
P10065,2024-11-01,2014-10-01,active,Whole Life,NY,suburban,Bank,quarterly,0,55.1,72327.16,1000000,2130.19,1597.64,0,3,8937.71,0.0,0,0,0
P10065,2024-12-01,2014-10-01,active,Whole Life,NY,suburban,Bank,quarterly,0,55.2,72327.16,1000000,2130.19,1597.64,0,3,4276.64,0.0,0,0,0
P10066,2023-01-01,2019-10-01,active,Term Life,AZ,rural,Direct,monthly,0,40.2,133334.09,250000,823.89,205.97,0,0,0.0,0.0,0,0,0
P10066,2023-02-01,2019-10-01,active,Term Life,AZ,rural,Direct,monthly,0,40.3,133334.09,250000,823.89,205.97,1,1,0.0,0.0,0,0,0
P10066,2023-03-01,2019-10-01,active,Term Life,AZ,rural,Direct,monthly,0,40.4,133334.09,250000,823.89,205.97,2,1,0.0,0.0,0,0,0
P10066,2023-04-01,2019-10-01,active,Term Life,AZ,rural,Direct,monthly,0,40.5,133334.09,250000,823.89,205.97,2,1,0.0,0.0,0,0,0
P10066,2023-05-01,2019-10-01,active,Term Life,AZ,rural,Direct,monthly,0,40.6,133334.09,250000,823.89,205.97,1,0,0.0,0.0,0,1,0
P10066,2023-06-01,2019-10-01,active,Term Life,AZ,rural,Direct,monthly,0,40.7,133334.09,250000,823.89,205.97,1,2,0.0,0.0,0,0,0
P10066,2023-07-01,2019-10-01,active,Term Life,AZ,rural,Direct,monthly,0,40.8,133334.09,250000,823.89,205.97,1,0,0.0,0.0,0,0,0
P10066,2023-08-01,2019-10-01,active,Term Life,AZ,rural,Direct,monthly,0,40.8,133334.09,250000,823.89,137.32,1,2,0.0,0.0,0,0,0
P10066,2023-09-01,2019-10-01,active,Term Life,AZ,rural,Direct,monthly,0,40.9,133334.09,250000,823.89,137.32,2,0,0.0,0.0,1,0,0
P10066,2023-10-01,2019-10-01,active,Term Life,AZ,rural,Direct,monthly,0,41.0,133334.09,250000,823.89,205.97,2,2,0.0,0.0,0,0,0
P10066,2023-11-01,2019-10-01,active,Term Life,AZ,rural,Direct,monthly,0,41.1,133334.09,250000,823.89,205.97,1,1,0.0,0.0,0,0,0
P10066,2023-12-01,2019-10-01,active,Term Life,AZ,rural,Direct,monthly,0,41.2,133334.09,250000,823.89,205.97,1,0,0.0,0.0,0,1,0
P10066,2024-01-01,2019-10-01,active,Term Life,AZ,rural,Direct,monthly,0,41.2,133334.09,250000,823.89,205.97,1,0,0.0,0.0,0,0,0
P10066,2024-02-01,2019-10-01,active,Term Life,AZ,rural,Direct,monthly,0,41.3,133334.09,250000,823.89,137.32,1,0,0.0,0.0,0,0,0
P10066,2024-03-01,2019-10-01,active,Term Life,AZ,rural,Direct,monthly,0,41.4,133334.09,250000,823.89,205.97,0,0,0.0,0.0,0,0,1
P10066,2024-04-01,2019-10-01,lapsed,Term Life,AZ,rural,Direct,monthly,0,41.5,133334.09,250000,823.89,205.97,0,2,0.0,0.0,0,0,0
P10067,2023-01-01,2016-11-01,active,Whole Life,NJ,urban,Broker,monthly,1,68.2,48425.56,100000,679.83,169.96,0,2,723.78,0.0,0,0,0
P10067,2023-02-01,2016-11-01,active,Whole Life,NJ,urban,Broker,monthly,1,68.2,48425.56,100000,679.83,169.96,0,1,558.76,0.0,0,0,0
P10067,2023-03-01,2016-11-01,active,Whole Life,NJ,urban,Broker,monthly,1,68.3,48425.56,100000,679.83,169.96,0,2,536.17,0.0,0,0,0
P10067,2023-04-01,2016-11-01,active,Whole Life,NJ,urban,Broker,monthly,1,68.4,48425.56,100000,679.83,169.96,0,2,575.97,0.0,0,0,0
P10067,2023-05-01,2016-11-01,active,Whole Life,NJ,urban,Broker,monthly,1,68.5,48425.56,100000,679.83,169.96,0,1,342.68,0.0,0,0,0
P10067,2023-06-01,2016-11-01,active,Whole Life,NJ,urban,Broker,monthly,1,68.6,48425.56,100000,679.83,169.96,1,2,797.96,0.0,0,0,0
P10067,2023-07-01,2016-11-01,active,Whole Life,NJ,urban,Broker,monthly,1,68.7,48425.56,100000,679.83,169.96,1,2,629.2,0.0,0,0,0
P10067,2023-08-01,2016-11-01,active,Whole Life,NJ,urban,Broker,monthly,1,68.8,48425.56,100000,679.83,169.96,1,2,584.96,208.33,0,0,0
P10067,2023-09-01,2016-11-01,active,Whole Life,NJ,urban,Broker,monthly,1,68.8,48425.56,100000,679.83,169.96,1,3,421.5,0.0,0,0,0
P10067,2023-10-01,2016-11-01,active,Whole Life,NJ,urban,Broker,monthly,1,68.9,48425.56,100000,679.83,169.96,1,1,631.5,0.0,0,1,0
P10067,2023-11-01,2016-11-01,active,Whole Life,NJ,urban,Broker,monthly,1,69.0,48425.56,100000,679.83,169.96,1,3,703.77,0.0,0,0,0
P10067,2023-12-01,2016-11-01,active,Whole Life,NJ,urban,Broker,monthly,1,69.1,48425.56,100000,679.83,169.96,1,2,786.85,0.0,0,0,0
P10067,2024-01-01,2016-11-01,active,Whole Life,NJ,urban,Broker,monthly,1,69.2,48425.56,100000,679.83,169.96,1,1,695.0,0.0,0,0,0
P10067,2024-02-01,2016-11-01,active,Whole Life,NJ,urban,Broker,monthly,1,69.2,48425.56,100000,679.83,169.96,1,1,496.33,0.0,0,0,0
P10067,2024-03-01,2016-11-01,active,Whole Life,NJ,urban,Broker,monthly,1,69.3,48425.56,100000,679.83,169.96,1,2,538.84,0.0,0,0,0
P10067,2024-04-01,2016-11-01,active,Whole Life,NJ,urban,Broker,monthly,1,69.4,48425.56,100000,679.83,169.96,1,1,412.83,145.71,0,0,0
P10067,2024-05-01,2016-11-01,active,Whole Life,NJ,urban,Broker,monthly,1,69.5,48425.56,100000,679.83,169.96,0,3,504.53,0.0,0,0,0
P10067,2024-06-01,2016-11-01,active,Whole Life,NJ,urban,Broker,monthly,1,69.6,48425.56,100000,679.83,169.96,0,2,567.05,0.0,0,0,0
P10067,2024-07-01,2016-11-01,active,Whole Life,NJ,urban,Broker,monthly,1,69.7,48425.56,100000,679.83,169.96,0,1,644.32,0.0,0,0,0
P10067,2024-08-01,2016-11-01,active,Whole Life,NJ,urban,Broker,monthly,1,69.8,48425.56,100000,679.83,169.96,0,1,472.3,0.0,0,0,0
P10067,2024-09-01,2016-11-01,active,Whole Life,NJ,urban,Broker,monthly,1,69.8,48425.56,100000,679.83,169.96,0,1,387.2,0.0,0,0,0
P10067,2024-10-01,2016-11-01,active,Whole Life,NJ,urban,Broker,monthly,1,69.9,48425.56,100000,679.83,169.96,0,1,349.96,43.35,0,0,0
P10067,2024-11-01,2016-11-01,active,Whole Life,NJ,urban,Broker,monthly,1,70.0,48425.56,100000,679.83,169.96,1,1,695.71,0.0,0,0,0
P10067,2024-12-01,2016-11-01,active,Whole Life,NJ,urban,Broker,monthly,1,70.1,48425.56,100000,679.83,169.96,1,1,946.77,118.54,0,0,0
P10068,2023-01-01,2014-03-01,active,Term Life,IL,suburban,Agent,monthly,1,50.8,67728.09,250000,997.78,249.45,0,1,0.0,0.0,0,0,0
P10068,2023-02-01,2014-03-01,active,Term Life,IL,suburban,Agent,monthly,1,50.9,67728.09,250000,997.78,249.45,0,2,0.0,0.0,0,0,0
P10068,2023-03-01,2014-03-01,active,Term Life,IL,suburban,Agent,monthly,1,51.0,67728.09,250000,997.78,249.45,0,1,0.0,0.0,1,0,0
P10068,2023-04-01,2014-03-01,active,Term Life,IL,suburban,Agent,monthly,1,51.1,67728.09,250000,997.78,249.45,0,2,0.0,0.0,0,0,0
P10068,2023-05-01,2014-03-01,active,Term Life,IL,suburban,Agent,monthly,1,51.2,67728.09,250000,997.78,249.45,0,0,0.0,0.0,0,0,0
P10068,2023-06-01,2014-03-01,active,Term Life,IL,suburban,Agent,monthly,1,51.2,67728.09,250000,997.78,249.45,0,0,0.0,0.0,0,0,0
P10068,2023-07-01,2014-03-01,active,Term Life,IL,suburban,Agent,monthly,1,51.3,67728.09,250000,997.78,249.45,0,1,0.0,0.0,0,0,0
P10068,2023-08-01,2014-03-01,active,Term Life,IL,suburban,Agent,monthly,1,51.4,67728.09,250000,997.78,249.45,0,1,0.0,0.0,0,0,0
P10068,2023-09-01,2014-03-01,active,Term Life,IL,suburban,Agent,monthly,1,51.5,67728.09,250000,997.78,249.45,0,0,0.0,0.0,0,0,0
P10068,2023-10-01,2014-03-01,active,Term Life,IL,suburban,Agent,monthly,1,51.6,67728.09,250000,997.78,249.45,0,0,0.0,0.0,0,0,0
P10068,2023-11-01,2014-03-01,active,Term Life,IL,suburban,Agent,monthly,1,51.7,67728.09,250000,997.78,249.45,1,1,0.0,0.0,0,0,0
P10068,2023-12-01,2014-03-01,active,Term Life,IL,suburban,Agent,monthly,1,51.8,67728.09,250000,997.78,249.45,2,0,0.0,0.0,0,1,0
P10068,2024-01-01,2014-03-01,active,Term Life,IL,suburban,Agent,monthly,1,51.8,67728.09,250000,997.78,249.45,2,0,0.0,0.0,0,0,0
P10068,2024-02-01,2014-03-01,active,Term Life,IL,suburban,Agent,monthly,1,51.9,67728.09,250000,997.78,249.45,2,0,0.0,0.0,0,0,0
P10068,2024-03-01,2014-03-01,active,Term Life,IL,suburban,Agent,monthly,1,52.0,67728.09,250000,997.78,249.45,2,0,0.0,0.0,0,1,0
P10068,2024-04-01,2014-03-01,active,Term Life,IL,suburban,Agent,monthly,1,52.1,67728.09,250000,997.78,249.45,2,2,0.0,0.0,0,0,0
P10068,2024-05-01,2014-03-01,active,Term Life,IL,suburban,Agent,monthly,1,52.2,67728.09,250000,997.78,249.45,2,0,0.0,0.0,0,0,0
P10068,2024-06-01,2014-03-01,active,Term Life,IL,suburban,Agent,monthly,1,52.2,67728.09,250000,997.78,249.45,2,1,0.0,0.0,0,0,0
P10068,2024-07-01,2014-03-01,active,Term Life,IL,suburban,Agent,monthly,1,52.3,67728.09,250000,997.78,249.45,2,1,0.0,0.0,0,0,0
P10068,2024-08-01,2014-03-01,active,Term Life,IL,suburban,Agent,monthly,1,52.4,67728.09,250000,997.78,166.3,2,1,0.0,0.0,0,0,0
P10068,2024-09-01,2014-03-01,active,Term Life,IL,suburban,Agent,monthly,1,52.5,67728.09,250000,997.78,249.45,2,0,0.0,0.0,0,0,0
P10068,2024-10-01,2014-03-01,active,Term Life,IL,suburban,Agent,monthly,1,52.6,67728.09,250000,997.78,249.45,3,1,0.0,0.0,0,0,0
P10068,2024-11-01,2014-03-01,active,Term Life,IL,suburban,Agent,monthly,1,52.7,67728.09,250000,997.78,166.3,3,0,0.0,0.0,0,0,0
P10068,2024-12-01,2014-03-01,active,Term Life,IL,suburban,Agent,monthly,1,52.8,67728.09,250000,997.78,166.3,3,0,0.0,0.0,0,0,0
P10069,2023-01-01,2014-12-01,active,Universal Life,AZ,suburban,Agent,monthly,1,36.1,75967.71,100000,511.42,127.85,0,0,361.8,0.0,0,0,0
P10069,2023-02-01,2014-12-01,active,Universal Life,AZ,suburban,Agent,monthly,1,36.2,75967.71,100000,511.42,127.85,0,0,681.68,153.2,0,0,0
P10069,2023-03-01,2014-12-01,active,Universal Life,AZ,suburban,Agent,monthly,1,36.2,75967.71,100000,511.42,85.24,0,0,315.51,0.0,0,1,0
P10069,2023-04-01,2014-12-01,active,Universal Life,AZ,suburban,Agent,monthly,1,36.3,75967.71,100000,511.42,127.85,0,1,531.72,0.0,0,0,0
P10069,2023-05-01,2014-12-01,active,Universal Life,AZ,suburban,Agent,monthly,1,36.4,75967.71,100000,511.42,127.85,0,0,377.57,0.0,0,0,0
P10069,2023-06-01,2014-12-01,active,Universal Life,AZ,suburban,Agent,monthly,1,36.5,75967.71,100000,511.42,127.85,0,1,524.2,235.52,0,0,0
P10069,2023-07-01,2014-12-01,active,Universal Life,AZ,suburban,Agent,monthly,1,36.6,75967.71,100000,511.42,85.24,0,0,757.52,0.0,0,0,0
P10069,2023-08-01,2014-12-01,active,Universal Life,AZ,suburban,Agent,monthly,1,36.7,75967.71,100000,511.42,127.85,0,3,733.43,387.69,0,0,0
P10069,2023-09-01,2014-12-01,active,Universal Life,AZ,suburban,Agent,monthly,1,36.8,75967.71,100000,511.42,127.85,0,0,484.54,0.0,0,0,0
P10069,2023-10-01,2014-12-01,active,Universal Life,AZ,suburban,Agent,monthly,1,36.8,75967.71,100000,511.42,127.85,0,0,644.3,0.0,0,0,0
P10069,2023-11-01,2014-12-01,active,Universal Life,AZ,suburban,Agent,monthly,1,36.9,75967.71,100000,511.42,127.85,0,0,583.78,137.67,0,0,0
P10069,2023-12-01,2014-12-01,active,Universal Life,AZ,suburban,Agent,monthly,1,37.0,75967.71,100000,511.42,127.85,0,3,671.28,0.0,0,0,0
P10069,2024-01-01,2014-12-01,active,Universal Life,AZ,suburban,Agent,monthly,1,37.1,75967.71,100000,511.42,127.85,0,1,782.34,0.0,0,0,0
P10069,2024-02-01,2014-12-01,active,Universal Life,AZ,suburban,Agent,monthly,1,37.2,75967.71,100000,511.42,127.85,0,3,406.56,0.0,0,0,0
P10069,2024-03-01,2014-12-01,active,Universal Life,AZ,suburban,Agent,monthly,1,37.2,75967.71,100000,511.42,127.85,0,0,291.11,145.07,1,0,0
P10069,2024-04-01,2014-12-01,active,Universal Life,AZ,suburban,Agent,monthly,1,37.3,75967.71,100000,511.42,127.85,0,1,689.5,0.0,0,0,0
P10069,2024-05-01,2014-12-01,active,Universal Life,AZ,suburban,Agent,monthly,1,37.4,75967.71,100000,511.42,85.24,0,0,385.52,0.0,1,0,0
P10069,2024-06-01,2014-12-01,active,Universal Life,AZ,suburban,Agent,monthly,1,37.5,75967.71,100000,511.42,127.85,0,0,534.95,0.0,0,0,0
P10069,2024-07-01,2014-12-01,active,Universal Life,AZ,suburban,Agent,monthly,1,37.6,75967.71,100000,511.42,127.85,0,2,760.64,0.0,0,0,0
P10069,2024-08-01,2014-12-01,active,Universal Life,AZ,suburban,Agent,monthly,1,37.7,75967.71,100000,511.42,127.85,0,0,521.15,105.81,0,0,0
P10069,2024-09-01,2014-12-01,active,Universal Life,AZ,suburban,Agent,monthly,1,37.8,75967.71,100000,511.42,127.85,0,1,572.53,0.0,0,0,0
P10069,2024-10-01,2014-12-01,active,Universal Life,AZ,suburban,Agent,monthly,1,37.8,75967.71,100000,511.42,127.85,0,0,588.5,0.0,0,0,0
P10069,2024-11-01,2014-12-01,active,Universal Life,AZ,suburban,Agent,monthly,1,37.9,75967.71,100000,511.42,127.85,0,0,510.05,0.0,0,0,0
P10069,2024-12-01,2014-12-01,active,Universal Life,AZ,suburban,Agent,monthly,1,38.0,75967.71,100000,511.42,127.85,0,2,679.93,0.0,0,0,0
P10070,2023-01-01,2021-05-01,active,Term Life,NY,suburban,Agent,monthly,0,74.7,39597.76,750000,6179.66,1544.91,0,1,0.0,0.0,0,0,0
P10070,2023-02-01,2021-05-01,active,Term Life,NY,suburban,Agent,monthly,0,74.8,39597.76,750000,6179.66,1544.91,0,3,0.0,0.0,0,0,0
P10070,2023-03-01,2021-05-01,active,Term Life,NY,suburban,Agent,monthly,0,74.8,39597.76,750000,6179.66,1544.91,0,2,0.0,0.0,0,0,0
P10070,2023-04-01,2021-05-01,active,Term Life,NY,suburban,Agent,monthly,0,74.9,39597.76,750000,6179.66,1029.94,0,0,0.0,0.0,0,0,0
P10070,2023-05-01,2021-05-01,active,Term Life,NY,suburban,Agent,monthly,0,75.0,39597.76,750000,6179.66,1544.91,0,0,0.0,0.0,0,0,0
P10070,2023-06-01,2021-05-01,active,Term Life,NY,suburban,Agent,monthly,0,75.1,39597.76,750000,6179.66,1544.91,0,1,0.0,0.0,0,0,0
P10070,2023-07-01,2021-05-01,active,Term Life,NY,suburban,Agent,monthly,0,75.2,39597.76,750000,6179.66,1544.91,0,2,0.0,0.0,0,0,0
P10070,2023-08-01,2021-05-01,active,Term Life,NY,suburban,Agent,monthly,0,75.2,39597.76,750000,6179.66,1544.91,0,0,0.0,0.0,0,0,0
P10070,2023-09-01,2021-05-01,active,Term Life,NY,suburban,Agent,monthly,0,75.3,39597.76,750000,6179.66,1029.94,0,0,0.0,0.0,0,0,0
P10070,2023-10-01,2021-05-01,active,Term Life,NY,suburban,Agent,monthly,0,75.4,39597.76,750000,6179.66,1544.91,0,1,0.0,0.0,0,0,0
P10070,2023-11-01,2021-05-01,active,Term Life,NY,suburban,Agent,monthly,0,75.5,39597.76,750000,6179.66,1029.94,0,1,0.0,0.0,0,0,0
P10070,2023-12-01,2021-05-01,active,Term Life,NY,suburban,Agent,monthly,0,75.6,39597.76,750000,6179.66,1029.94,0,0,0.0,0.0,0,0,0
P10070,2024-01-01,2021-05-01,active,Term Life,NY,suburban,Agent,monthly,0,75.7,39597.76,750000,6179.66,1029.94,0,0,0.0,0.0,0,0,0
P10070,2024-02-01,2021-05-01,active,Term Life,NY,suburban,Agent,monthly,0,75.8,39597.76,750000,6179.66,1544.91,0,0,0.0,0.0,0,0,0
P10070,2024-03-01,2021-05-01,active,Term Life,NY,suburban,Agent,monthly,0,75.8,39597.76,750000,6179.66,1544.91,0,0,0.0,0.0,0,0,0
P10070,2024-04-01,2021-05-01,active,Term Life,NY,suburban,Agent,monthly,0,75.9,39597.76,750000,6179.66,1544.91,0,1,0.0,0.0,0,0,0
P10070,2024-05-01,2021-05-01,active,Term Life,NY,suburban,Agent,monthly,0,76.0,39597.76,750000,6179.66,1029.94,0,1,0.0,0.0,0,0,0
P10070,2024-06-01,2021-05-01,active,Term Life,NY,suburban,Agent,monthly,0,76.1,39597.76,750000,6179.66,1544.91,0,0,0.0,0.0,0,0,0
P10070,2024-07-01,2021-05-01,active,Term Life,NY,suburban,Agent,monthly,0,76.2,39597.76,750000,6179.66,1544.91,0,1,0.0,0.0,0,0,0
P10070,2024-08-01,2021-05-01,active,Term Life,NY,suburban,Agent,monthly,0,76.2,39597.76,750000,6179.66,1544.91,0,1,0.0,0.0,0,0,0
P10070,2024-09-01,2021-05-01,active,Term Life,NY,suburban,Agent,monthly,0,76.3,39597.76,750000,6179.66,1544.91,0,0,0.0,0.0,0,0,0
P10070,2024-10-01,2021-05-01,active,Term Life,NY,suburban,Agent,monthly,0,76.4,39597.76,750000,6179.66,1544.91,0,0,0.0,0.0,0,0,0
P10070,2024-11-01,2021-05-01,active,Term Life,NY,suburban,Agent,monthly,0,76.5,39597.76,750000,6179.66,1029.94,0,1,0.0,0.0,0,0,0
P10070,2024-12-01,2021-05-01,active,Term Life,NY,suburban,Agent,monthly,0,76.6,39597.76,750000,6179.66,1544.91,0,0,0.0,0.0,0,0,0
P10071,2023-01-01,2016-02-01,active,Universal Life,TX,urban,Direct,monthly,1,41.9,54846.94,1000000,5254.71,1313.68,0,2,2276.53,701.05,0,0,0
P10071,2023-02-01,2016-02-01,active,Universal Life,TX,urban,Direct,monthly,1,42.0,54846.94,1000000,5254.71,1313.68,0,2,4310.15,0.0,0,0,0
P10071,2023-03-01,2016-02-01,active,Universal Life,TX,urban,Direct,monthly,1,42.1,54846.94,1000000,5254.71,875.79,1,3,4472.63,0.0,0,0,0
P10071,2023-04-01,2016-02-01,active,Universal Life,TX,urban,Direct,monthly,1,42.2,54846.94,1000000,5254.71,1313.68,1,3,5643.05,0.0,0,0,0
P10071,2023-05-01,2016-02-01,active,Universal Life,TX,urban,Direct,monthly,1,42.2,54846.94,1000000,5254.71,1313.68,1,2,6002.81,0.0,0,0,0
P10071,2023-06-01,2016-02-01,active,Universal Life,TX,urban,Direct,monthly,1,42.3,54846.94,1000000,5254.71,875.79,1,2,4138.43,0.0,0,0,0
P10071,2023-07-01,2016-02-01,active,Universal Life,TX,urban,Direct,monthly,1,42.4,54846.94,1000000,5254.71,1313.68,1,2,3252.56,0.0,0,0,0
P10071,2023-08-01,2016-02-01,active,Universal Life,TX,urban,Direct,monthly,1,42.5,54846.94,1000000,5254.71,1313.68,1,3,5242.7,0.0,0,0,0
P10071,2023-09-01,2016-02-01,active,Universal Life,TX,urban,Direct,monthly,1,42.6,54846.94,1000000,5254.71,1313.68,0,3,4568.32,0.0,0,0,0
P10071,2023-10-01,2016-02-01,active,Universal Life,TX,urban,Direct,monthly,1,42.7,54846.94,1000000,5254.71,875.79,0,4,4721.25,0.0,0,0,0
P10071,2023-11-01,2016-02-01,active,Universal Life,TX,urban,Direct,monthly,1,42.8,54846.94,1000000,5254.71,1313.68,0,2,6320.29,0.0,0,0,0
P10071,2023-12-01,2016-02-01,active,Universal Life,TX,urban,Direct,monthly,1,42.8,54846.94,1000000,5254.71,1313.68,0,3,6801.21,0.0,0,0,0
P10071,2024-01-01,2016-02-01,active,Universal Life,TX,urban,Direct,monthly,1,42.9,54846.94,1000000,5254.71,875.79,0,2,4882.25,0.0,0,0,0
P10071,2024-02-01,2016-02-01,active,Universal Life,TX,urban,Direct,monthly,1,43.0,54846.94,1000000,5254.71,1313.68,0,4,4382.69,0.0,0,0,0
P10071,2024-03-01,2016-02-01,active,Universal Life,TX,urban,Direct,monthly,1,43.1,54846.94,1000000,5254.71,875.79,0,3,6134.76,0.0,0,0,0
P10071,2024-04-01,2016-02-01,active,Universal Life,TX,urban,Direct,monthly,1,43.2,54846.94,1000000,5254.71,1313.68,0,2,4887.02,0.0,0,0,0
P10071,2024-05-01,2016-02-01,active,Universal Life,TX,urban,Direct,monthly,1,43.2,54846.94,1000000,5254.71,1313.68,0,2,5990.08,0.0,0,0,0
P10071,2024-06-01,2016-02-01,active,Universal Life,TX,urban,Direct,monthly,1,43.3,54846.94,1000000,5254.71,875.79,0,3,6605.34,0.0,0,0,0
P10071,2024-07-01,2016-02-01,active,Universal Life,TX,urban,Direct,monthly,1,43.4,54846.94,1000000,5254.71,1313.68,0,3,7696.18,0.0,0,0,0
P10071,2024-08-01,2016-02-01,active,Universal Life,TX,urban,Direct,monthly,1,43.5,54846.94,1000000,5254.71,875.79,0,2,3827.11,0.0,0,0,0
P10071,2024-09-01,2016-02-01,active,Universal Life,TX,urban,Direct,monthly,1,43.6,54846.94,1000000,5254.71,875.79,0,4,3145.06,0.0,0,0,0
P10071,2024-10-01,2016-02-01,active,Universal Life,TX,urban,Direct,monthly,1,43.7,54846.94,1000000,5254.71,1313.68,0,2,3377.24,0.0,0,1,0
P10071,2024-11-01,2016-02-01,active,Universal Life,TX,urban,Direct,monthly,1,43.8,54846.94,1000000,5254.71,1313.68,0,2,6714.82,0.0,0,0,0
P10071,2024-12-01,2016-02-01,active,Universal Life,TX,urban,Direct,monthly,1,43.8,54846.94,1000000,5254.71,1313.68,0,4,3655.25,0.0,0,0,0
P10072,2023-01-01,2018-12-01,active,Term Life,GA,suburban,Direct,monthly,1,30.1,96076.55,1000000,4860.43,1215.11,0,3,0.0,0.0,0,0,0
P10072,2023-02-01,2018-12-01,active,Term Life,GA,suburban,Direct,monthly,1,30.2,96076.55,1000000,4860.43,1215.11,0,4,0.0,0.0,0,0,0
P10072,2023-03-01,2018-12-01,active,Term Life,GA,suburban,Direct,monthly,1,30.2,96076.55,1000000,4860.43,1215.11,0,4,0.0,0.0,0,0,0
P10072,2023-04-01,2018-12-01,active,Term Life,GA,suburban,Direct,monthly,1,30.3,96076.55,1000000,4860.43,810.07,0,3,0.0,0.0,0,0,0
P10072,2023-05-01,2018-12-01,active,Term Life,GA,suburban,Direct,monthly,1,30.4,96076.55,1000000,4860.43,1215.11,0,3,0.0,0.0,0,0,0
P10072,2023-06-01,2018-12-01,active,Term Life,GA,suburban,Direct,monthly,1,30.5,96076.55,1000000,4860.43,1215.11,0,3,0.0,0.0,1,0,0
P10072,2023-07-01,2018-12-01,active,Term Life,GA,suburban,Direct,monthly,1,30.6,96076.55,1000000,4860.43,1215.11,0,5,0.0,0.0,0,0,0
P10072,2023-08-01,2018-12-01,active,Term Life,GA,suburban,Direct,monthly,1,30.7,96076.55,1000000,4860.43,1215.11,0,4,0.0,0.0,0,0,0
P10072,2023-09-01,2018-12-01,active,Term Life,GA,suburban,Direct,monthly,1,30.8,96076.55,1000000,4860.43,1215.11,0,4,0.0,0.0,0,0,0
P10072,2023-10-01,2018-12-01,active,Term Life,GA,suburban,Direct,monthly,1,30.8,96076.55,1000000,4860.43,810.07,0,4,0.0,0.0,0,0,0
P10072,2023-11-01,2018-12-01,active,Term Life,GA,suburban,Direct,monthly,1,30.9,96076.55,1000000,4860.43,1215.11,0,3,0.0,0.0,0,0,0
P10072,2023-12-01,2018-12-01,active,Term Life,GA,suburban,Direct,monthly,1,31.0,96076.55,1000000,4860.43,1215.11,0,4,0.0,0.0,0,0,0
P10072,2024-01-01,2018-12-01,active,Term Life,GA,suburban,Direct,monthly,1,31.1,96076.55,1000000,4860.43,1215.11,0,4,0.0,0.0,0,0,0
P10072,2024-02-01,2018-12-01,active,Term Life,GA,suburban,Direct,monthly,1,31.2,96076.55,1000000,4860.43,1215.11,0,3,0.0,0.0,0,0,0
P10072,2024-03-01,2018-12-01,active,Term Life,GA,suburban,Direct,monthly,1,31.2,96076.55,1000000,4860.43,1215.11,0,3,0.0,0.0,1,0,0
P10072,2024-04-01,2018-12-01,active,Term Life,GA,suburban,Direct,monthly,1,31.3,96076.55,1000000,4860.43,1215.11,0,4,0.0,0.0,0,0,0
P10072,2024-05-01,2018-12-01,active,Term Life,GA,suburban,Direct,monthly,1,31.4,96076.55,1000000,4860.43,1215.11,0,4,0.0,0.0,0,0,0
P10072,2024-06-01,2018-12-01,active,Term Life,GA,suburban,Direct,monthly,1,31.5,96076.55,1000000,4860.43,1215.11,0,3,0.0,0.0,0,0,0
P10072,2024-07-01,2018-12-01,active,Term Life,GA,suburban,Direct,monthly,1,31.6,96076.55,1000000,4860.43,1215.11,0,3,0.0,0.0,0,0,0
P10072,2024-08-01,2018-12-01,active,Term Life,GA,suburban,Direct,monthly,1,31.7,96076.55,1000000,4860.43,1215.11,0,3,0.0,0.0,0,0,0
P10072,2024-09-01,2018-12-01,active,Term Life,GA,suburban,Direct,monthly,1,31.8,96076.55,1000000,4860.43,810.07,0,4,0.0,0.0,1,0,0
P10072,2024-10-01,2018-12-01,active,Term Life,GA,suburban,Direct,monthly,1,31.8,96076.55,1000000,4860.43,1215.11,0,4,0.0,0.0,0,1,0
P10072,2024-11-01,2018-12-01,active,Term Life,GA,suburban,Direct,monthly,1,31.9,96076.55,1000000,4860.43,1215.11,0,3,0.0,0.0,0,0,0
P10072,2024-12-01,2018-12-01,active,Term Life,GA,suburban,Direct,monthly,1,32.0,96076.55,1000000,4860.43,1215.11,0,3,0.0,0.0,0,0,0
P10073,2023-01-01,2017-06-01,active,Universal Life,PA,urban,Direct,monthly,1,39.6,72860.47,750000,4790.08,1197.52,0,2,3675.05,0.0,0,0,0
P10073,2023-02-01,2017-06-01,active,Universal Life,PA,urban,Direct,monthly,1,39.7,72860.47,750000,4790.08,1197.52,0,2,1755.05,0.0,0,0,0
P10073,2023-03-01,2017-06-01,active,Universal Life,PA,urban,Direct,monthly,1,39.8,72860.47,750000,4790.08,1197.52,0,3,2171.77,0.0,1,0,0
P10073,2023-04-01,2017-06-01,active,Universal Life,PA,urban,Direct,monthly,1,39.8,72860.47,750000,4790.08,1197.52,0,2,2785.52,0.0,0,0,0
P10073,2023-05-01,2017-06-01,active,Universal Life,PA,urban,Direct,monthly,1,39.9,72860.47,750000,4790.08,798.35,0,2,2696.92,0.0,0,0,0
P10073,2023-06-01,2017-06-01,active,Universal Life,PA,urban,Direct,monthly,1,40.0,72860.47,750000,4790.08,1197.52,0,2,1828.1,0.0,0,0,0
P10073,2023-07-01,2017-06-01,active,Universal Life,PA,urban,Direct,monthly,1,40.1,72860.47,750000,4790.08,1197.52,0,2,4297.29,0.0,1,0,0
P10073,2023-08-01,2017-06-01,active,Universal Life,PA,urban,Direct,monthly,1,40.2,72860.47,750000,4790.08,1197.52,0,3,3036.24,0.0,0,0,0
P10073,2023-09-01,2017-06-01,active,Universal Life,PA,urban,Direct,monthly,1,40.2,72860.47,750000,4790.08,1197.52,0,2,3136.06,0.0,0,0,0
P10073,2023-10-01,2017-06-01,active,Universal Life,PA,urban,Direct,monthly,1,40.3,72860.47,750000,4790.08,1197.52,0,2,3023.21,0.0,0,0,0
P10073,2023-11-01,2017-06-01,active,Universal Life,PA,urban,Direct,monthly,1,40.4,72860.47,750000,4790.08,1197.52,0,3,5111.04,0.0,1,0,0
P10073,2023-12-01,2017-06-01,active,Universal Life,PA,urban,Direct,monthly,1,40.5,72860.47,750000,4790.08,1197.52,0,3,2325.25,0.0,0,0,0
P10073,2024-01-01,2017-06-01,active,Universal Life,PA,urban,Direct,monthly,1,40.6,72860.47,750000,4790.08,1197.52,0,3,2802.32,0.0,1,0,0
P10073,2024-02-01,2017-06-01,active,Universal Life,PA,urban,Direct,monthly,1,40.7,72860.47,750000,4790.08,798.35,0,2,5187.3,0.0,0,0,0
P10073,2024-03-01,2017-06-01,active,Universal Life,PA,urban,Direct,monthly,1,40.8,72860.47,750000,4790.08,1197.52,0,2,2539.86,0.0,0,0,0
P10073,2024-04-01,2017-06-01,active,Universal Life,PA,urban,Direct,monthly,1,40.8,72860.47,750000,4790.08,798.35,0,2,2343.62,0.0,0,0,0
P10073,2024-05-01,2017-06-01,active,Universal Life,PA,urban,Direct,monthly,1,40.9,72860.47,750000,4790.08,1197.52,0,3,3972.13,0.0,0,1,0
P10073,2024-06-01,2017-06-01,active,Universal Life,PA,urban,Direct,monthly,1,41.0,72860.47,750000,4790.08,1197.52,0,2,4371.95,0.0,1,0,0
P10073,2024-07-01,2017-06-01,active,Universal Life,PA,urban,Direct,monthly,1,41.1,72860.47,750000,4790.08,1197.52,0,2,3121.74,0.0,0,1,0
P10073,2024-08-01,2017-06-01,active,Universal Life,PA,urban,Direct,monthly,1,41.2,72860.47,750000,4790.08,1197.52,0,2,3981.91,0.0,0,0,0
P10073,2024-09-01,2017-06-01,active,Universal Life,PA,urban,Direct,monthly,1,41.2,72860.47,750000,4790.08,1197.52,0,3,5107.81,0.0,0,0,0
P10073,2024-10-01,2017-06-01,active,Universal Life,PA,urban,Direct,monthly,1,41.3,72860.47,750000,4790.08,1197.52,1,2,3850.61,0.0,0,0,0
P10073,2024-11-01,2017-06-01,active,Universal Life,PA,urban,Direct,monthly,1,41.4,72860.47,750000,4790.08,1197.52,1,2,5415.99,0.0,0,0,0
P10073,2024-12-01,2017-06-01,active,Universal Life,PA,urban,Direct,monthly,1,41.5,72860.47,750000,4790.08,1197.52,1,2,3092.86,0.0,0,0,0
P10074,2023-01-01,2015-09-01,active,Universal Life,FL,suburban,Agent,monthly,0,66.3,34447.06,500000,1669.94,417.48,0,2,1069.55,0.0,0,0,0
P10074,2023-02-01,2015-09-01,active,Universal Life,FL,suburban,Agent,monthly,0,66.4,34447.06,500000,1669.94,278.32,1,2,2218.75,0.0,0,0,0
P10074,2023-03-01,2015-09-01,active,Universal Life,FL,suburban,Agent,monthly,0,66.5,34447.06,500000,1669.94,417.48,1,3,1472.82,325.62,0,0,0
P10074,2023-04-01,2015-09-01,active,Universal Life,FL,suburban,Agent,monthly,0,66.6,34447.06,500000,1669.94,278.32,1,4,1944.17,0.0,1,0,0
P10074,2023-05-01,2015-09-01,active,Universal Life,FL,suburban,Agent,monthly,0,66.7,34447.06,500000,1669.94,417.48,0,4,1849.73,0.0,0,0,0
P10074,2023-06-01,2015-09-01,active,Universal Life,FL,suburban,Agent,monthly,0,66.8,34447.06,500000,1669.94,417.48,0,3,1029.04,0.0,0,0,0
P10074,2023-07-01,2015-09-01,active,Universal Life,FL,suburban,Agent,monthly,0,66.8,34447.06,500000,1669.94,278.32,0,2,2316.6,0.0,1,0,0
P10074,2023-08-01,2015-09-01,active,Universal Life,FL,suburban,Agent,monthly,0,66.9,34447.06,500000,1669.94,278.32,1,3,845.88,0.0,0,0,0
P10074,2023-09-01,2015-09-01,active,Universal Life,FL,suburban,Agent,monthly,0,67.0,34447.06,500000,1669.94,417.48,2,2,1169.87,0.0,0,1,0
P10074,2023-10-01,2015-09-01,active,Universal Life,FL,suburban,Agent,monthly,0,67.1,34447.06,500000,1669.94,417.48,2,2,1325.83,0.0,0,0,0
P10074,2023-11-01,2015-09-01,active,Universal Life,FL,suburban,Agent,monthly,0,67.2,34447.06,500000,1669.94,417.48,2,3,1578.81,0.0,0,0,0
P10074,2023-12-01,2015-09-01,active,Universal Life,FL,suburban,Agent,monthly,0,67.2,34447.06,500000,1669.94,417.48,2,2,862.74,0.0,0,0,0
P10074,2024-01-01,2015-09-01,active,Universal Life,FL,suburban,Agent,monthly,0,67.3,34447.06,500000,1669.94,417.48,1,4,1338.53,0.0,0,0,0
P10074,2024-02-01,2015-09-01,active,Universal Life,FL,suburban,Agent,monthly,0,67.4,34447.06,500000,1669.94,417.48,1,2,1863.24,0.0,0,0,0
P10074,2024-03-01,2015-09-01,active,Universal Life,FL,suburban,Agent,monthly,0,67.5,34447.06,500000,1669.94,417.48,1,2,2034.18,0.0,0,0,0
P10074,2024-04-01,2015-09-01,active,Universal Life,FL,suburban,Agent,monthly,0,67.6,34447.06,500000,1669.94,417.48,2,3,1790.73,607.45,0,0,0
P10074,2024-05-01,2015-09-01,active,Universal Life,FL,suburban,Agent,monthly,0,67.7,34447.06,500000,1669.94,417.48,1,2,2403.5,0.0,0,0,0
P10074,2024-06-01,2015-09-01,active,Universal Life,FL,suburban,Agent,monthly,0,67.8,34447.06,500000,1669.94,278.32,0,4,2539.61,0.0,0,0,0
P10074,2024-07-01,2015-09-01,active,Universal Life,FL,suburban,Agent,monthly,0,67.8,34447.06,500000,1669.94,417.48,1,3,1613.74,0.0,0,0,0
P10074,2024-08-01,2015-09-01,active,Universal Life,FL,suburban,Agent,monthly,0,67.9,34447.06,500000,1669.94,417.48,2,3,1996.03,0.0,0,0,0
P10074,2024-09-01,2015-09-01,active,Universal Life,FL,suburban,Agent,monthly,0,68.0,34447.06,500000,1669.94,278.32,2,2,1950.13,0.0,0,0,0
P10074,2024-10-01,2015-09-01,active,Universal Life,FL,suburban,Agent,monthly,0,68.1,34447.06,500000,1669.94,417.48,2,3,1102.36,0.0,0,0,0
P10074,2024-11-01,2015-09-01,active,Universal Life,FL,suburban,Agent,monthly,0,68.2,34447.06,500000,1669.94,417.48,2,2,1210.24,0.0,0,0,0
P10074,2024-12-01,2015-09-01,active,Universal Life,FL,suburban,Agent,monthly,0,68.2,34447.06,500000,1669.94,417.48,2,2,1866.69,0.0,0,0,0
P10075,2023-01-01,2016-03-01,active,Whole Life,NY,suburban,Agent,annual,1,55.8,87218.06,250000,79.38,158.76,0,2,596.58,0.0,0,0,0
P10075,2023-02-01,2016-03-01,active,Whole Life,NY,suburban,Agent,annual,1,55.9,87218.06,250000,79.38,238.14,0,3,498.25,0.0,0,0,0
P10075,2023-03-01,2016-03-01,active,Whole Life,NY,suburban,Agent,annual,1,56.0,87218.06,250000,79.38,238.14,0,3,436.84,0.0,0,0,0
P10075,2023-04-01,2016-03-01,active,Whole Life,NY,suburban,Agent,annual,1,56.1,87218.06,250000,79.38,238.14,0,3,464.29,0.0,0,0,0
P10075,2023-05-01,2016-03-01,active,Whole Life,NY,suburban,Agent,annual,1,56.2,87218.06,250000,79.38,238.14,0,4,533.87,0.0,0,0,0
P10075,2023-06-01,2016-03-01,active,Whole Life,NY,suburban,Agent,annual,1,56.2,87218.06,250000,79.38,238.14,0,6,1210.53,0.0,0,0,0
P10075,2023-07-01,2016-03-01,active,Whole Life,NY,suburban,Agent,annual,1,56.3,87218.06,250000,79.38,238.14,0,3,1097.32,0.0,0,0,0
P10075,2023-08-01,2016-03-01,active,Whole Life,NY,suburban,Agent,annual,1,56.4,87218.06,250000,79.38,238.14,0,2,713.8,0.0,0,1,0
P10075,2023-09-01,2016-03-01,active,Whole Life,NY,suburban,Agent,annual,1,56.5,87218.06,250000,79.38,238.14,0,2,801.55,0.0,0,0,0
P10075,2023-10-01,2016-03-01,active,Whole Life,NY,suburban,Agent,annual,1,56.6,87218.06,250000,79.38,238.14,0,2,728.37,0.0,0,0,0
P10075,2023-11-01,2016-03-01,active,Whole Life,NY,suburban,Agent,annual,1,56.7,87218.06,250000,79.38,238.14,0,4,738.77,0.0,0,0,0
P10075,2023-12-01,2016-03-01,active,Whole Life,NY,suburban,Agent,annual,1,56.8,87218.06,250000,79.38,238.14,0,4,1086.89,0.0,0,0,0
P10075,2024-01-01,2016-03-01,active,Whole Life,NY,suburban,Agent,annual,1,56.8,87218.06,250000,79.38,238.14,0,3,457.98,0.0,0,0,0
P10075,2024-02-01,2016-03-01,active,Whole Life,NY,suburban,Agent,annual,1,56.9,87218.06,250000,79.38,158.76,0,2,686.4,0.0,0,0,0
P10075,2024-03-01,2016-03-01,active,Whole Life,NY,suburban,Agent,annual,1,57.0,87218.06,250000,79.38,238.14,0,3,941.66,0.0,0,0,0
P10075,2024-04-01,2016-03-01,active,Whole Life,NY,suburban,Agent,annual,1,57.1,87218.06,250000,79.38,238.14,0,2,1249.5,0.0,0,0,0
P10075,2024-05-01,2016-03-01,active,Whole Life,NY,suburban,Agent,annual,1,57.2,87218.06,250000,79.38,158.76,0,3,630.83,0.0,0,0,0
P10075,2024-06-01,2016-03-01,active,Whole Life,NY,suburban,Agent,annual,1,57.2,87218.06,250000,79.38,238.14,0,2,1238.76,376.74,0,0,0
P10075,2024-07-01,2016-03-01,active,Whole Life,NY,suburban,Agent,annual,1,57.3,87218.06,250000,79.38,238.14,0,2,1106.86,0.0,0,0,0
P10075,2024-08-01,2016-03-01,active,Whole Life,NY,suburban,Agent,annual,1,57.4,87218.06,250000,79.38,238.14,0,2,920.01,0.0,0,0,0
P10075,2024-09-01,2016-03-01,active,Whole Life,NY,suburban,Agent,annual,1,57.5,87218.06,250000,79.38,238.14,0,2,1042.51,552.02,0,0,0
P10075,2024-10-01,2016-03-01,active,Whole Life,NY,suburban,Agent,annual,1,57.6,87218.06,250000,79.38,238.14,0,3,950.23,0.0,0,0,0
P10075,2024-11-01,2016-03-01,active,Whole Life,NY,suburban,Agent,annual,1,57.7,87218.06,250000,79.38,158.76,0,3,1484.27,0.0,0,0,0
P10075,2024-12-01,2016-03-01,active,Whole Life,NY,suburban,Agent,annual,1,57.8,87218.06,250000,79.38,238.14,0,2,507.89,0.0,0,0,0
P10076,2023-01-01,2023-02-01,active,Whole Life,PA,urban,Agent,quarterly,1,55.0,46144.61,750000,2147.3,1610.48,0,1,0.0,0.0,0,0,0
P10076,2023-02-01,2023-02-01,active,Whole Life,PA,urban,Agent,quarterly,1,55.0,46144.61,750000,2147.3,1610.48,0,1,0.0,0.0,0,0,0
P10076,2023-03-01,2023-02-01,active,Whole Life,PA,urban,Agent,quarterly,1,55.1,46144.61,750000,2147.3,1610.48,0,0,35.75,13.6,0,0,0
P10076,2023-04-01,2023-02-01,active,Whole Life,PA,urban,Agent,quarterly,1,55.2,46144.61,750000,2147.3,1610.48,0,2,161.68,0.0,0,1,0
P10076,2023-05-01,2023-02-01,active,Whole Life,PA,urban,Agent,quarterly,1,55.2,46144.61,750000,2147.3,1610.48,0,0,216.07,0.0,0,0,0
P10076,2023-06-01,2023-02-01,active,Whole Life,PA,urban,Agent,quarterly,1,55.3,46144.61,750000,2147.3,1610.48,0,0,146.28,0.0,0,0,0
P10076,2023-07-01,2023-02-01,active,Whole Life,PA,urban,Agent,quarterly,1,55.4,46144.61,750000,2147.3,1073.65,0,1,300.78,0.0,0,0,0
P10076,2023-08-01,2023-02-01,active,Whole Life,PA,urban,Agent,quarterly,1,55.5,46144.61,750000,2147.3,1610.48,0,0,476.89,0.0,0,0,0
P10076,2023-09-01,2023-02-01,active,Whole Life,PA,urban,Agent,quarterly,1,55.6,46144.61,750000,2147.3,1610.48,0,2,309.69,0.0,0,0,0
P10076,2023-10-01,2023-02-01,active,Whole Life,PA,urban,Agent,quarterly,1,55.7,46144.61,750000,2147.3,1610.48,0,2,578.15,0.0,0,0,0
P10076,2023-11-01,2023-02-01,active,Whole Life,PA,urban,Agent,quarterly,1,55.8,46144.61,750000,2147.3,1610.48,0,3,829.5,0.0,0,0,0
P10076,2023-12-01,2023-02-01,active,Whole Life,PA,urban,Agent,quarterly,1,55.8,46144.61,750000,2147.3,1073.65,0,2,628.71,0.0,0,0,0
P10076,2024-01-01,2023-02-01,active,Whole Life,PA,urban,Agent,quarterly,1,55.9,46144.61,750000,2147.3,1610.48,0,0,850.69,0.0,0,0,0
P10076,2024-02-01,2023-02-01,active,Whole Life,PA,urban,Agent,quarterly,1,56.0,46144.61,750000,2147.3,1610.48,0,1,733.55,0.0,0,0,0
P10076,2024-03-01,2023-02-01,active,Whole Life,PA,urban,Agent,quarterly,1,56.1,46144.61,750000,2147.3,1610.48,0,0,1012.23,0.0,0,0,0
P10076,2024-04-01,2023-02-01,active,Whole Life,PA,urban,Agent,quarterly,1,56.2,46144.61,750000,2147.3,1610.48,0,1,1350.91,0.0,0,0,0
P10076,2024-05-01,2023-02-01,active,Whole Life,PA,urban,Agent,quarterly,1,56.2,46144.61,750000,2147.3,1073.65,0,0,544.72,0.0,0,0,0
P10076,2024-06-01,2023-02-01,active,Whole Life,PA,urban,Agent,quarterly,1,56.3,46144.61,750000,2147.3,1610.48,0,0,1366.13,0.0,0,1,0
P10076,2024-07-01,2023-02-01,active,Whole Life,PA,urban,Agent,quarterly,1,56.4,46144.61,750000,2147.3,1610.48,0,0,1146.64,0.0,0,0,0
P10076,2024-08-01,2023-02-01,active,Whole Life,PA,urban,Agent,quarterly,1,56.5,46144.61,750000,2147.3,1610.48,0,0,1019.96,0.0,0,0,0
P10076,2024-09-01,2023-02-01,active,Whole Life,PA,urban,Agent,quarterly,1,56.6,46144.61,750000,2147.3,1610.48,0,4,915.4,0.0,0,0,0
P10076,2024-10-01,2023-02-01,active,Whole Life,PA,urban,Agent,quarterly,1,56.7,46144.61,750000,2147.3,1610.48,0,0,1246.33,0.0,0,0,0
P10076,2024-11-01,2023-02-01,active,Whole Life,PA,urban,Agent,quarterly,1,56.8,46144.61,750000,2147.3,1610.48,0,1,984.43,0.0,0,0,0
P10076,2024-12-01,2023-02-01,active,Whole Life,PA,urban,Agent,quarterly,1,56.8,46144.61,750000,2147.3,1610.48,0,0,1644.14,0.0,0,0,0
P10077,2023-01-01,2018-01-01,active,Whole Life,IL,suburban,Broker,quarterly,0,78.0,35343.24,750000,2187.0,1640.25,0,3,5608.63,0.0,0,0,0
P10077,2023-02-01,2018-01-01,active,Whole Life,IL,suburban,Broker,quarterly,0,78.1,35343.24,750000,2187.0,1640.25,1,2,2153.12,0.0,0,0,0
P10077,2023-03-01,2018-01-01,active,Whole Life,IL,suburban,Broker,quarterly,0,78.2,35343.24,750000,2187.0,1093.5,1,4,2950.81,0.0,0,0,0
P10077,2023-04-01,2018-01-01,active,Whole Life,IL,suburban,Broker,quarterly,0,78.2,35343.24,750000,2187.0,1640.25,1,3,2249.87,0.0,0,0,0
P10077,2023-05-01,2018-01-01,active,Whole Life,IL,suburban,Broker,quarterly,0,78.3,35343.24,750000,2187.0,1640.25,1,3,3469.04,0.0,0,0,0
P10077,2023-06-01,2018-01-01,active,Whole Life,IL,suburban,Broker,quarterly,0,78.4,35343.24,750000,2187.0,1093.5,1,2,5262.27,0.0,0,0,0
P10077,2023-07-01,2018-01-01,active,Whole Life,IL,suburban,Broker,quarterly,0,78.5,35343.24,750000,2187.0,1640.25,1,3,3462.9,0.0,0,0,0
P10077,2023-08-01,2018-01-01,active,Whole Life,IL,suburban,Broker,quarterly,0,78.6,35343.24,750000,2187.0,1640.25,1,2,4662.51,0.0,0,0,0
P10077,2023-09-01,2018-01-01,active,Whole Life,IL,suburban,Broker,quarterly,0,78.7,35343.24,750000,2187.0,1093.5,1,2,3598.0,0.0,0,0,0
P10077,2023-10-01,2018-01-01,active,Whole Life,IL,suburban,Broker,quarterly,0,78.8,35343.24,750000,2187.0,1640.25,1,2,4591.62,0.0,0,0,0
P10077,2023-11-01,2018-01-01,active,Whole Life,IL,suburban,Broker,quarterly,0,78.8,35343.24,750000,2187.0,1640.25,1,2,3886.02,0.0,0,0,0
P10077,2023-12-01,2018-01-01,active,Whole Life,IL,suburban,Broker,quarterly,0,78.9,35343.24,750000,2187.0,1093.5,1,2,6867.62,0.0,0,0,0
P10077,2024-01-01,2018-01-01,active,Whole Life,IL,suburban,Broker,quarterly,0,79.0,35343.24,750000,2187.0,1093.5,1,2,6885.61,0.0,0,0,0
P10077,2024-02-01,2018-01-01,active,Whole Life,IL,suburban,Broker,quarterly,0,79.1,35343.24,750000,2187.0,1640.25,1,3,5878.45,0.0,0,0,0
P10077,2024-03-01,2018-01-01,active,Whole Life,IL,suburban,Broker,quarterly,0,79.2,35343.24,750000,2187.0,1093.5,0,3,5801.54,0.0,0,0,0
P10077,2024-04-01,2018-01-01,active,Whole Life,IL,suburban,Broker,quarterly,0,79.2,35343.24,750000,2187.0,1640.25,0,2,5800.9,0.0,0,0,0
P10077,2024-05-01,2018-01-01,active,Whole Life,IL,suburban,Broker,quarterly,0,79.3,35343.24,750000,2187.0,1093.5,0,3,5205.83,0.0,0,0,0
P10077,2024-06-01,2018-01-01,active,Whole Life,IL,suburban,Broker,quarterly,0,79.4,35343.24,750000,2187.0,1093.5,1,2,3878.14,0.0,0,0,0
P10077,2024-07-01,2018-01-01,active,Whole Life,IL,suburban,Broker,quarterly,0,79.5,35343.24,750000,2187.0,1640.25,1,2,2621.06,0.0,0,0,0
P10077,2024-08-01,2018-01-01,active,Whole Life,IL,suburban,Broker,quarterly,0,79.6,35343.24,750000,2187.0,1640.25,0,2,5949.04,0.0,1,0,0
P10077,2024-09-01,2018-01-01,active,Whole Life,IL,suburban,Broker,quarterly,0,79.7,35343.24,750000,2187.0,1640.25,0,2,2930.91,0.0,0,0,0
P10077,2024-10-01,2018-01-01,active,Whole Life,IL,suburban,Broker,quarterly,0,79.8,35343.24,750000,2187.0,1640.25,0,2,3534.88,749.23,0,0,0
P10077,2024-11-01,2018-01-01,active,Whole Life,IL,suburban,Broker,quarterly,0,79.8,35343.24,750000,2187.0,1640.25,0,2,6982.99,0.0,0,0,0
P10077,2024-12-01,2018-01-01,active,Whole Life,IL,suburban,Broker,quarterly,0,79.9,35343.24,750000,2187.0,1093.5,0,4,5388.95,3098.54,0,0,0
P10078,2023-01-01,2017-02-01,active,Term Life,TX,suburban,Bank,monthly,1,46.9,95352.63,750000,3238.09,809.52,0,3,0.0,0.0,0,0,0
P10078,2023-02-01,2017-02-01,active,Term Life,TX,suburban,Bank,monthly,1,47.0,95352.63,750000,3238.09,809.52,1,2,0.0,0.0,0,0,0
P10078,2023-03-01,2017-02-01,active,Term Life,TX,suburban,Bank,monthly,1,47.1,95352.63,750000,3238.09,809.52,1,3,0.0,0.0,0,0,0
P10078,2023-04-01,2017-02-01,active,Term Life,TX,suburban,Bank,monthly,1,47.2,95352.63,750000,3238.09,809.52,1,2,0.0,0.0,0,0,0
P10078,2023-05-01,2017-02-01,active,Term Life,TX,suburban,Bank,monthly,1,47.2,95352.63,750000,3238.09,809.52,0,2,0.0,0.0,0,0,0
P10078,2023-06-01,2017-02-01,active,Term Life,TX,suburban,Bank,monthly,1,47.3,95352.63,750000,3238.09,809.52,0,4,0.0,0.0,0,0,0
P10078,2023-07-01,2017-02-01,active,Term Life,TX,suburban,Bank,monthly,1,47.4,95352.63,750000,3238.09,809.52,0,3,0.0,0.0,0,0,0
P10078,2023-08-01,2017-02-01,active,Term Life,TX,suburban,Bank,monthly,1,47.5,95352.63,750000,3238.09,809.52,0,2,0.0,0.0,0,0,0
P10078,2023-09-01,2017-02-01,active,Term Life,TX,suburban,Bank,monthly,1,47.6,95352.63,750000,3238.09,809.52,0,2,0.0,0.0,0,0,0
P10078,2023-10-01,2017-02-01,active,Term Life,TX,suburban,Bank,monthly,1,47.7,95352.63,750000,3238.09,809.52,0,3,0.0,0.0,0,0,0
P10078,2023-11-01,2017-02-01,active,Term Life,TX,suburban,Bank,monthly,1,47.8,95352.63,750000,3238.09,809.52,0,4,0.0,0.0,0,0,0
P10078,2023-12-01,2017-02-01,active,Term Life,TX,suburban,Bank,monthly,1,47.8,95352.63,750000,3238.09,809.52,0,2,0.0,0.0,1,0,0
P10078,2024-01-01,2017-02-01,active,Term Life,TX,suburban,Bank,monthly,1,47.9,95352.63,750000,3238.09,539.68,0,3,0.0,0.0,0,0,0
P10078,2024-02-01,2017-02-01,active,Term Life,TX,suburban,Bank,monthly,1,48.0,95352.63,750000,3238.09,809.52,0,3,0.0,0.0,0,0,0
P10078,2024-03-01,2017-02-01,active,Term Life,TX,suburban,Bank,monthly,1,48.1,95352.63,750000,3238.09,539.68,0,3,0.0,0.0,0,0,0
P10078,2024-04-01,2017-02-01,active,Term Life,TX,suburban,Bank,monthly,1,48.2,95352.63,750000,3238.09,809.52,0,2,0.0,0.0,0,1,0
P10078,2024-05-01,2017-02-01,active,Term Life,TX,suburban,Bank,monthly,1,48.2,95352.63,750000,3238.09,809.52,0,4,0.0,0.0,0,0,0
P10078,2024-06-01,2017-02-01,active,Term Life,TX,suburban,Bank,monthly,1,48.3,95352.63,750000,3238.09,539.68,0,3,0.0,0.0,0,0,0
P10078,2024-07-01,2017-02-01,active,Term Life,TX,suburban,Bank,monthly,1,48.4,95352.63,750000,3238.09,809.52,0,2,0.0,0.0,0,0,0
P10078,2024-08-01,2017-02-01,active,Term Life,TX,suburban,Bank,monthly,1,48.5,95352.63,750000,3238.09,809.52,0,3,0.0,0.0,0,0,0
P10078,2024-09-01,2017-02-01,active,Term Life,TX,suburban,Bank,monthly,1,48.6,95352.63,750000,3238.09,809.52,0,2,0.0,0.0,0,0,0
P10078,2024-10-01,2017-02-01,active,Term Life,TX,suburban,Bank,monthly,1,48.7,95352.63,750000,3238.09,539.68,0,2,0.0,0.0,0,0,0
P10078,2024-11-01,2017-02-01,active,Term Life,TX,suburban,Bank,monthly,1,48.8,95352.63,750000,3238.09,809.52,0,3,0.0,0.0,0,0,0
P10078,2024-12-01,2017-02-01,active,Term Life,TX,suburban,Bank,monthly,1,48.8,95352.63,750000,3238.09,539.68,0,3,0.0,0.0,0,0,0
P10079,2023-01-01,2022-10-01,active,Universal Life,AZ,suburban,Broker,monthly,0,46.2,137108.8,150000,1094.38,273.59,0,2,27.03,0.0,0,0,0
P10079,2023-02-01,2022-10-01,active,Universal Life,AZ,suburban,Broker,monthly,0,46.3,137108.8,150000,1094.38,273.59,0,0,54.71,0.0,0,0,0
P10079,2023-03-01,2022-10-01,active,Universal Life,AZ,suburban,Broker,monthly,0,46.4,137108.8,150000,1094.38,273.59,0,0,37.05,0.0,0,0,0
P10079,2023-04-01,2022-10-01,active,Universal Life,AZ,suburban,Broker,monthly,0,46.5,137108.8,150000,1094.38,182.4,0,0,34.78,0.0,0,0,0
P10079,2023-05-01,2022-10-01,active,Universal Life,AZ,suburban,Broker,monthly,0,46.6,137108.8,150000,1094.38,182.4,0,0,59.68,0.0,0,0,0
P10079,2023-06-01,2022-10-01,active,Universal Life,AZ,suburban,Broker,monthly,0,46.7,137108.8,150000,1094.38,273.59,1,0,128.43,0.0,0,0,1
P10079,2023-07-01,2022-10-01,lapsed,Universal Life,AZ,suburban,Broker,monthly,0,46.8,137108.8,150000,1094.38,273.59,1,1,133.24,0.0,0,0,0
P10080,2023-01-01,2021-08-01,active,Whole Life,NJ,suburban,Bank,monthly,1,58.4,55948.04,250000,724.41,181.1,0,3,155.12,0.0,0,0,0
P10080,2023-02-01,2021-08-01,active,Whole Life,NJ,suburban,Bank,monthly,1,58.5,55948.04,250000,724.41,181.1,0,2,184.11,0.0,1,0,0
P10080,2023-03-01,2021-08-01,active,Whole Life,NJ,suburban,Bank,monthly,1,58.6,55948.04,250000,724.41,181.1,0,4,172.73,81.53,0,0,0
P10080,2023-04-01,2021-08-01,active,Whole Life,NJ,suburban,Bank,monthly,1,58.7,55948.04,250000,724.41,181.1,0,3,161.19,0.0,0,0,0
P10080,2023-05-01,2021-08-01,active,Whole Life,NJ,suburban,Bank,monthly,1,58.8,55948.04,250000,724.41,181.1,0,2,116.75,22.49,0,0,0
P10080,2023-06-01,2021-08-01,active,Whole Life,NJ,suburban,Bank,monthly,1,58.8,55948.04,250000,724.41,181.1,0,3,225.79,0.0,0,0,0
P10080,2023-07-01,2021-08-01,active,Whole Life,NJ,suburban,Bank,monthly,1,58.9,55948.04,250000,724.41,181.1,0,2,157.57,0.0,0,0,0
P10080,2023-08-01,2021-08-01,active,Whole Life,NJ,suburban,Bank,monthly,1,59.0,55948.04,250000,724.41,181.1,0,2,168.68,0.0,0,0,0
P10080,2023-09-01,2021-08-01,active,Whole Life,NJ,suburban,Bank,monthly,1,59.1,55948.04,250000,724.41,181.1,0,2,248.48,0.0,0,0,0
P10080,2023-10-01,2021-08-01,active,Whole Life,NJ,suburban,Bank,monthly,1,59.2,55948.04,250000,724.41,181.1,0,3,174.16,0.0,1,0,0
P10080,2023-11-01,2021-08-01,active,Whole Life,NJ,suburban,Bank,monthly,1,59.2,55948.04,250000,724.41,181.1,0,3,187.74,0.0,0,0,0
P10080,2023-12-01,2021-08-01,active,Whole Life,NJ,suburban,Bank,monthly,1,59.3,55948.04,250000,724.41,181.1,0,3,248.91,0.0,0,0,0
P10080,2024-01-01,2021-08-01,active,Whole Life,NJ,suburban,Bank,monthly,1,59.4,55948.04,250000,724.41,181.1,0,3,294.25,0.0,0,0,0
P10080,2024-02-01,2021-08-01,active,Whole Life,NJ,suburban,Bank,monthly,1,59.5,55948.04,250000,724.41,181.1,0,4,314.65,0.0,0,0,0
P10080,2024-03-01,2021-08-01,active,Whole Life,NJ,suburban,Bank,monthly,1,59.6,55948.04,250000,724.41,181.1,0,2,202.73,0.0,0,0,0
P10080,2024-04-01,2021-08-01,active,Whole Life,NJ,suburban,Bank,monthly,1,59.7,55948.04,250000,724.41,181.1,0,3,253.91,0.0,0,0,0
P10080,2024-05-01,2021-08-01,active,Whole Life,NJ,suburban,Bank,monthly,1,59.8,55948.04,250000,724.41,181.1,0,3,327.91,0.0,0,0,0
P10080,2024-06-01,2021-08-01,active,Whole Life,NJ,suburban,Bank,monthly,1,59.8,55948.04,250000,724.41,181.1,0,2,244.89,0.0,0,0,0
P10080,2024-07-01,2021-08-01,active,Whole Life,NJ,suburban,Bank,monthly,1,59.9,55948.04,250000,724.41,181.1,0,2,313.7,0.0,0,0,0
P10080,2024-08-01,2021-08-01,active,Whole Life,NJ,suburban,Bank,monthly,1,60.0,55948.04,250000,724.41,181.1,0,3,324.08,0.0,0,0,0
P10080,2024-09-01,2021-08-01,active,Whole Life,NJ,suburban,Bank,monthly,1,60.1,55948.04,250000,724.41,181.1,0,5,213.47,0.0,0,0,0
P10080,2024-10-01,2021-08-01,active,Whole Life,NJ,suburban,Bank,monthly,1,60.2,55948.04,250000,724.41,181.1,0,2,313.76,0.0,0,0,0
P10080,2024-11-01,2021-08-01,active,Whole Life,NJ,suburban,Bank,monthly,1,60.2,55948.04,250000,724.41,181.1,0,4,287.39,0.0,0,0,0
P10080,2024-12-01,2021-08-01,active,Whole Life,NJ,suburban,Bank,monthly,1,60.3,55948.04,250000,724.41,181.1,0,3,257.02,123.56,0,0,0
P10081,2023-01-01,2023-12-01,active,Whole Life,AZ,urban,Agent,monthly,0,75.0,45725.34,250000,1507.54,251.26,0,2,0.0,0.0,0,0,0
P10081,2023-02-01,2023-12-01,active,Whole Life,AZ,urban,Agent,monthly,0,75.0,45725.34,250000,1507.54,376.89,0,0,0.0,0.0,0,0,0
P10081,2023-03-01,2023-12-01,active,Whole Life,AZ,urban,Agent,monthly,0,75.0,45725.34,250000,1507.54,251.26,0,1,0.0,0.0,0,0,0
P10081,2023-04-01,2023-12-01,active,Whole Life,AZ,urban,Agent,monthly,0,75.0,45725.34,250000,1507.54,376.89,1,1,0.0,0.0,0,0,0
P10081,2023-05-01,2023-12-01,active,Whole Life,AZ,urban,Agent,monthly,0,75.0,45725.34,250000,1507.54,376.89,1,0,0.0,0.0,1,0,0
P10081,2023-06-01,2023-12-01,active,Whole Life,AZ,urban,Agent,monthly,0,75.0,45725.34,250000,1507.54,251.26,0,1,0.0,0.0,0,0,0
P10081,2023-07-01,2023-12-01,active,Whole Life,AZ,urban,Agent,monthly,0,75.0,45725.34,250000,1507.54,376.89,1,0,0.0,0.0,0,0,0
P10081,2023-08-01,2023-12-01,active,Whole Life,AZ,urban,Agent,monthly,0,75.0,45725.34,250000,1507.54,376.89,0,0,0.0,0.0,0,0,0
P10081,2023-09-01,2023-12-01,active,Whole Life,AZ,urban,Agent,monthly,0,75.0,45725.34,250000,1507.54,376.89,1,1,0.0,0.0,1,0,0
P10081,2023-10-01,2023-12-01,active,Whole Life,AZ,urban,Agent,monthly,0,75.0,45725.34,250000,1507.54,376.89,2,0,0.0,0.0,0,0,0
P10081,2023-11-01,2023-12-01,active,Whole Life,AZ,urban,Agent,monthly,0,75.0,45725.34,250000,1507.54,376.89,2,1,0.0,0.0,0,0,0
P10081,2023-12-01,2023-12-01,active,Whole Life,AZ,urban,Agent,monthly,0,75.0,45725.34,250000,1507.54,376.89,3,0,0.0,0.0,0,0,0
P10081,2024-01-01,2023-12-01,active,Whole Life,AZ,urban,Agent,monthly,0,75.1,45725.34,250000,1507.54,376.89,3,2,15.08,0.0,0,0,0
P10081,2024-02-01,2023-12-01,active,Whole Life,AZ,urban,Agent,monthly,0,75.2,45725.34,250000,1507.54,376.89,3,1,24.05,0.0,0,0,1
P10081,2024-03-01,2023-12-01,lapsed,Whole Life,AZ,urban,Agent,monthly,0,75.2,45725.34,250000,1507.54,376.89,3,1,65.22,0.0,0,0,0
P10082,2023-01-01,2018-05-01,active,Indexed Universal Life,CA,suburban,Agent,monthly,1,76.7,43159.92,150000,1092.53,273.13,0,1,886.99,0.0,0,0,0
P10082,2023-02-01,2018-05-01,active,Indexed Universal Life,CA,suburban,Agent,monthly,1,76.8,43159.92,150000,1092.53,273.13,0,1,520.33,0.0,0,0,0
P10082,2023-03-01,2018-05-01,active,Indexed Universal Life,CA,suburban,Agent,monthly,1,76.8,43159.92,150000,1092.53,273.13,0,3,602.33,0.0,0,0,0
P10082,2023-04-01,2018-05-01,active,Indexed Universal Life,CA,suburban,Agent,monthly,1,76.9,43159.92,150000,1092.53,182.09,0,2,806.43,0.0,0,0,0
P10082,2023-05-01,2018-05-01,active,Indexed Universal Life,CA,suburban,Agent,monthly,1,77.0,43159.92,150000,1092.53,273.13,0,1,783.27,0.0,0,0,0
P10082,2023-06-01,2018-05-01,active,Indexed Universal Life,CA,suburban,Agent,monthly,1,77.1,43159.92,150000,1092.53,273.13,0,1,576.02,0.0,0,0,0
P10082,2023-07-01,2018-05-01,active,Indexed Universal Life,CA,suburban,Agent,monthly,1,77.2,43159.92,150000,1092.53,273.13,0,2,930.49,108.14,0,0,0
P10082,2023-08-01,2018-05-01,active,Indexed Universal Life,CA,suburban,Agent,monthly,1,77.2,43159.92,150000,1092.53,273.13,0,2,361.99,0.0,0,0,0
P10082,2023-09-01,2018-05-01,active,Indexed Universal Life,CA,suburban,Agent,monthly,1,77.3,43159.92,150000,1092.53,273.13,0,1,850.35,0.0,0,0,0
P10082,2023-10-01,2018-05-01,active,Indexed Universal Life,CA,suburban,Agent,monthly,1,77.4,43159.92,150000,1092.53,273.13,0,1,846.94,0.0,0,0,0
P10082,2023-11-01,2018-05-01,active,Indexed Universal Life,CA,suburban,Agent,monthly,1,77.5,43159.92,150000,1092.53,182.09,0,1,962.54,0.0,0,0,0
P10082,2023-12-01,2018-05-01,active,Indexed Universal Life,CA,suburban,Agent,monthly,1,77.6,43159.92,150000,1092.53,182.09,0,3,784.49,0.0,1,0,0
P10082,2024-01-01,2018-05-01,active,Indexed Universal Life,CA,suburban,Agent,monthly,1,77.7,43159.92,150000,1092.53,273.13,0,2,433.32,0.0,0,0,0
P10082,2024-02-01,2018-05-01,active,Indexed Universal Life,CA,suburban,Agent,monthly,1,77.8,43159.92,150000,1092.53,273.13,0,1,1102.8,200.23,0,1,0
P10082,2024-03-01,2018-05-01,active,Indexed Universal Life,CA,suburban,Agent,monthly,1,77.8,43159.92,150000,1092.53,273.13,0,2,1013.73,0.0,0,0,0
P10082,2024-04-01,2018-05-01,active,Indexed Universal Life,CA,suburban,Agent,monthly,1,77.9,43159.92,150000,1092.53,273.13,0,3,665.39,0.0,0,0,0
P10082,2024-05-01,2018-05-01,active,Indexed Universal Life,CA,suburban,Agent,monthly,1,78.0,43159.92,150000,1092.53,273.13,0,2,865.78,0.0,0,0,0
P10082,2024-06-01,2018-05-01,active,Indexed Universal Life,CA,suburban,Agent,monthly,1,78.1,43159.92,150000,1092.53,273.13,0,1,1129.23,0.0,0,0,0
P10082,2024-07-01,2018-05-01,active,Indexed Universal Life,CA,suburban,Agent,monthly,1,78.2,43159.92,150000,1092.53,182.09,0,1,641.21,0.0,0,0,0
P10082,2024-08-01,2018-05-01,active,Indexed Universal Life,CA,suburban,Agent,monthly,1,78.2,43159.92,150000,1092.53,273.13,0,2,533.62,0.0,0,0,0
P10082,2024-09-01,2018-05-01,active,Indexed Universal Life,CA,suburban,Agent,monthly,1,78.3,43159.92,150000,1092.53,273.13,0,3,1106.02,0.0,0,0,0
P10082,2024-10-01,2018-05-01,active,Indexed Universal Life,CA,suburban,Agent,monthly,1,78.4,43159.92,150000,1092.53,182.09,0,2,1109.63,0.0,0,0,0
P10082,2024-11-01,2018-05-01,active,Indexed Universal Life,CA,suburban,Agent,monthly,1,78.5,43159.92,150000,1092.53,273.13,0,2,834.04,0.0,0,0,0
P10082,2024-12-01,2018-05-01,active,Indexed Universal Life,CA,suburban,Agent,monthly,1,78.6,43159.92,150000,1092.53,273.13,0,1,1205.64,0.0,0,0,0
P10083,2023-01-01,2018-12-01,active,Whole Life,AZ,urban,Direct,quarterly,1,42.1,71757.24,750000,1825.78,1369.34,0,2,1414.85,0.0,0,0,0
P10083,2023-02-01,2018-12-01,active,Whole Life,AZ,urban,Direct,quarterly,1,42.2,71757.24,750000,1825.78,1369.34,0,1,1895.43,0.0,0,0,0
P10083,2023-03-01,2018-12-01,active,Whole Life,AZ,urban,Direct,quarterly,1,42.2,71757.24,750000,1825.78,1369.34,0,2,2098.6,0.0,0,0,0
P10083,2023-04-01,2018-12-01,active,Whole Life,AZ,urban,Direct,quarterly,1,42.3,71757.24,750000,1825.78,912.89,0,1,2578.64,0.0,0,0,0
P10083,2023-05-01,2018-12-01,active,Whole Life,AZ,urban,Direct,quarterly,1,42.4,71757.24,750000,1825.78,1369.34,0,2,3967.4,0.0,0,1,0
P10083,2023-06-01,2018-12-01,active,Whole Life,AZ,urban,Direct,quarterly,1,42.5,71757.24,750000,1825.78,1369.34,0,1,4236.57,2149.42,0,0,0
P10083,2023-07-01,2018-12-01,active,Whole Life,AZ,urban,Direct,quarterly,1,42.6,71757.24,750000,1825.78,912.89,0,1,2005.01,0.0,0,0,0
P10083,2023-08-01,2018-12-01,active,Whole Life,AZ,urban,Direct,quarterly,1,42.7,71757.24,750000,1825.78,912.89,1,2,3216.98,0.0,0,0,0
P10083,2023-09-01,2018-12-01,active,Whole Life,AZ,urban,Direct,quarterly,1,42.8,71757.24,750000,1825.78,1369.34,0,2,3700.74,0.0,0,0,0
P10083,2023-10-01,2018-12-01,active,Whole Life,AZ,urban,Direct,quarterly,1,42.8,71757.24,750000,1825.78,1369.34,0,1,2681.4,0.0,0,0,0
P10083,2023-11-01,2018-12-01,active,Whole Life,AZ,urban,Direct,quarterly,1,42.9,71757.24,750000,1825.78,1369.34,0,2,1954.14,0.0,0,0,0
P10083,2023-12-01,2018-12-01,active,Whole Life,AZ,urban,Direct,quarterly,1,43.0,71757.24,750000,1825.78,1369.34,0,1,3104.57,1079.67,0,0,0
P10083,2024-01-01,2018-12-01,active,Whole Life,AZ,urban,Direct,quarterly,1,43.1,71757.24,750000,1825.78,1369.34,0,2,2291.25,0.0,0,0,0
P10083,2024-02-01,2018-12-01,active,Whole Life,AZ,urban,Direct,quarterly,1,43.2,71757.24,750000,1825.78,912.89,0,1,4330.33,0.0,0,0,0
P10083,2024-03-01,2018-12-01,active,Whole Life,AZ,urban,Direct,quarterly,1,43.2,71757.24,750000,1825.78,1369.34,0,2,2023.8,0.0,0,0,0
P10083,2024-04-01,2018-12-01,active,Whole Life,AZ,urban,Direct,quarterly,1,43.3,71757.24,750000,1825.78,1369.34,0,2,3412.64,1076.68,0,0,0
P10083,2024-05-01,2018-12-01,active,Whole Life,AZ,urban,Direct,quarterly,1,43.4,71757.24,750000,1825.78,1369.34,1,1,4971.45,0.0,0,0,0
P10083,2024-06-01,2018-12-01,active,Whole Life,AZ,urban,Direct,quarterly,1,43.5,71757.24,750000,1825.78,1369.34,1,2,3997.72,0.0,0,0,0
P10083,2024-07-01,2018-12-01,active,Whole Life,AZ,urban,Direct,quarterly,1,43.6,71757.24,750000,1825.78,1369.34,1,1,4309.15,0.0,0,0,0
P10083,2024-08-01,2018-12-01,active,Whole Life,AZ,urban,Direct,quarterly,1,43.7,71757.24,750000,1825.78,1369.34,1,2,2355.99,0.0,0,0,0
P10083,2024-09-01,2018-12-01,active,Whole Life,AZ,urban,Direct,quarterly,1,43.8,71757.24,750000,1825.78,912.89,0,2,4096.91,0.0,0,0,0
P10083,2024-10-01,2018-12-01,active,Whole Life,AZ,urban,Direct,quarterly,1,43.8,71757.24,750000,1825.78,1369.34,0,1,3721.77,512.83,0,0,0
P10083,2024-11-01,2018-12-01,active,Whole Life,AZ,urban,Direct,quarterly,1,43.9,71757.24,750000,1825.78,1369.34,0,2,5258.4,0.0,0,0,0
P10083,2024-12-01,2018-12-01,active,Whole Life,AZ,urban,Direct,quarterly,1,44.0,71757.24,750000,1825.78,1369.34,0,1,5303.54,0.0,0,0,0
P10084,2023-01-01,2022-03-01,active,Term Life,PA,suburban,Bank,quarterly,1,55.8,63492.67,1000000,1379.75,1034.81,1,2,0.0,0.0,0,0,0
P10084,2023-02-01,2022-03-01,active,Term Life,PA,suburban,Bank,quarterly,1,55.9,63492.67,1000000,1379.75,1034.81,1,2,0.0,0.0,0,0,0
P10084,2023-03-01,2022-03-01,active,Term Life,PA,suburban,Bank,quarterly,1,56.0,63492.67,1000000,1379.75,1034.81,1,2,0.0,0.0,0,0,0
P10084,2023-04-01,2022-03-01,active,Term Life,PA,suburban,Bank,quarterly,1,56.1,63492.67,1000000,1379.75,1034.81,1,4,0.0,0.0,0,0,0
P10084,2023-05-01,2022-03-01,active,Term Life,PA,suburban,Bank,quarterly,1,56.2,63492.67,1000000,1379.75,1034.81,1,3,0.0,0.0,0,0,0
P10084,2023-06-01,2022-03-01,active,Term Life,PA,suburban,Bank,quarterly,1,56.2,63492.67,1000000,1379.75,1034.81,1,4,0.0,0.0,1,0,0
P10084,2023-07-01,2022-03-01,active,Term Life,PA,suburban,Bank,quarterly,1,56.3,63492.67,1000000,1379.75,689.87,1,3,0.0,0.0,0,0,0
P10084,2023-08-01,2022-03-01,active,Term Life,PA,suburban,Bank,quarterly,1,56.4,63492.67,1000000,1379.75,1034.81,1,3,0.0,0.0,0,0,0
P10084,2023-09-01,2022-03-01,active,Term Life,PA,suburban,Bank,quarterly,1,56.5,63492.67,1000000,1379.75,1034.81,1,4,0.0,0.0,1,0,0
P10084,2023-10-01,2022-03-01,active,Term Life,PA,suburban,Bank,quarterly,1,56.6,63492.67,1000000,1379.75,1034.81,1,3,0.0,0.0,0,0,0
P10084,2023-11-01,2022-03-01,active,Term Life,PA,suburban,Bank,quarterly,1,56.7,63492.67,1000000,1379.75,1034.81,1,2,0.0,0.0,0,0,0
P10084,2023-12-01,2022-03-01,active,Term Life,PA,suburban,Bank,quarterly,1,56.8,63492.67,1000000,1379.75,1034.81,1,3,0.0,0.0,0,0,0
P10084,2024-01-01,2022-03-01,active,Term Life,PA,suburban,Bank,quarterly,1,56.8,63492.67,1000000,1379.75,1034.81,0,2,0.0,0.0,0,0,0
P10084,2024-02-01,2022-03-01,active,Term Life,PA,suburban,Bank,quarterly,1,56.9,63492.67,1000000,1379.75,1034.81,0,2,0.0,0.0,0,1,0
P10084,2024-03-01,2022-03-01,active,Term Life,PA,suburban,Bank,quarterly,1,57.0,63492.67,1000000,1379.75,689.87,0,4,0.0,0.0,0,0,0
P10084,2024-04-01,2022-03-01,active,Term Life,PA,suburban,Bank,quarterly,1,57.1,63492.67,1000000,1379.75,1034.81,1,3,0.0,0.0,0,0,0
P10084,2024-05-01,2022-03-01,active,Term Life,PA,suburban,Bank,quarterly,1,57.2,63492.67,1000000,1379.75,1034.81,1,3,0.0,0.0,0,0,0
P10084,2024-06-01,2022-03-01,active,Term Life,PA,suburban,Bank,quarterly,1,57.2,63492.67,1000000,1379.75,1034.81,0,3,0.0,0.0,0,0,0
P10084,2024-07-01,2022-03-01,active,Term Life,PA,suburban,Bank,quarterly,1,57.3,63492.67,1000000,1379.75,1034.81,0,2,0.0,0.0,0,0,0
P10084,2024-08-01,2022-03-01,active,Term Life,PA,suburban,Bank,quarterly,1,57.4,63492.67,1000000,1379.75,1034.81,0,2,0.0,0.0,0,0,0
P10084,2024-09-01,2022-03-01,active,Term Life,PA,suburban,Bank,quarterly,1,57.5,63492.67,1000000,1379.75,1034.81,0,5,0.0,0.0,0,0,0
P10084,2024-10-01,2022-03-01,active,Term Life,PA,suburban,Bank,quarterly,1,57.6,63492.67,1000000,1379.75,1034.81,0,2,0.0,0.0,0,0,0
P10084,2024-11-01,2022-03-01,active,Term Life,PA,suburban,Bank,quarterly,1,57.7,63492.67,1000000,1379.75,1034.81,0,5,0.0,0.0,0,0,0
P10084,2024-12-01,2022-03-01,active,Term Life,PA,suburban,Bank,quarterly,1,57.8,63492.67,1000000,1379.75,689.87,0,2,0.0,0.0,0,0,0
P10085,2023-01-01,2014-05-01,active,Whole Life,IL,urban,Agent,monthly,1,46.7,60817.22,100000,495.64,123.91,0,3,423.22,61.85,0,0,0
P10085,2023-02-01,2014-05-01,active,Whole Life,IL,urban,Agent,monthly,1,46.8,60817.22,100000,495.64,123.91,0,4,351.18,0.0,0,0,0
P10085,2023-03-01,2014-05-01,active,Whole Life,IL,urban,Agent,monthly,1,46.8,60817.22,100000,495.64,123.91,0,6,354.14,0.0,0,0,0
P10085,2023-04-01,2014-05-01,active,Whole Life,IL,urban,Agent,monthly,1,46.9,60817.22,100000,495.64,123.91,1,3,376.67,0.0,0,0,0
P10085,2023-05-01,2014-05-01,active,Whole Life,IL,urban,Agent,monthly,1,47.0,60817.22,100000,495.64,123.91,1,5,587.66,0.0,0,0,0
P10085,2023-06-01,2014-05-01,active,Whole Life,IL,urban,Agent,monthly,1,47.1,60817.22,100000,495.64,123.91,0,3,568.44,0.0,0,0,0
P10085,2023-07-01,2014-05-01,active,Whole Life,IL,urban,Agent,monthly,1,47.2,60817.22,100000,495.64,123.91,0,3,778.67,0.0,0,0,0
P10085,2023-08-01,2014-05-01,active,Whole Life,IL,urban,Agent,monthly,1,47.2,60817.22,100000,495.64,123.91,0,5,675.72,211.03,0,0,0
P10085,2023-09-01,2014-05-01,active,Whole Life,IL,urban,Agent,monthly,1,47.3,60817.22,100000,495.64,123.91,0,4,568.2,0.0,0,0,0
P10085,2023-10-01,2014-05-01,active,Whole Life,IL,urban,Agent,monthly,1,47.4,60817.22,100000,495.64,123.91,0,3,704.06,0.0,0,0,0
P10085,2023-11-01,2014-05-01,active,Whole Life,IL,urban,Agent,monthly,1,47.5,60817.22,100000,495.64,82.61,0,4,297.61,131.52,0,0,0
P10085,2023-12-01,2014-05-01,active,Whole Life,IL,urban,Agent,monthly,1,47.6,60817.22,100000,495.64,123.91,0,3,664.4,0.0,0,0,0
P10085,2024-01-01,2014-05-01,active,Whole Life,IL,urban,Agent,monthly,1,47.7,60817.22,100000,495.64,123.91,0,4,322.44,0.0,0,0,0
P10085,2024-02-01,2014-05-01,active,Whole Life,IL,urban,Agent,monthly,1,47.8,60817.22,100000,495.64,82.61,0,7,719.25,0.0,0,0,0
P10085,2024-03-01,2014-05-01,active,Whole Life,IL,urban,Agent,monthly,1,47.8,60817.22,100000,495.64,123.91,0,3,848.0,0.0,0,0,0
P10085,2024-04-01,2014-05-01,active,Whole Life,IL,urban,Agent,monthly,1,47.9,60817.22,100000,495.64,82.61,0,4,703.25,0.0,0,1,0
P10085,2024-05-01,2014-05-01,active,Whole Life,IL,urban,Agent,monthly,1,48.0,60817.22,100000,495.64,123.91,0,6,416.74,0.0,0,0,0
P10085,2024-06-01,2014-05-01,active,Whole Life,IL,urban,Agent,monthly,1,48.1,60817.22,100000,495.64,123.91,0,3,818.22,0.0,0,0,0
P10085,2024-07-01,2014-05-01,active,Whole Life,IL,urban,Agent,monthly,1,48.2,60817.22,100000,495.64,82.61,0,5,800.97,200.31,0,0,0
P10085,2024-08-01,2014-05-01,active,Whole Life,IL,urban,Agent,monthly,1,48.2,60817.22,100000,495.64,123.91,1,3,554.48,0.0,0,0,0
P10085,2024-09-01,2014-05-01,active,Whole Life,IL,urban,Agent,monthly,1,48.3,60817.22,100000,495.64,123.91,1,4,818.11,0.0,1,1,0
P10085,2024-10-01,2014-05-01,active,Whole Life,IL,urban,Agent,monthly,1,48.4,60817.22,100000,495.64,123.91,0,4,836.21,0.0,0,0,0
P10085,2024-11-01,2014-05-01,active,Whole Life,IL,urban,Agent,monthly,1,48.5,60817.22,100000,495.64,123.91,0,3,920.07,0.0,0,0,0
P10085,2024-12-01,2014-05-01,active,Whole Life,IL,urban,Agent,monthly,1,48.6,60817.22,100000,495.64,82.61,0,3,719.81,0.0,0,0,0
P10086,2023-01-01,2014-10-01,active,Term Life,TX,urban,Broker,monthly,1,55.2,47703.61,1000000,7775.97,1295.99,0,2,0.0,0.0,0,0,0
P10086,2023-02-01,2014-10-01,active,Term Life,TX,urban,Broker,monthly,1,55.3,47703.61,1000000,7775.97,1943.99,0,1,0.0,0.0,0,0,0
P10086,2023-03-01,2014-10-01,active,Term Life,TX,urban,Broker,monthly,1,55.4,47703.61,1000000,7775.97,1943.99,0,2,0.0,0.0,0,0,0
P10086,2023-04-01,2014-10-01,active,Term Life,TX,urban,Broker,monthly,1,55.5,47703.61,1000000,7775.97,1943.99,0,2,0.0,0.0,0,0,0
P10086,2023-05-01,2014-10-01,active,Term Life,TX,urban,Broker,monthly,1,55.6,47703.61,1000000,7775.97,1943.99,0,2,0.0,0.0,0,0,0
P10086,2023-06-01,2014-10-01,active,Term Life,TX,urban,Broker,monthly,1,55.7,47703.61,1000000,7775.97,1295.99,0,2,0.0,0.0,0,0,0
P10086,2023-07-01,2014-10-01,active,Term Life,TX,urban,Broker,monthly,1,55.8,47703.61,1000000,7775.97,1943.99,0,1,0.0,0.0,0,0,0
P10086,2023-08-01,2014-10-01,active,Term Life,TX,urban,Broker,monthly,1,55.8,47703.61,1000000,7775.97,1943.99,0,1,0.0,0.0,0,0,0
P10086,2023-09-01,2014-10-01,active,Term Life,TX,urban,Broker,monthly,1,55.9,47703.61,1000000,7775.97,1943.99,0,1,0.0,0.0,0,0,0
P10086,2023-10-01,2014-10-01,active,Term Life,TX,urban,Broker,monthly,1,56.0,47703.61,1000000,7775.97,1943.99,0,2,0.0,0.0,0,0,0
P10086,2023-11-01,2014-10-01,active,Term Life,TX,urban,Broker,monthly,1,56.1,47703.61,1000000,7775.97,1943.99,0,4,0.0,0.0,0,0,0
P10086,2023-12-01,2014-10-01,active,Term Life,TX,urban,Broker,monthly,1,56.2,47703.61,1000000,7775.97,1943.99,0,1,0.0,0.0,0,0,0
P10086,2024-01-01,2014-10-01,active,Term Life,TX,urban,Broker,monthly,1,56.2,47703.61,1000000,7775.97,1943.99,0,1,0.0,0.0,0,0,0
P10086,2024-02-01,2014-10-01,active,Term Life,TX,urban,Broker,monthly,1,56.3,47703.61,1000000,7775.97,1943.99,0,1,0.0,0.0,0,0,0
P10086,2024-03-01,2014-10-01,active,Term Life,TX,urban,Broker,monthly,1,56.4,47703.61,1000000,7775.97,1943.99,0,1,0.0,0.0,0,0,0
P10086,2024-04-01,2014-10-01,active,Term Life,TX,urban,Broker,monthly,1,56.5,47703.61,1000000,7775.97,1943.99,0,3,0.0,0.0,0,0,0
P10086,2024-05-01,2014-10-01,active,Term Life,TX,urban,Broker,monthly,1,56.6,47703.61,1000000,7775.97,1943.99,1,2,0.0,0.0,0,0,0
P10086,2024-06-01,2014-10-01,active,Term Life,TX,urban,Broker,monthly,1,56.7,47703.61,1000000,7775.97,1943.99,0,1,0.0,0.0,0,0,0
P10086,2024-07-01,2014-10-01,active,Term Life,TX,urban,Broker,monthly,1,56.8,47703.61,1000000,7775.97,1943.99,0,1,0.0,0.0,0,0,0
P10086,2024-08-01,2014-10-01,active,Term Life,TX,urban,Broker,monthly,1,56.8,47703.61,1000000,7775.97,1943.99,0,2,0.0,0.0,0,0,0
P10086,2024-09-01,2014-10-01,active,Term Life,TX,urban,Broker,monthly,1,56.9,47703.61,1000000,7775.97,1943.99,0,1,0.0,0.0,0,0,0
P10086,2024-10-01,2014-10-01,active,Term Life,TX,urban,Broker,monthly,1,57.0,47703.61,1000000,7775.97,1943.99,0,1,0.0,0.0,0,0,0
P10086,2024-11-01,2014-10-01,active,Term Life,TX,urban,Broker,monthly,1,57.1,47703.61,1000000,7775.97,1295.99,0,1,0.0,0.0,0,0,0
P10086,2024-12-01,2014-10-01,active,Term Life,TX,urban,Broker,monthly,1,57.2,47703.61,1000000,7775.97,1943.99,0,1,0.0,0.0,1,0,0
P10087,2023-01-01,2015-08-01,active,Indexed Universal Life,FL,urban,Broker,monthly,1,74.4,138351.4,500000,3782.39,945.6,0,1,3985.14,0.0,0,0,0
P10087,2023-02-01,2015-08-01,active,Indexed Universal Life,FL,urban,Broker,monthly,1,74.5,138351.4,500000,3782.39,945.6,0,0,4585.27,0.0,0,0,0
P10087,2023-03-01,2015-08-01,active,Indexed Universal Life,FL,urban,Broker,monthly,1,74.6,138351.4,500000,3782.39,630.4,0,0,2491.81,0.0,1,0,0
P10087,2023-04-01,2015-08-01,active,Indexed Universal Life,FL,urban,Broker,monthly,1,74.7,138351.4,500000,3782.39,945.6,0,0,2997.62,0.0,0,0,0
P10087,2023-05-01,2015-08-01,active,Indexed Universal Life,FL,urban,Broker,monthly,1,74.8,138351.4,500000,3782.39,945.6,0,1,3390.75,0.0,0,0,0
P10087,2023-06-01,2015-08-01,active,Indexed Universal Life,FL,urban,Broker,monthly,1,74.8,138351.4,500000,3782.39,945.6,0,0,3436.83,0.0,0,0,0
P10087,2023-07-01,2015-08-01,active,Indexed Universal Life,FL,urban,Broker,monthly,1,74.9,138351.4,500000,3782.39,945.6,0,2,4018.41,0.0,0,0,0
P10087,2023-08-01,2015-08-01,active,Indexed Universal Life,FL,urban,Broker,monthly,1,75.0,138351.4,500000,3782.39,630.4,0,2,4839.03,0.0,0,0,0
P10087,2023-09-01,2015-08-01,active,Indexed Universal Life,FL,urban,Broker,monthly,1,75.1,138351.4,500000,3782.39,945.6,0,0,5068.61,0.0,0,0,0
P10087,2023-10-01,2015-08-01,active,Indexed Universal Life,FL,urban,Broker,monthly,1,75.2,138351.4,500000,3782.39,945.6,0,1,2735.34,0.0,0,0,0
P10087,2023-11-01,2015-08-01,active,Indexed Universal Life,FL,urban,Broker,monthly,1,75.2,138351.4,500000,3782.39,945.6,0,4,3300.91,0.0,0,0,0
P10087,2023-12-01,2015-08-01,active,Indexed Universal Life,FL,urban,Broker,monthly,1,75.3,138351.4,500000,3782.39,945.6,0,0,3602.75,0.0,0,1,0
P10087,2024-01-01,2015-08-01,active,Indexed Universal Life,FL,urban,Broker,monthly,1,75.4,138351.4,500000,3782.39,945.6,0,0,5272.11,0.0,0,0,0
P10087,2024-02-01,2015-08-01,active,Indexed Universal Life,FL,urban,Broker,monthly,1,75.5,138351.4,500000,3782.39,945.6,0,2,4600.37,1867.55,0,0,0
P10087,2024-03-01,2015-08-01,active,Indexed Universal Life,FL,urban,Broker,monthly,1,75.6,138351.4,500000,3782.39,630.4,0,0,2444.35,0.0,0,0,0
P10087,2024-04-01,2015-08-01,active,Indexed Universal Life,FL,urban,Broker,monthly,1,75.7,138351.4,500000,3782.39,945.6,0,0,5464.98,0.0,0,0,0
P10087,2024-05-01,2015-08-01,active,Indexed Universal Life,FL,urban,Broker,monthly,1,75.8,138351.4,500000,3782.39,945.6,0,0,4701.71,0.0,0,0,0
P10087,2024-06-01,2015-08-01,active,Indexed Universal Life,FL,urban,Broker,monthly,1,75.8,138351.4,500000,3782.39,945.6,0,0,4869.93,0.0,0,0,0
P10087,2024-07-01,2015-08-01,active,Indexed Universal Life,FL,urban,Broker,monthly,1,75.9,138351.4,500000,3782.39,945.6,0,1,4296.25,0.0,0,0,0
P10087,2024-08-01,2015-08-01,active,Indexed Universal Life,FL,urban,Broker,monthly,1,76.0,138351.4,500000,3782.39,945.6,0,1,2611.44,0.0,0,0,0
P10087,2024-09-01,2015-08-01,active,Indexed Universal Life,FL,urban,Broker,monthly,1,76.1,138351.4,500000,3782.39,945.6,0,2,5239.73,0.0,0,0,0
P10087,2024-10-01,2015-08-01,active,Indexed Universal Life,FL,urban,Broker,monthly,1,76.2,138351.4,500000,3782.39,945.6,0,0,4886.22,0.0,0,0,0
P10087,2024-11-01,2015-08-01,active,Indexed Universal Life,FL,urban,Broker,monthly,1,76.2,138351.4,500000,3782.39,945.6,0,0,5914.85,0.0,0,0,0
P10087,2024-12-01,2015-08-01,active,Indexed Universal Life,FL,urban,Broker,monthly,1,76.3,138351.4,500000,3782.39,945.6,0,1,5500.17,769.87,0,0,0
P10088,2023-01-01,2015-07-01,active,Term Life,FL,urban,Agent,monthly,1,42.5,146607.06,150000,589.86,147.47,0,0,0.0,0.0,0,0,0
P10088,2023-02-01,2015-07-01,active,Term Life,FL,urban,Agent,monthly,1,42.6,146607.06,150000,589.86,147.47,0,1,0.0,0.0,0,0,0
P10088,2023-03-01,2015-07-01,active,Term Life,FL,urban,Agent,monthly,1,42.7,146607.06,150000,589.86,147.47,0,0,0.0,0.0,1,0,0
P10088,2023-04-01,2015-07-01,active,Term Life,FL,urban,Agent,monthly,1,42.8,146607.06,150000,589.86,147.47,0,0,0.0,0.0,0,0,0
P10088,2023-05-01,2015-07-01,active,Term Life,FL,urban,Agent,monthly,1,42.8,146607.06,150000,589.86,147.47,0,0,0.0,0.0,0,0,0
P10088,2023-06-01,2015-07-01,active,Term Life,FL,urban,Agent,monthly,1,42.9,146607.06,150000,589.86,147.47,0,0,0.0,0.0,0,0,0
P10088,2023-07-01,2015-07-01,active,Term Life,FL,urban,Agent,monthly,1,43.0,146607.06,150000,589.86,147.47,0,4,0.0,0.0,0,0,0
P10088,2023-08-01,2015-07-01,active,Term Life,FL,urban,Agent,monthly,1,43.1,146607.06,150000,589.86,98.31,0,0,0.0,0.0,0,0,0
P10088,2023-09-01,2015-07-01,active,Term Life,FL,urban,Agent,monthly,1,43.2,146607.06,150000,589.86,98.31,0,2,0.0,0.0,0,0,0
P10088,2023-10-01,2015-07-01,active,Term Life,FL,urban,Agent,monthly,1,43.2,146607.06,150000,589.86,147.47,0,1,0.0,0.0,0,0,0
P10088,2023-11-01,2015-07-01,active,Term Life,FL,urban,Agent,monthly,1,43.3,146607.06,150000,589.86,98.31,0,1,0.0,0.0,1,0,0
P10088,2023-12-01,2015-07-01,active,Term Life,FL,urban,Agent,monthly,1,43.4,146607.06,150000,589.86,98.31,0,0,0.0,0.0,0,0,0
P10088,2024-01-01,2015-07-01,active,Term Life,FL,urban,Agent,monthly,1,43.5,146607.06,150000,589.86,147.47,0,1,0.0,0.0,1,0,0
P10088,2024-02-01,2015-07-01,active,Term Life,FL,urban,Agent,monthly,1,43.6,146607.06,150000,589.86,98.31,0,0,0.0,0.0,0,0,0
P10088,2024-03-01,2015-07-01,active,Term Life,FL,urban,Agent,monthly,1,43.7,146607.06,150000,589.86,147.47,0,2,0.0,0.0,0,0,0
P10088,2024-04-01,2015-07-01,active,Term Life,FL,urban,Agent,monthly,1,43.8,146607.06,150000,589.86,147.47,0,0,0.0,0.0,0,0,0
P10088,2024-05-01,2015-07-01,active,Term Life,FL,urban,Agent,monthly,1,43.8,146607.06,150000,589.86,147.47,0,1,0.0,0.0,0,1,0
P10088,2024-06-01,2015-07-01,active,Term Life,FL,urban,Agent,monthly,1,43.9,146607.06,150000,589.86,147.47,0,1,0.0,0.0,0,0,0
P10088,2024-07-01,2015-07-01,active,Term Life,FL,urban,Agent,monthly,1,44.0,146607.06,150000,589.86,147.47,0,0,0.0,0.0,0,0,0
P10088,2024-08-01,2015-07-01,active,Term Life,FL,urban,Agent,monthly,1,44.1,146607.06,150000,589.86,147.47,0,2,0.0,0.0,0,0,0
P10088,2024-09-01,2015-07-01,active,Term Life,FL,urban,Agent,monthly,1,44.2,146607.06,150000,589.86,147.47,0,1,0.0,0.0,0,0,0
P10088,2024-10-01,2015-07-01,active,Term Life,FL,urban,Agent,monthly,1,44.2,146607.06,150000,589.86,147.47,0,0,0.0,0.0,0,0,0
P10088,2024-11-01,2015-07-01,active,Term Life,FL,urban,Agent,monthly,1,44.3,146607.06,150000,589.86,147.47,0,0,0.0,0.0,0,0,0
P10088,2024-12-01,2015-07-01,active,Term Life,FL,urban,Agent,monthly,1,44.4,146607.06,150000,589.86,147.47,0,1,0.0,0.0,0,1,0
P10089,2023-01-01,2015-05-01,active,Indexed Universal Life,NY,urban,Broker,monthly,0,73.7,60564.96,250000,1291.57,215.26,0,2,1727.94,873.58,0,0,0
P10089,2023-02-01,2015-05-01,active,Indexed Universal Life,NY,urban,Broker,monthly,0,73.8,60564.96,250000,1291.57,322.89,0,2,1057.95,0.0,0,0,0
P10089,2023-03-01,2015-05-01,active,Indexed Universal Life,NY,urban,Broker,monthly,0,73.8,60564.96,250000,1291.57,215.26,0,2,1676.18,0.0,0,0,0
P10089,2023-04-01,2015-05-01,active,Indexed Universal Life,NY,urban,Broker,monthly,0,73.9,60564.96,250000,1291.57,322.89,0,2,986.56,222.04,0,0,0
P10089,2023-05-01,2015-05-01,active,Indexed Universal Life,NY,urban,Broker,monthly,0,74.0,60564.96,250000,1291.57,322.89,1,1,1716.33,0.0,0,0,0
P10089,2023-06-01,2015-05-01,active,Indexed Universal Life,NY,urban,Broker,monthly,0,74.1,60564.96,250000,1291.57,322.89,1,2,904.59,0.0,0,0,0
P10089,2023-07-01,2015-05-01,active,Indexed Universal Life,NY,urban,Broker,monthly,0,74.2,60564.96,250000,1291.57,215.26,1,1,774.77,0.0,0,0,0
P10089,2023-08-01,2015-05-01,active,Indexed Universal Life,NY,urban,Broker,monthly,0,74.2,60564.96,250000,1291.57,322.89,1,1,924.93,414.68,0,0,0
P10089,2023-09-01,2015-05-01,active,Indexed Universal Life,NY,urban,Broker,monthly,0,74.3,60564.96,250000,1291.57,322.89,1,2,1012.49,0.0,0,0,0
P10089,2023-10-01,2015-05-01,active,Indexed Universal Life,NY,urban,Broker,monthly,0,74.4,60564.96,250000,1291.57,322.89,1,2,1715.84,0.0,1,0,0
P10089,2023-11-01,2015-05-01,active,Indexed Universal Life,NY,urban,Broker,monthly,0,74.5,60564.96,250000,1291.57,322.89,0,4,1960.68,0.0,0,0,0
P10089,2023-12-01,2015-05-01,active,Indexed Universal Life,NY,urban,Broker,monthly,0,74.6,60564.96,250000,1291.57,322.89,1,2,1897.59,0.0,1,0,0
P10089,2024-01-01,2015-05-01,active,Indexed Universal Life,NY,urban,Broker,monthly,0,74.7,60564.96,250000,1291.57,322.89,2,1,1170.77,0.0,0,0,0
P10089,2024-02-01,2015-05-01,active,Indexed Universal Life,NY,urban,Broker,monthly,0,74.8,60564.96,250000,1291.57,322.89,1,1,784.55,0.0,0,0,0
P10089,2024-03-01,2015-05-01,active,Indexed Universal Life,NY,urban,Broker,monthly,0,74.8,60564.96,250000,1291.57,215.26,1,1,891.22,0.0,0,0,0
P10089,2024-04-01,2015-05-01,active,Indexed Universal Life,NY,urban,Broker,monthly,0,74.9,60564.96,250000,1291.57,215.26,1,1,1453.2,199.64,0,0,0
P10089,2024-05-01,2015-05-01,active,Indexed Universal Life,NY,urban,Broker,monthly,0,75.0,60564.96,250000,1291.57,215.26,1,2,1115.96,0.0,0,0,0
P10089,2024-06-01,2015-05-01,active,Indexed Universal Life,NY,urban,Broker,monthly,0,75.1,60564.96,250000,1291.57,322.89,0,1,1261.5,0.0,0,0,0
P10089,2024-07-01,2015-05-01,active,Indexed Universal Life,NY,urban,Broker,monthly,0,75.2,60564.96,250000,1291.57,322.89,0,2,1432.51,0.0,1,1,0
P10089,2024-08-01,2015-05-01,active,Indexed Universal Life,NY,urban,Broker,monthly,0,75.2,60564.96,250000,1291.57,215.26,0,1,1796.76,200.68,0,0,0
P10089,2024-09-01,2015-05-01,active,Indexed Universal Life,NY,urban,Broker,monthly,0,75.3,60564.96,250000,1291.57,322.89,0,1,1522.05,0.0,0,0,0
P10089,2024-10-01,2015-05-01,active,Indexed Universal Life,NY,urban,Broker,monthly,0,75.4,60564.96,250000,1291.57,322.89,0,1,1243.21,0.0,0,0,0
P10089,2024-11-01,2015-05-01,active,Indexed Universal Life,NY,urban,Broker,monthly,0,75.5,60564.96,250000,1291.57,322.89,0,2,1700.58,0.0,0,0,0
P10089,2024-12-01,2015-05-01,active,Indexed Universal Life,NY,urban,Broker,monthly,0,75.6,60564.96,250000,1291.57,322.89,0,1,1434.71,0.0,0,0,0
P10090,2023-01-01,2018-11-01,active,Universal Life,OH,urban,Broker,monthly,1,55.2,29182.44,500000,4209.27,1052.32,0,2,1080.39,422.21,0,0,0
P10090,2023-02-01,2018-11-01,active,Universal Life,OH,urban,Broker,monthly,1,55.2,29182.44,500000,4209.27,1052.32,0,2,1738.0,0.0,0,0,0
P10090,2023-03-01,2018-11-01,active,Universal Life,OH,urban,Broker,monthly,1,55.3,29182.44,500000,4209.27,1052.32,1,2,1829.78,0.0,0,0,0
P10090,2023-04-01,2018-11-01,active,Universal Life,OH,urban,Broker,monthly,1,55.4,29182.44,500000,4209.27,701.55,1,3,1468.73,0.0,0,0,0
P10090,2023-05-01,2018-11-01,active,Universal Life,OH,urban,Broker,monthly,1,55.5,29182.44,500000,4209.27,1052.32,1,2,2107.65,0.0,0,0,0
P10090,2023-06-01,2018-11-01,active,Universal Life,OH,urban,Broker,monthly,1,55.6,29182.44,500000,4209.27,1052.32,1,2,2509.44,0.0,0,0,0
P10090,2023-07-01,2018-11-01,active,Universal Life,OH,urban,Broker,monthly,1,55.7,29182.44,500000,4209.27,1052.32,1,3,2150.17,539.29,0,0,0
P10090,2023-08-01,2018-11-01,active,Universal Life,OH,urban,Broker,monthly,1,55.8,29182.44,500000,4209.27,1052.32,1,4,3376.64,0.0,1,0,0
P10090,2023-09-01,2018-11-01,active,Universal Life,OH,urban,Broker,monthly,1,55.8,29182.44,500000,4209.27,1052.32,1,2,1560.08,0.0,0,0,0
P10090,2023-10-01,2018-11-01,active,Universal Life,OH,urban,Broker,monthly,1,55.9,29182.44,500000,4209.27,1052.32,1,3,2270.03,0.0,0,0,0
P10090,2023-11-01,2018-11-01,active,Universal Life,OH,urban,Broker,monthly,1,56.0,29182.44,500000,4209.27,1052.32,1,2,3687.37,0.0,0,0,0
P10090,2023-12-01,2018-11-01,active,Universal Life,OH,urban,Broker,monthly,1,56.1,29182.44,500000,4209.27,1052.32,1,2,1709.82,0.0,0,0,0
P10090,2024-01-01,2018-11-01,active,Universal Life,OH,urban,Broker,monthly,1,56.2,29182.44,500000,4209.27,1052.32,1,3,1937.16,0.0,0,0,0
P10090,2024-02-01,2018-11-01,active,Universal Life,OH,urban,Broker,monthly,1,56.2,29182.44,500000,4209.27,1052.32,1,3,1801.47,0.0,0,1,0
P10090,2024-03-01,2018-11-01,active,Universal Life,OH,urban,Broker,monthly,1,56.3,29182.44,500000,4209.27,1052.32,1,3,1738.03,597.67,0,0,0
P10090,2024-04-01,2018-11-01,active,Universal Life,OH,urban,Broker,monthly,1,56.4,29182.44,500000,4209.27,1052.32,1,2,3290.79,0.0,0,0,0
P10090,2024-05-01,2018-11-01,active,Universal Life,OH,urban,Broker,monthly,1,56.5,29182.44,500000,4209.27,1052.32,1,4,1416.46,0.0,0,0,0
P10090,2024-06-01,2018-11-01,active,Universal Life,OH,urban,Broker,monthly,1,56.6,29182.44,500000,4209.27,1052.32,1,4,2358.34,0.0,0,0,0
P10090,2024-07-01,2018-11-01,active,Universal Life,OH,urban,Broker,monthly,1,56.7,29182.44,500000,4209.27,1052.32,1,3,1862.16,0.0,0,0,0
P10090,2024-08-01,2018-11-01,active,Universal Life,OH,urban,Broker,monthly,1,56.8,29182.44,500000,4209.27,1052.32,1,3,3763.04,0.0,1,0,0
P10090,2024-09-01,2018-11-01,active,Universal Life,OH,urban,Broker,monthly,1,56.8,29182.44,500000,4209.27,1052.32,0,3,2634.78,0.0,0,0,0
P10090,2024-10-01,2018-11-01,active,Universal Life,OH,urban,Broker,monthly,1,56.9,29182.44,500000,4209.27,1052.32,0,2,2339.36,0.0,0,0,0
P10090,2024-11-01,2018-11-01,active,Universal Life,OH,urban,Broker,monthly,1,57.0,29182.44,500000,4209.27,701.55,0,2,1634.33,0.0,0,0,0
P10090,2024-12-01,2018-11-01,active,Universal Life,OH,urban,Broker,monthly,1,57.1,29182.44,500000,4209.27,1052.32,0,3,2402.25,0.0,0,0,0
P10091,2023-01-01,2020-10-01,active,Term Life,PA,suburban,Agent,annual,1,64.2,77491.51,1000000,258.71,776.13,0,3,0.0,0.0,0,0,0
P10091,2023-02-01,2020-10-01,active,Term Life,PA,suburban,Agent,annual,1,64.3,77491.51,1000000,258.71,776.13,0,2,0.0,0.0,0,0,0
P10091,2023-03-01,2020-10-01,active,Term Life,PA,suburban,Agent,annual,1,64.4,77491.51,1000000,258.71,776.13,0,3,0.0,0.0,0,0,0
P10091,2023-04-01,2020-10-01,active,Term Life,PA,suburban,Agent,annual,1,64.5,77491.51,1000000,258.71,776.13,0,2,0.0,0.0,1,0,0
P10091,2023-05-01,2020-10-01,active,Term Life,PA,suburban,Agent,annual,1,64.6,77491.51,1000000,258.71,776.13,1,2,0.0,0.0,0,0,0
P10091,2023-06-01,2020-10-01,active,Term Life,PA,suburban,Agent,annual,1,64.7,77491.51,1000000,258.71,776.13,1,2,0.0,0.0,0,0,0
P10091,2023-07-01,2020-10-01,active,Term Life,PA,suburban,Agent,annual,1,64.8,77491.51,1000000,258.71,776.13,1,3,0.0,0.0,0,0,0
P10091,2023-08-01,2020-10-01,active,Term Life,PA,suburban,Agent,annual,1,64.8,77491.51,1000000,258.71,776.13,0,2,0.0,0.0,0,0,0
P10091,2023-09-01,2020-10-01,active,Term Life,PA,suburban,Agent,annual,1,64.9,77491.51,1000000,258.71,776.13,0,2,0.0,0.0,0,0,0
P10091,2023-10-01,2020-10-01,active,Term Life,PA,suburban,Agent,annual,1,65.0,77491.51,1000000,258.71,776.13,0,2,0.0,0.0,0,0,0
P10091,2023-11-01,2020-10-01,active,Term Life,PA,suburban,Agent,annual,1,65.1,77491.51,1000000,258.71,517.42,0,3,0.0,0.0,0,0,0
P10091,2023-12-01,2020-10-01,active,Term Life,PA,suburban,Agent,annual,1,65.2,77491.51,1000000,258.71,776.13,0,3,0.0,0.0,0,0,0
P10091,2024-01-01,2020-10-01,active,Term Life,PA,suburban,Agent,annual,1,65.2,77491.51,1000000,258.71,776.13,0,2,0.0,0.0,0,0,0
P10091,2024-02-01,2020-10-01,active,Term Life,PA,suburban,Agent,annual,1,65.3,77491.51,1000000,258.71,517.42,0,2,0.0,0.0,0,0,0
P10091,2024-03-01,2020-10-01,active,Term Life,PA,suburban,Agent,annual,1,65.4,77491.51,1000000,258.71,776.13,0,5,0.0,0.0,0,0,0
P10091,2024-04-01,2020-10-01,active,Term Life,PA,suburban,Agent,annual,1,65.5,77491.51,1000000,258.71,776.13,0,4,0.0,0.0,0,0,0
P10091,2024-05-01,2020-10-01,active,Term Life,PA,suburban,Agent,annual,1,65.6,77491.51,1000000,258.71,517.42,0,2,0.0,0.0,0,0,0
P10091,2024-06-01,2020-10-01,active,Term Life,PA,suburban,Agent,annual,1,65.7,77491.51,1000000,258.71,517.42,0,2,0.0,0.0,0,0,0
P10091,2024-07-01,2020-10-01,active,Term Life,PA,suburban,Agent,annual,1,65.8,77491.51,1000000,258.71,776.13,0,2,0.0,0.0,0,0,0
P10091,2024-08-01,2020-10-01,active,Term Life,PA,suburban,Agent,annual,1,65.8,77491.51,1000000,258.71,776.13,1,3,0.0,0.0,0,0,0
P10091,2024-09-01,2020-10-01,active,Term Life,PA,suburban,Agent,annual,1,65.9,77491.51,1000000,258.71,776.13,1,2,0.0,0.0,0,0,0
P10091,2024-10-01,2020-10-01,active,Term Life,PA,suburban,Agent,annual,1,66.0,77491.51,1000000,258.71,776.13,1,4,0.0,0.0,0,0,0
P10091,2024-11-01,2020-10-01,active,Term Life,PA,suburban,Agent,annual,1,66.1,77491.51,1000000,258.71,517.42,1,3,0.0,0.0,0,0,0
P10091,2024-12-01,2020-10-01,active,Term Life,PA,suburban,Agent,annual,1,66.2,77491.51,1000000,258.71,776.13,1,2,0.0,0.0,0,0,0
P10092,2023-01-01,2023-03-01,active,Term Life,PA,suburban,Agent,monthly,0,73.0,40429.94,250000,1607.89,401.97,0,1,0.0,0.0,0,0,0
P10092,2023-02-01,2023-03-01,active,Term Life,PA,suburban,Agent,monthly,0,73.0,40429.94,250000,1607.89,401.97,1,1,0.0,0.0,0,0,0
P10092,2023-03-01,2023-03-01,active,Term Life,PA,suburban,Agent,monthly,0,73.0,40429.94,250000,1607.89,401.97,1,0,0.0,0.0,0,0,0
P10092,2023-04-01,2023-03-01,active,Term Life,PA,suburban,Agent,monthly,0,73.1,40429.94,250000,1607.89,401.97,1,4,0.0,0.0,0,0,0
P10092,2023-05-01,2023-03-01,active,Term Life,PA,suburban,Agent,monthly,0,73.2,40429.94,250000,1607.89,267.98,0,0,0.0,0.0,0,0,0
P10092,2023-06-01,2023-03-01,active,Term Life,PA,suburban,Agent,monthly,0,73.2,40429.94,250000,1607.89,401.97,1,0,0.0,0.0,0,0,0
P10092,2023-07-01,2023-03-01,active,Term Life,PA,suburban,Agent,monthly,0,73.3,40429.94,250000,1607.89,401.97,1,1,0.0,0.0,0,0,0
P10092,2023-08-01,2023-03-01,active,Term Life,PA,suburban,Agent,monthly,0,73.4,40429.94,250000,1607.89,267.98,0,2,0.0,0.0,0,0,0
P10092,2023-09-01,2023-03-01,active,Term Life,PA,suburban,Agent,monthly,0,73.5,40429.94,250000,1607.89,401.97,0,2,0.0,0.0,0,0,0
P10092,2023-10-01,2023-03-01,active,Term Life,PA,suburban,Agent,monthly,0,73.6,40429.94,250000,1607.89,267.98,0,1,0.0,0.0,0,0,0
P10092,2023-11-01,2023-03-01,active,Term Life,PA,suburban,Agent,monthly,0,73.7,40429.94,250000,1607.89,401.97,0,0,0.0,0.0,1,0,0
P10092,2023-12-01,2023-03-01,active,Term Life,PA,suburban,Agent,monthly,0,73.8,40429.94,250000,1607.89,401.97,0,0,0.0,0.0,0,0,0
P10092,2024-01-01,2023-03-01,active,Term Life,PA,suburban,Agent,monthly,0,73.8,40429.94,250000,1607.89,401.97,0,1,0.0,0.0,0,0,0
P10092,2024-02-01,2023-03-01,active,Term Life,PA,suburban,Agent,monthly,0,73.9,40429.94,250000,1607.89,267.98,0,0,0.0,0.0,0,0,0
P10092,2024-03-01,2023-03-01,active,Term Life,PA,suburban,Agent,monthly,0,74.0,40429.94,250000,1607.89,401.97,0,0,0.0,0.0,1,0,0
P10092,2024-04-01,2023-03-01,active,Term Life,PA,suburban,Agent,monthly,0,74.1,40429.94,250000,1607.89,401.97,1,0,0.0,0.0,0,1,0
P10092,2024-05-01,2023-03-01,active,Term Life,PA,suburban,Agent,monthly,0,74.2,40429.94,250000,1607.89,401.97,2,0,0.0,0.0,1,0,0
P10092,2024-06-01,2023-03-01,active,Term Life,PA,suburban,Agent,monthly,0,74.2,40429.94,250000,1607.89,401.97,2,0,0.0,0.0,0,0,0
P10092,2024-07-01,2023-03-01,active,Term Life,PA,suburban,Agent,monthly,0,74.3,40429.94,250000,1607.89,267.98,1,1,0.0,0.0,0,0,0
P10092,2024-08-01,2023-03-01,active,Term Life,PA,suburban,Agent,monthly,0,74.4,40429.94,250000,1607.89,401.97,1,0,0.0,0.0,0,0,0
P10092,2024-09-01,2023-03-01,active,Term Life,PA,suburban,Agent,monthly,0,74.5,40429.94,250000,1607.89,401.97,0,0,0.0,0.0,0,1,0
P10092,2024-10-01,2023-03-01,active,Term Life,PA,suburban,Agent,monthly,0,74.6,40429.94,250000,1607.89,401.97,1,0,0.0,0.0,0,0,0
P10092,2024-11-01,2023-03-01,active,Term Life,PA,suburban,Agent,monthly,0,74.7,40429.94,250000,1607.89,401.97,1,1,0.0,0.0,1,0,0
P10092,2024-12-01,2023-03-01,active,Term Life,PA,suburban,Agent,monthly,0,74.8,40429.94,250000,1607.89,401.97,1,1,0.0,0.0,0,0,0
P10093,2023-01-01,2014-01-01,active,Whole Life,IL,suburban,Agent,annual,1,58.0,80807.7,750000,447.4,1342.21,0,3,6640.87,0.0,0,0,0
P10093,2023-02-01,2014-01-01,active,Whole Life,IL,suburban,Agent,annual,1,58.1,80807.7,750000,447.4,1342.21,0,2,6018.76,0.0,0,0,0
P10093,2023-03-01,2014-01-01,active,Whole Life,IL,suburban,Agent,annual,1,58.2,80807.7,750000,447.4,1342.21,0,2,3624.12,0.0,0,0,0
P10093,2023-04-01,2014-01-01,active,Whole Life,IL,suburban,Agent,annual,1,58.2,80807.7,750000,447.4,1342.21,0,4,4405.65,0.0,0,0,0
P10093,2023-05-01,2014-01-01,active,Whole Life,IL,suburban,Agent,annual,1,58.3,80807.7,750000,447.4,1342.21,0,3,6651.97,0.0,0,0,0
P10093,2023-06-01,2014-01-01,active,Whole Life,IL,suburban,Agent,annual,1,58.4,80807.7,750000,447.4,1342.21,0,2,4916.52,0.0,0,0,0
P10093,2023-07-01,2014-01-01,active,Whole Life,IL,suburban,Agent,annual,1,58.5,80807.7,750000,447.4,1342.21,0,3,6542.69,0.0,0,0,0
P10093,2023-08-01,2014-01-01,active,Whole Life,IL,suburban,Agent,annual,1,58.6,80807.7,750000,447.4,1342.21,0,3,7914.85,0.0,0,0,0
P10093,2023-09-01,2014-01-01,active,Whole Life,IL,suburban,Agent,annual,1,58.7,80807.7,750000,447.4,1342.21,0,2,5533.61,0.0,0,0,0
P10093,2023-10-01,2014-01-01,active,Whole Life,IL,suburban,Agent,annual,1,58.8,80807.7,750000,447.4,894.8,0,2,5310.31,0.0,0,0,0
P10093,2023-11-01,2014-01-01,active,Whole Life,IL,suburban,Agent,annual,1,58.8,80807.7,750000,447.4,1342.21,0,4,7207.42,2251.54,0,0,0
P10093,2023-12-01,2014-01-01,active,Whole Life,IL,suburban,Agent,annual,1,58.9,80807.7,750000,447.4,1342.21,0,3,5916.84,0.0,0,0,0
P10093,2024-01-01,2014-01-01,active,Whole Life,IL,suburban,Agent,annual,1,59.0,80807.7,750000,447.4,1342.21,0,2,3229.25,0.0,0,0,0
P10093,2024-02-01,2014-01-01,active,Whole Life,IL,suburban,Agent,annual,1,59.1,80807.7,750000,447.4,1342.21,0,2,6833.01,2643.97,0,0,0
P10093,2024-03-01,2014-01-01,active,Whole Life,IL,suburban,Agent,annual,1,59.2,80807.7,750000,447.4,1342.21,0,2,6870.67,0.0,1,0,0
P10093,2024-04-01,2014-01-01,active,Whole Life,IL,suburban,Agent,annual,1,59.2,80807.7,750000,447.4,1342.21,0,3,9741.47,0.0,0,0,0
P10093,2024-05-01,2014-01-01,active,Whole Life,IL,suburban,Agent,annual,1,59.3,80807.7,750000,447.4,1342.21,0,3,5935.02,0.0,0,0,0
P10093,2024-06-01,2014-01-01,active,Whole Life,IL,suburban,Agent,annual,1,59.4,80807.7,750000,447.4,1342.21,0,2,3762.49,0.0,0,0,0
P10093,2024-07-01,2014-01-01,active,Whole Life,IL,suburban,Agent,annual,1,59.5,80807.7,750000,447.4,1342.21,0,2,7843.28,2438.99,0,0,0
P10093,2024-08-01,2014-01-01,active,Whole Life,IL,suburban,Agent,annual,1,59.6,80807.7,750000,447.4,1342.21,0,2,8191.97,0.0,0,0,0
P10093,2024-09-01,2014-01-01,active,Whole Life,IL,suburban,Agent,annual,1,59.7,80807.7,750000,447.4,1342.21,0,3,9807.03,0.0,0,0,0
P10093,2024-10-01,2014-01-01,active,Whole Life,IL,suburban,Agent,annual,1,59.8,80807.7,750000,447.4,1342.21,0,2,8790.5,0.0,0,0,0
P10093,2024-11-01,2014-01-01,active,Whole Life,IL,suburban,Agent,annual,1,59.8,80807.7,750000,447.4,1342.21,0,2,4097.61,0.0,0,1,0
P10093,2024-12-01,2014-01-01,active,Whole Life,IL,suburban,Agent,annual,1,59.9,80807.7,750000,447.4,1342.21,0,2,3739.02,0.0,0,0,0
P10094,2023-01-01,2022-11-01,active,Universal Life,TX,suburban,Agent,quarterly,1,73.2,75792.36,500000,1689.39,1267.04,0,4,109.99,0.0,0,0,0
P10094,2023-02-01,2022-11-01,active,Universal Life,TX,suburban,Agent,quarterly,1,73.2,75792.36,500000,1689.39,1267.04,0,6,87.58,0.0,0,0,0
P10094,2023-03-01,2022-11-01,active,Universal Life,TX,suburban,Agent,quarterly,1,73.3,75792.36,500000,1689.39,1267.04,0,4,178.08,0.0,0,0,0
P10094,2023-04-01,2022-11-01,active,Universal Life,TX,suburban,Agent,quarterly,1,73.4,75792.36,500000,1689.39,844.7,0,4,344.73,0.0,0,0,0
P10094,2023-05-01,2022-11-01,active,Universal Life,TX,suburban,Agent,quarterly,1,73.5,75792.36,500000,1689.39,1267.04,0,5,339.65,0.0,0,0,0
P10094,2023-06-01,2022-11-01,active,Universal Life,TX,suburban,Agent,quarterly,1,73.6,75792.36,500000,1689.39,1267.04,0,5,328.11,0.0,0,0,0
P10094,2023-07-01,2022-11-01,active,Universal Life,TX,suburban,Agent,quarterly,1,73.7,75792.36,500000,1689.39,1267.04,0,5,495.39,0.0,0,0,0
P10094,2023-08-01,2022-11-01,active,Universal Life,TX,suburban,Agent,quarterly,1,73.8,75792.36,500000,1689.39,844.7,0,7,650.99,357.5,1,0,0
P10094,2023-09-01,2022-11-01,active,Universal Life,TX,suburban,Agent,quarterly,1,73.8,75792.36,500000,1689.39,1267.04,0,4,741.1,0.0,0,0,0
P10094,2023-10-01,2022-11-01,active,Universal Life,TX,suburban,Agent,quarterly,1,73.9,75792.36,500000,1689.39,1267.04,0,4,375.15,0.0,0,0,0
P10094,2023-11-01,2022-11-01,active,Universal Life,TX,suburban,Agent,quarterly,1,74.0,75792.36,500000,1689.39,844.7,0,6,669.91,0.0,1,0,0
P10094,2023-12-01,2022-11-01,active,Universal Life,TX,suburban,Agent,quarterly,1,74.1,75792.36,500000,1689.39,1267.04,0,5,789.37,0.0,0,0,0
P10094,2024-01-01,2022-11-01,active,Universal Life,TX,suburban,Agent,quarterly,1,74.2,75792.36,500000,1689.39,1267.04,0,6,573.06,0.0,0,0,0
P10094,2024-02-01,2022-11-01,active,Universal Life,TX,suburban,Agent,quarterly,1,74.2,75792.36,500000,1689.39,1267.04,1,4,638.88,0.0,0,0,0
P10094,2024-03-01,2022-11-01,active,Universal Life,TX,suburban,Agent,quarterly,1,74.3,75792.36,500000,1689.39,1267.04,1,4,592.26,0.0,0,0,0
P10094,2024-04-01,2022-11-01,active,Universal Life,TX,suburban,Agent,quarterly,1,74.4,75792.36,500000,1689.39,1267.04,1,4,539.33,0.0,0,0,0
P10094,2024-05-01,2022-11-01,active,Universal Life,TX,suburban,Agent,quarterly,1,74.5,75792.36,500000,1689.39,1267.04,1,4,581.85,0.0,0,0,0
P10094,2024-06-01,2022-11-01,active,Universal Life,TX,suburban,Agent,quarterly,1,74.6,75792.36,500000,1689.39,844.7,1,5,534.08,0.0,0,0,0
P10094,2024-07-01,2022-11-01,active,Universal Life,TX,suburban,Agent,quarterly,1,74.7,75792.36,500000,1689.39,1267.04,1,6,1413.49,0.0,0,0,0
P10094,2024-08-01,2022-11-01,active,Universal Life,TX,suburban,Agent,quarterly,1,74.8,75792.36,500000,1689.39,844.7,1,4,622.66,0.0,0,0,0
P10094,2024-09-01,2022-11-01,active,Universal Life,TX,suburban,Agent,quarterly,1,74.8,75792.36,500000,1689.39,1267.04,1,6,611.03,0.0,0,0,0
P10094,2024-10-01,2022-11-01,active,Universal Life,TX,suburban,Agent,quarterly,1,74.9,75792.36,500000,1689.39,1267.04,1,5,1530.75,0.0,0,0,0
P10094,2024-11-01,2022-11-01,active,Universal Life,TX,suburban,Agent,quarterly,1,75.0,75792.36,500000,1689.39,1267.04,0,5,1436.3,0.0,0,0,0
P10094,2024-12-01,2022-11-01,active,Universal Life,TX,suburban,Agent,quarterly,1,75.1,75792.36,500000,1689.39,1267.04,0,4,1124.16,0.0,0,0,0
P10095,2023-01-01,2014-12-01,active,Term Life,OH,urban,Direct,monthly,1,35.1,136616.12,500000,1845.3,461.33,0,2,0.0,0.0,1,0,0
P10095,2023-02-01,2014-12-01,active,Term Life,OH,urban,Direct,monthly,1,35.2,136616.12,500000,1845.3,461.33,0,1,0.0,0.0,0,0,0
P10095,2023-03-01,2014-12-01,active,Term Life,OH,urban,Direct,monthly,1,35.2,136616.12,500000,1845.3,461.33,0,1,0.0,0.0,0,0,0
P10095,2023-04-01,2014-12-01,active,Term Life,OH,urban,Direct,monthly,1,35.3,136616.12,500000,1845.3,461.33,0,2,0.0,0.0,0,0,0
P10095,2023-05-01,2014-12-01,active,Term Life,OH,urban,Direct,monthly,1,35.4,136616.12,500000,1845.3,461.33,0,2,0.0,0.0,0,0,0
P10095,2023-06-01,2014-12-01,active,Term Life,OH,urban,Direct,monthly,1,35.5,136616.12,500000,1845.3,461.33,0,1,0.0,0.0,0,0,0
P10095,2023-07-01,2014-12-01,active,Term Life,OH,urban,Direct,monthly,1,35.6,136616.12,500000,1845.3,461.33,0,1,0.0,0.0,0,0,0
P10095,2023-08-01,2014-12-01,active,Term Life,OH,urban,Direct,monthly,1,35.7,136616.12,500000,1845.3,461.33,0,1,0.0,0.0,0,0,0
P10095,2023-09-01,2014-12-01,active,Term Life,OH,urban,Direct,monthly,1,35.8,136616.12,500000,1845.3,461.33,0,2,0.0,0.0,0,0,0
P10095,2023-10-01,2014-12-01,active,Term Life,OH,urban,Direct,monthly,1,35.8,136616.12,500000,1845.3,461.33,0,2,0.0,0.0,0,1,0
P10095,2023-11-01,2014-12-01,active,Term Life,OH,urban,Direct,monthly,1,35.9,136616.12,500000,1845.3,461.33,0,1,0.0,0.0,0,0,0
P10095,2023-12-01,2014-12-01,active,Term Life,OH,urban,Direct,monthly,1,36.0,136616.12,500000,1845.3,461.33,0,1,0.0,0.0,0,0,0
P10095,2024-01-01,2014-12-01,active,Term Life,OH,urban,Direct,monthly,1,36.1,136616.12,500000,1845.3,461.33,0,1,0.0,0.0,0,0,0
P10095,2024-02-01,2014-12-01,active,Term Life,OH,urban,Direct,monthly,1,36.2,136616.12,500000,1845.3,307.55,0,3,0.0,0.0,0,0,0
P10095,2024-03-01,2014-12-01,active,Term Life,OH,urban,Direct,monthly,1,36.2,136616.12,500000,1845.3,461.33,0,3,0.0,0.0,0,0,0
P10095,2024-04-01,2014-12-01,active,Term Life,OH,urban,Direct,monthly,1,36.3,136616.12,500000,1845.3,461.33,0,2,0.0,0.0,0,0,0
P10095,2024-05-01,2014-12-01,active,Term Life,OH,urban,Direct,monthly,1,36.4,136616.12,500000,1845.3,461.33,0,1,0.0,0.0,0,0,0
P10095,2024-06-01,2014-12-01,active,Term Life,OH,urban,Direct,monthly,1,36.5,136616.12,500000,1845.3,461.33,0,2,0.0,0.0,0,0,0
P10095,2024-07-01,2014-12-01,active,Term Life,OH,urban,Direct,monthly,1,36.6,136616.12,500000,1845.3,461.33,0,2,0.0,0.0,0,0,0
P10095,2024-08-01,2014-12-01,active,Term Life,OH,urban,Direct,monthly,1,36.7,136616.12,500000,1845.3,307.55,0,2,0.0,0.0,0,0,0
P10095,2024-09-01,2014-12-01,active,Term Life,OH,urban,Direct,monthly,1,36.8,136616.12,500000,1845.3,461.33,0,1,0.0,0.0,0,0,0
P10095,2024-10-01,2014-12-01,active,Term Life,OH,urban,Direct,monthly,1,36.8,136616.12,500000,1845.3,461.33,0,1,0.0,0.0,1,0,0
P10095,2024-11-01,2014-12-01,active,Term Life,OH,urban,Direct,monthly,1,36.9,136616.12,500000,1845.3,307.55,0,2,0.0,0.0,0,0,0
P10095,2024-12-01,2014-12-01,active,Term Life,OH,urban,Direct,monthly,1,37.0,136616.12,500000,1845.3,461.33,0,3,0.0,0.0,0,0,0
P10096,2023-01-01,2018-07-01,active,Indexed Universal Life,PA,rural,Agent,annual,1,66.5,30193.67,500000,203.07,609.21,0,0,1474.54,0.0,0,0,0
P10096,2023-02-01,2018-07-01,active,Indexed Universal Life,PA,rural,Agent,annual,1,66.6,30193.67,500000,203.07,406.14,0,1,1848.59,0.0,0,0,0
P10096,2023-03-01,2018-07-01,active,Indexed Universal Life,PA,rural,Agent,annual,1,66.7,30193.67,500000,203.07,609.21,0,0,1582.36,0.0,0,0,0
P10096,2023-04-01,2018-07-01,active,Indexed Universal Life,PA,rural,Agent,annual,1,66.8,30193.67,500000,203.07,609.21,0,1,1157.33,0.0,0,0,0
P10096,2023-05-01,2018-07-01,active,Indexed Universal Life,PA,rural,Agent,annual,1,66.8,30193.67,500000,203.07,609.21,0,0,1338.69,0.0,0,0,0
P10096,2023-06-01,2018-07-01,active,Indexed Universal Life,PA,rural,Agent,annual,1,66.9,30193.67,500000,203.07,609.21,0,1,1625.0,0.0,0,0,0
P10096,2023-07-01,2018-07-01,active,Indexed Universal Life,PA,rural,Agent,annual,1,67.0,30193.67,500000,203.07,609.21,0,1,852.92,0.0,0,0,0
P10096,2023-08-01,2018-07-01,active,Indexed Universal Life,PA,rural,Agent,annual,1,67.1,30193.67,500000,203.07,609.21,0,1,1512.77,0.0,0,0,0
P10096,2023-09-01,2018-07-01,active,Indexed Universal Life,PA,rural,Agent,annual,1,67.2,30193.67,500000,203.07,609.21,0,1,1506.32,519.52,0,0,0
P10096,2023-10-01,2018-07-01,active,Indexed Universal Life,PA,rural,Agent,annual,1,67.2,30193.67,500000,203.07,609.21,0,3,2297.81,0.0,0,0,0
P10096,2023-11-01,2018-07-01,active,Indexed Universal Life,PA,rural,Agent,annual,1,67.3,30193.67,500000,203.07,609.21,0,1,1567.43,0.0,0,0,0
P10096,2023-12-01,2018-07-01,active,Indexed Universal Life,PA,rural,Agent,annual,1,67.4,30193.67,500000,203.07,609.21,0,0,1591.27,0.0,0,0,0
P10096,2024-01-01,2018-07-01,active,Indexed Universal Life,PA,rural,Agent,annual,1,67.5,30193.67,500000,203.07,406.14,1,0,1446.33,0.0,0,0,0
P10096,2024-02-01,2018-07-01,active,Indexed Universal Life,PA,rural,Agent,annual,1,67.6,30193.67,500000,203.07,609.21,1,0,849.01,178.97,0,0,0
P10096,2024-03-01,2018-07-01,active,Indexed Universal Life,PA,rural,Agent,annual,1,67.7,30193.67,500000,203.07,609.21,1,0,959.94,0.0,1,0,0
P10096,2024-04-01,2018-07-01,active,Indexed Universal Life,PA,rural,Agent,annual,1,67.8,30193.67,500000,203.07,609.21,0,0,1203.44,0.0,1,0,0
P10096,2024-05-01,2018-07-01,active,Indexed Universal Life,PA,rural,Agent,annual,1,67.8,30193.67,500000,203.07,609.21,0,2,1688.68,0.0,0,0,0
P10096,2024-06-01,2018-07-01,active,Indexed Universal Life,PA,rural,Agent,annual,1,67.9,30193.67,500000,203.07,609.21,0,4,1206.04,0.0,0,0,0
P10096,2024-07-01,2018-07-01,active,Indexed Universal Life,PA,rural,Agent,annual,1,68.0,30193.67,500000,203.07,609.21,0,0,2132.19,0.0,0,0,0
P10096,2024-08-01,2018-07-01,active,Indexed Universal Life,PA,rural,Agent,annual,1,68.1,30193.67,500000,203.07,609.21,0,0,1865.74,0.0,0,0,0
P10096,2024-09-01,2018-07-01,active,Indexed Universal Life,PA,rural,Agent,annual,1,68.2,30193.67,500000,203.07,609.21,0,1,1944.22,0.0,0,0,0
P10096,2024-10-01,2018-07-01,active,Indexed Universal Life,PA,rural,Agent,annual,1,68.2,30193.67,500000,203.07,609.21,0,1,1759.74,0.0,0,0,0
P10096,2024-11-01,2018-07-01,active,Indexed Universal Life,PA,rural,Agent,annual,1,68.3,30193.67,500000,203.07,609.21,0,0,2058.78,0.0,0,0,0
P10096,2024-12-01,2018-07-01,active,Indexed Universal Life,PA,rural,Agent,annual,1,68.4,30193.67,500000,203.07,609.21,0,1,2434.99,1092.27,0,0,0
P10097,2023-01-01,2018-12-01,active,Whole Life,NJ,urban,Bank,monthly,1,41.1,92240.93,750000,3357.37,839.34,0,2,1557.82,0.0,0,0,0
P10097,2023-02-01,2018-12-01,active,Whole Life,NJ,urban,Bank,monthly,1,41.2,92240.93,750000,3357.37,839.34,0,3,2441.64,0.0,0,0,0
P10097,2023-03-01,2018-12-01,active,Whole Life,NJ,urban,Bank,monthly,1,41.2,92240.93,750000,3357.37,559.56,0,3,2213.14,0.0,0,0,0
P10097,2023-04-01,2018-12-01,active,Whole Life,NJ,urban,Bank,monthly,1,41.3,92240.93,750000,3357.37,839.34,0,2,2263.54,0.0,0,0,0
P10097,2023-05-01,2018-12-01,active,Whole Life,NJ,urban,Bank,monthly,1,41.4,92240.93,750000,3357.37,839.34,0,3,2503.25,0.0,1,0,0
P10097,2023-06-01,2018-12-01,active,Whole Life,NJ,urban,Bank,monthly,1,41.5,92240.93,750000,3357.37,839.34,0,2,2322.48,0.0,0,0,0
P10097,2023-07-01,2018-12-01,active,Whole Life,NJ,urban,Bank,monthly,1,41.6,92240.93,750000,3357.37,839.34,0,3,2717.83,0.0,0,0,0
P10097,2023-08-01,2018-12-01,active,Whole Life,NJ,urban,Bank,monthly,1,41.7,92240.93,750000,3357.37,839.34,0,4,996.73,0.0,0,0,0
P10097,2023-09-01,2018-12-01,active,Whole Life,NJ,urban,Bank,monthly,1,41.8,92240.93,750000,3357.37,839.34,0,3,1536.79,0.0,0,0,0
P10097,2023-10-01,2018-12-01,active,Whole Life,NJ,urban,Bank,monthly,1,41.8,92240.93,750000,3357.37,839.34,0,5,2393.13,0.0,0,0,0
P10097,2023-11-01,2018-12-01,active,Whole Life,NJ,urban,Bank,monthly,1,41.9,92240.93,750000,3357.37,559.56,0,2,1146.82,0.0,0,0,0
P10097,2023-12-01,2018-12-01,active,Whole Life,NJ,urban,Bank,monthly,1,42.0,92240.93,750000,3357.37,839.34,0,5,1601.45,0.0,0,0,0
P10097,2024-01-01,2018-12-01,active,Whole Life,NJ,urban,Bank,monthly,1,42.1,92240.93,750000,3357.37,559.56,0,3,1857.81,0.0,1,0,0
P10097,2024-02-01,2018-12-01,active,Whole Life,NJ,urban,Bank,monthly,1,42.2,92240.93,750000,3357.37,839.34,0,2,2911.87,0.0,0,0,0
P10097,2024-03-01,2018-12-01,active,Whole Life,NJ,urban,Bank,monthly,1,42.2,92240.93,750000,3357.37,839.34,0,3,1198.1,0.0,0,0,0
P10097,2024-04-01,2018-12-01,active,Whole Life,NJ,urban,Bank,monthly,1,42.3,92240.93,750000,3357.37,839.34,0,3,1722.23,0.0,0,0,0
P10097,2024-05-01,2018-12-01,active,Whole Life,NJ,urban,Bank,monthly,1,42.4,92240.93,750000,3357.37,839.34,0,2,1850.16,0.0,0,0,0
P10097,2024-06-01,2018-12-01,active,Whole Life,NJ,urban,Bank,monthly,1,42.5,92240.93,750000,3357.37,839.34,1,3,2852.66,0.0,0,0,0
P10097,2024-07-01,2018-12-01,active,Whole Life,NJ,urban,Bank,monthly,1,42.6,92240.93,750000,3357.37,839.34,1,4,2737.64,1378.62,0,0,0
P10097,2024-08-01,2018-12-01,active,Whole Life,NJ,urban,Bank,monthly,1,42.7,92240.93,750000,3357.37,839.34,1,2,1717.67,0.0,0,0,0
P10097,2024-09-01,2018-12-01,active,Whole Life,NJ,urban,Bank,monthly,1,42.8,92240.93,750000,3357.37,839.34,1,3,3117.89,0.0,0,0,0
P10097,2024-10-01,2018-12-01,active,Whole Life,NJ,urban,Bank,monthly,1,42.8,92240.93,750000,3357.37,839.34,1,3,3352.78,0.0,0,0,0
P10097,2024-11-01,2018-12-01,active,Whole Life,NJ,urban,Bank,monthly,1,42.9,92240.93,750000,3357.37,839.34,1,2,1672.28,0.0,0,0,0
P10097,2024-12-01,2018-12-01,active,Whole Life,NJ,urban,Bank,monthly,1,43.0,92240.93,750000,3357.37,839.34,1,2,1223.85,0.0,0,0,0
P10098,2023-01-01,2021-09-01,active,Whole Life,NY,suburban,Agent,annual,1,49.3,26927.72,500000,234.21,702.64,0,1,333.35,0.0,0,0,0
P10098,2023-02-01,2021-09-01,active,Whole Life,NY,suburban,Agent,annual,1,49.4,26927.72,500000,234.21,702.64,0,1,500.58,0.0,0,0,0
P10098,2023-03-01,2021-09-01,active,Whole Life,NY,suburban,Agent,annual,1,49.5,26927.72,500000,234.21,468.42,0,2,450.86,0.0,0,0,0
P10098,2023-04-01,2021-09-01,active,Whole Life,NY,suburban,Agent,annual,1,49.6,26927.72,500000,234.21,702.64,0,1,773.82,0.0,0,0,0
P10098,2023-05-01,2021-09-01,active,Whole Life,NY,suburban,Agent,annual,1,49.7,26927.72,500000,234.21,702.64,0,1,542.15,0.0,0,0,0
P10098,2023-06-01,2021-09-01,active,Whole Life,NY,suburban,Agent,annual,1,49.8,26927.72,500000,234.21,702.64,0,3,738.88,0.0,0,0,0
P10098,2023-07-01,2021-09-01,active,Whole Life,NY,suburban,Agent,annual,1,49.8,26927.72,500000,234.21,702.64,0,2,897.53,0.0,0,0,0
P10098,2023-08-01,2021-09-01,active,Whole Life,NY,suburban,Agent,annual,1,49.9,26927.72,500000,234.21,702.64,0,3,549.67,0.0,0,0,0
P10098,2023-09-01,2021-09-01,active,Whole Life,NY,suburban,Agent,annual,1,50.0,26927.72,500000,234.21,468.42,0,1,904.38,0.0,0,0,0
P10098,2023-10-01,2021-09-01,active,Whole Life,NY,suburban,Agent,annual,1,50.1,26927.72,500000,234.21,702.64,0,1,634.73,256.36,0,0,0
P10098,2023-11-01,2021-09-01,active,Whole Life,NY,suburban,Agent,annual,1,50.2,26927.72,500000,234.21,702.64,0,1,716.76,0.0,0,0,0
P10098,2023-12-01,2021-09-01,active,Whole Life,NY,suburban,Agent,annual,1,50.2,26927.72,500000,234.21,702.64,1,1,1060.83,0.0,0,0,0
P10098,2024-01-01,2021-09-01,active,Whole Life,NY,suburban,Agent,annual,1,50.3,26927.72,500000,234.21,702.64,1,1,632.91,0.0,0,0,0
P10098,2024-02-01,2021-09-01,active,Whole Life,NY,suburban,Agent,annual,1,50.4,26927.72,500000,234.21,702.64,0,1,424.51,0.0,0,0,0
P10098,2024-03-01,2021-09-01,active,Whole Life,NY,suburban,Agent,annual,1,50.5,26927.72,500000,234.21,702.64,0,1,1035.86,0.0,0,0,0
P10098,2024-04-01,2021-09-01,active,Whole Life,NY,suburban,Agent,annual,1,50.6,26927.72,500000,234.21,702.64,0,1,1222.59,0.0,0,0,0
P10098,2024-05-01,2021-09-01,active,Whole Life,NY,suburban,Agent,annual,1,50.7,26927.72,500000,234.21,702.64,0,1,887.81,0.0,0,0,0
P10098,2024-06-01,2021-09-01,active,Whole Life,NY,suburban,Agent,annual,1,50.8,26927.72,500000,234.21,702.64,1,1,502.76,0.0,0,0,0
P10098,2024-07-01,2021-09-01,active,Whole Life,NY,suburban,Agent,annual,1,50.8,26927.72,500000,234.21,702.64,1,1,1167.04,0.0,0,1,0
P10098,2024-08-01,2021-09-01,active,Whole Life,NY,suburban,Agent,annual,1,50.9,26927.72,500000,234.21,702.64,1,1,967.2,0.0,0,0,0
P10098,2024-09-01,2021-09-01,active,Whole Life,NY,suburban,Agent,annual,1,51.0,26927.72,500000,234.21,702.64,1,1,528.41,0.0,0,0,0
P10098,2024-10-01,2021-09-01,active,Whole Life,NY,suburban,Agent,annual,1,51.1,26927.72,500000,234.21,702.64,1,1,724.19,0.0,0,0,0
P10098,2024-11-01,2021-09-01,active,Whole Life,NY,suburban,Agent,annual,1,51.2,26927.72,500000,234.21,702.64,1,1,1330.83,0.0,1,0,0
P10098,2024-12-01,2021-09-01,active,Whole Life,NY,suburban,Agent,annual,1,51.2,26927.72,500000,234.21,468.42,1,1,1060.28,327.93,0,0,0
P10099,2023-01-01,2021-06-01,active,Whole Life,OH,urban,Agent,monthly,1,29.6,30605.17,250000,822.25,205.56,0,6,190.13,0.0,0,0,0
P10099,2023-02-01,2021-06-01,active,Whole Life,OH,urban,Agent,monthly,1,29.7,30605.17,250000,822.25,205.56,0,5,195.63,0.0,0,0,0
P10099,2023-03-01,2021-06-01,active,Whole Life,OH,urban,Agent,monthly,1,29.8,30605.17,250000,822.25,205.56,0,5,253.7,77.69,0,0,0
P10099,2023-04-01,2021-06-01,active,Whole Life,OH,urban,Agent,monthly,1,29.8,30605.17,250000,822.25,137.04,0,5,119.38,0.0,0,0,0
P10099,2023-05-01,2021-06-01,active,Whole Life,OH,urban,Agent,monthly,1,29.9,30605.17,250000,822.25,205.56,0,5,96.71,0.0,0,1,0
P10099,2023-06-01,2021-06-01,active,Whole Life,OH,urban,Agent,monthly,1,30.0,30605.17,250000,822.25,205.56,0,5,101.51,0.0,0,0,0
P10099,2023-07-01,2021-06-01,active,Whole Life,OH,urban,Agent,monthly,1,30.1,30605.17,250000,822.25,205.56,0,7,223.02,0.0,0,1,0
P10099,2023-08-01,2021-06-01,active,Whole Life,OH,urban,Agent,monthly,1,30.2,30605.17,250000,822.25,205.56,0,4,163.39,0.0,0,0,0
P10099,2023-09-01,2021-06-01,active,Whole Life,OH,urban,Agent,monthly,1,30.2,30605.17,250000,822.25,205.56,0,4,224.4,0.0,0,0,0
P10099,2023-10-01,2021-06-01,active,Whole Life,OH,urban,Agent,monthly,1,30.3,30605.17,250000,822.25,205.56,0,7,193.84,0.0,0,0,0
P10099,2023-11-01,2021-06-01,active,Whole Life,OH,urban,Agent,monthly,1,30.4,30605.17,250000,822.25,205.56,0,4,311.15,0.0,0,0,0
P10099,2023-12-01,2021-06-01,active,Whole Life,OH,urban,Agent,monthly,1,30.5,30605.17,250000,822.25,205.56,0,4,226.16,0.0,0,1,0
P10099,2024-01-01,2021-06-01,active,Whole Life,OH,urban,Agent,monthly,1,30.6,30605.17,250000,822.25,205.56,0,5,345.43,0.0,0,0,0
P10099,2024-02-01,2021-06-01,active,Whole Life,OH,urban,Agent,monthly,1,30.7,30605.17,250000,822.25,205.56,1,6,217.99,0.0,0,0,0
P10099,2024-03-01,2021-06-01,active,Whole Life,OH,urban,Agent,monthly,1,30.8,30605.17,250000,822.25,205.56,1,6,238.77,0.0,0,0,0
P10099,2024-04-01,2021-06-01,active,Whole Life,OH,urban,Agent,monthly,1,30.8,30605.17,250000,822.25,205.56,1,5,359.27,0.0,0,0,0
P10099,2024-05-01,2021-06-01,active,Whole Life,OH,urban,Agent,monthly,1,30.9,30605.17,250000,822.25,205.56,1,5,362.3,0.0,0,0,0
P10099,2024-06-01,2021-06-01,active,Whole Life,OH,urban,Agent,monthly,1,31.0,30605.17,250000,822.25,205.56,1,4,423.34,0.0,1,0,0
P10099,2024-07-01,2021-06-01,active,Whole Life,OH,urban,Agent,monthly,1,31.1,30605.17,250000,822.25,205.56,1,5,264.42,0.0,0,0,0
P10099,2024-08-01,2021-06-01,active,Whole Life,OH,urban,Agent,monthly,1,31.2,30605.17,250000,822.25,137.04,0,5,445.96,0.0,0,0,0
P10099,2024-09-01,2021-06-01,active,Whole Life,OH,urban,Agent,monthly,1,31.2,30605.17,250000,822.25,205.56,1,5,454.43,0.0,0,0,0
P10099,2024-10-01,2021-06-01,active,Whole Life,OH,urban,Agent,monthly,1,31.3,30605.17,250000,822.25,205.56,0,5,458.33,0.0,0,0,0
P10099,2024-11-01,2021-06-01,active,Whole Life,OH,urban,Agent,monthly,1,31.4,30605.17,250000,822.25,205.56,0,4,390.01,0.0,1,0,0
P10099,2024-12-01,2021-06-01,active,Whole Life,OH,urban,Agent,monthly,1,31.5,30605.17,250000,822.25,205.56,0,4,403.33,119.04,0,0,0
P10100,2023-01-01,2018-05-01,active,Term Life,OH,urban,Agent,monthly,0,40.7,88483.51,750000,5049.34,1262.33,0,2,0.0,0.0,0,0,0
P10100,2023-02-01,2018-05-01,active,Term Life,OH,urban,Agent,monthly,0,40.8,88483.51,750000,5049.34,1262.33,0,0,0.0,0.0,0,0,0
P10100,2023-03-01,2018-05-01,active,Term Life,OH,urban,Agent,monthly,0,40.8,88483.51,750000,5049.34,1262.33,0,1,0.0,0.0,0,0,0
P10100,2023-04-01,2018-05-01,active,Term Life,OH,urban,Agent,monthly,0,40.9,88483.51,750000,5049.34,1262.33,0,0,0.0,0.0,0,0,0
P10100,2023-05-01,2018-05-01,active,Term Life,OH,urban,Agent,monthly,0,41.0,88483.51,750000,5049.34,1262.33,0,1,0.0,0.0,0,0,0
P10100,2023-06-01,2018-05-01,active,Term Life,OH,urban,Agent,monthly,0,41.1,88483.51,750000,5049.34,841.56,0,1,0.0,0.0,0,0,0
P10100,2023-07-01,2018-05-01,active,Term Life,OH,urban,Agent,monthly,0,41.2,88483.51,750000,5049.34,1262.33,0,0,0.0,0.0,0,0,0
P10100,2023-08-01,2018-05-01,active,Term Life,OH,urban,Agent,monthly,0,41.2,88483.51,750000,5049.34,841.56,1,1,0.0,0.0,0,0,0
P10100,2023-09-01,2018-05-01,active,Term Life,OH,urban,Agent,monthly,0,41.3,88483.51,750000,5049.34,1262.33,2,0,0.0,0.0,0,0,1
P10100,2023-10-01,2018-05-01,lapsed,Term Life,OH,urban,Agent,monthly,0,41.4,88483.51,750000,5049.34,841.56,2,1,0.0,0.0,0,0,0
P10100,2023-11-01,2018-05-01,lapsed,Term Life,OH,urban,Agent,monthly,0,41.5,88483.51,750000,5049.34,1262.33,3,0,0.0,0.0,0,0,0
P10100,2023-12-01,2018-05-01,lapsed,Term Life,OH,urban,Agent,monthly,0,41.6,88483.51,750000,5049.34,1262.33,4,0,0.0,0.0,0,0,0
P10101,2023-01-01,2017-08-01,active,Indexed Universal Life,FL,suburban,Agent,annual,0,45.4,57421.5,250000,66.61,199.82,0,4,435.6,0.0,0,0,0
P10101,2023-02-01,2017-08-01,active,Indexed Universal Life,FL,suburban,Agent,annual,0,45.5,57421.5,250000,66.61,199.82,1,3,339.27,0.0,0,0,0
P10101,2023-03-01,2017-08-01,active,Indexed Universal Life,FL,suburban,Agent,annual,0,45.6,57421.5,250000,66.61,199.82,0,3,649.15,386.75,0,0,0
P10101,2023-04-01,2017-08-01,active,Indexed Universal Life,FL,suburban,Agent,annual,0,45.7,57421.5,250000,66.61,199.82,0,3,439.05,0.0,0,0,0
P10101,2023-05-01,2017-08-01,active,Indexed Universal Life,FL,suburban,Agent,annual,0,45.8,57421.5,250000,66.61,199.82,1,6,528.7,0.0,0,0,0
P10101,2023-06-01,2017-08-01,active,Indexed Universal Life,FL,suburban,Agent,annual,0,45.8,57421.5,250000,66.61,199.82,1,5,792.7,0.0,0,0,0
P10101,2023-07-01,2017-08-01,active,Indexed Universal Life,FL,suburban,Agent,annual,0,45.9,57421.5,250000,66.61,199.82,1,3,551.83,0.0,0,0,0
P10101,2023-08-01,2017-08-01,active,Indexed Universal Life,FL,suburban,Agent,annual,0,46.0,57421.5,250000,66.61,199.82,2,3,339.28,0.0,0,0,0
P10101,2023-09-01,2017-08-01,active,Indexed Universal Life,FL,suburban,Agent,annual,0,46.1,57421.5,250000,66.61,199.82,2,3,720.75,0.0,0,0,0
P10101,2023-10-01,2017-08-01,active,Indexed Universal Life,FL,suburban,Agent,annual,0,46.2,57421.5,250000,66.61,133.22,2,3,761.63,0.0,0,0,0
P10101,2023-11-01,2017-08-01,active,Indexed Universal Life,FL,suburban,Agent,annual,0,46.2,57421.5,250000,66.61,199.82,2,3,761.08,455.89,0,0,0
P10101,2023-12-01,2017-08-01,active,Indexed Universal Life,FL,suburban,Agent,annual,0,46.3,57421.5,250000,66.61,199.82,2,4,536.59,0.0,0,0,0
P10101,2024-01-01,2017-08-01,active,Indexed Universal Life,FL,suburban,Agent,annual,0,46.4,57421.5,250000,66.61,133.22,2,3,330.88,0.0,0,0,0
P10101,2024-02-01,2017-08-01,active,Indexed Universal Life,FL,suburban,Agent,annual,0,46.5,57421.5,250000,66.61,199.82,2,4,510.63,0.0,0,0,0
P10101,2024-03-01,2017-08-01,active,Indexed Universal Life,FL,suburban,Agent,annual,0,46.6,57421.5,250000,66.61,199.82,2,3,571.51,0.0,0,0,0
P10101,2024-04-01,2017-08-01,active,Indexed Universal Life,FL,suburban,Agent,annual,0,46.7,57421.5,250000,66.61,199.82,2,3,507.98,0.0,0,0,0
P10101,2024-05-01,2017-08-01,active,Indexed Universal Life,FL,suburban,Agent,annual,0,46.8,57421.5,250000,66.61,199.82,2,4,759.63,0.0,0,0,0
P10101,2024-06-01,2017-08-01,active,Indexed Universal Life,FL,suburban,Agent,annual,0,46.8,57421.5,250000,66.61,133.22,2,3,785.67,0.0,0,0,0
P10101,2024-07-01,2017-08-01,active,Indexed Universal Life,FL,suburban,Agent,annual,0,46.9,57421.5,250000,66.61,199.82,2,3,357.9,0.0,0,0,0
P10101,2024-08-01,2017-08-01,active,Indexed Universal Life,FL,suburban,Agent,annual,0,47.0,57421.5,250000,66.61,199.82,2,4,709.31,0.0,0,0,0
P10101,2024-09-01,2017-08-01,active,Indexed Universal Life,FL,suburban,Agent,annual,0,47.1,57421.5,250000,66.61,133.22,2,4,342.05,0.0,0,0,0
P10101,2024-10-01,2017-08-01,active,Indexed Universal Life,FL,suburban,Agent,annual,0,47.2,57421.5,250000,66.61,199.82,2,3,1007.35,0.0,0,0,0
P10101,2024-11-01,2017-08-01,active,Indexed Universal Life,FL,suburban,Agent,annual,0,47.2,57421.5,250000,66.61,199.82,2,5,926.33,0.0,0,0,0
P10101,2024-12-01,2017-08-01,active,Indexed Universal Life,FL,suburban,Agent,annual,0,47.3,57421.5,250000,66.61,199.82,3,3,756.8,0.0,0,0,0
P10102,2023-01-01,2022-07-01,active,Whole Life,AZ,suburban,Broker,annual,0,59.5,79520.99,500000,354.82,1064.46,0,1,175.28,0.0,0,0,0
P10102,2023-02-01,2022-07-01,active,Whole Life,AZ,suburban,Broker,annual,0,59.6,79520.99,500000,354.82,709.64,0,2,161.31,0.0,0,0,0
P10102,2023-03-01,2022-07-01,active,Whole Life,AZ,suburban,Broker,annual,0,59.7,79520.99,500000,354.82,709.64,0,2,376.44,0.0,0,0,0
P10102,2023-04-01,2022-07-01,active,Whole Life,AZ,suburban,Broker,annual,0,59.8,79520.99,500000,354.82,1064.46,0,2,310.03,0.0,0,0,0
P10102,2023-05-01,2022-07-01,active,Whole Life,AZ,suburban,Broker,annual,0,59.8,79520.99,500000,354.82,1064.46,0,2,504.78,0.0,0,0,0
P10102,2023-06-01,2022-07-01,active,Whole Life,AZ,suburban,Broker,annual,0,59.9,79520.99,500000,354.82,1064.46,0,1,617.48,0.0,0,0,0
P10102,2023-07-01,2022-07-01,active,Whole Life,AZ,suburban,Broker,annual,0,60.0,79520.99,500000,354.82,1064.46,0,3,456.02,0.0,0,1,0
P10102,2023-08-01,2022-07-01,active,Whole Life,AZ,suburban,Broker,annual,0,60.1,79520.99,500000,354.82,709.64,0,1,509.84,0.0,0,0,0
P10102,2023-09-01,2022-07-01,active,Whole Life,AZ,suburban,Broker,annual,0,60.2,79520.99,500000,354.82,1064.46,0,2,615.16,0.0,0,0,0
P10102,2023-10-01,2022-07-01,active,Whole Life,AZ,suburban,Broker,annual,0,60.2,79520.99,500000,354.82,1064.46,0,2,417.53,155.08,0,0,0
P10102,2023-11-01,2022-07-01,active,Whole Life,AZ,suburban,Broker,annual,0,60.3,79520.99,500000,354.82,1064.46,0,2,835.75,0.0,0,0,0
P10102,2023-12-01,2022-07-01,active,Whole Life,AZ,suburban,Broker,annual,0,60.4,79520.99,500000,354.82,1064.46,0,2,488.85,0.0,0,0,0
P10102,2024-01-01,2022-07-01,active,Whole Life,AZ,suburban,Broker,annual,0,60.5,79520.99,500000,354.82,709.64,0,1,958.91,0.0,0,0,0
P10102,2024-02-01,2022-07-01,active,Whole Life,AZ,suburban,Broker,annual,0,60.6,79520.99,500000,354.82,709.64,0,2,1155.54,0.0,0,0,0
P10102,2024-03-01,2022-07-01,active,Whole Life,AZ,suburban,Broker,annual,0,60.7,79520.99,500000,354.82,1064.46,0,1,427.24,0.0,1,0,0
P10102,2024-04-01,2022-07-01,active,Whole Life,AZ,suburban,Broker,annual,0,60.8,79520.99,500000,354.82,1064.46,0,2,1296.32,0.0,0,0,0
P10102,2024-05-01,2022-07-01,active,Whole Life,AZ,suburban,Broker,annual,0,60.8,79520.99,500000,354.82,1064.46,0,2,1395.04,0.0,0,0,0
P10102,2024-06-01,2022-07-01,active,Whole Life,AZ,suburban,Broker,annual,0,60.9,79520.99,500000,354.82,1064.46,0,1,1070.98,0.0,0,0,0
P10102,2024-07-01,2022-07-01,active,Whole Life,AZ,suburban,Broker,annual,0,61.0,79520.99,500000,354.82,1064.46,0,2,1109.0,0.0,0,0,0
P10102,2024-08-01,2022-07-01,active,Whole Life,AZ,suburban,Broker,annual,0,61.1,79520.99,500000,354.82,709.64,0,1,1573.9,0.0,0,0,0
P10102,2024-09-01,2022-07-01,active,Whole Life,AZ,suburban,Broker,annual,0,61.2,79520.99,500000,354.82,709.64,0,3,1128.05,0.0,0,0,0
P10102,2024-10-01,2022-07-01,active,Whole Life,AZ,suburban,Broker,annual,0,61.2,79520.99,500000,354.82,1064.46,0,3,668.44,0.0,0,0,0
P10102,2024-11-01,2022-07-01,active,Whole Life,AZ,suburban,Broker,annual,0,61.3,79520.99,500000,354.82,1064.46,0,3,1111.49,0.0,1,0,0
P10102,2024-12-01,2022-07-01,active,Whole Life,AZ,suburban,Broker,annual,0,61.4,79520.99,500000,354.82,1064.46,0,3,1309.37,0.0,0,0,0
P10103,2023-01-01,2023-03-01,active,Whole Life,IL,urban,Bank,quarterly,1,66.0,70359.49,100000,163.19,122.39,0,3,0.0,0.0,0,0,0
P10103,2023-02-01,2023-03-01,active,Whole Life,IL,urban,Bank,quarterly,1,66.0,70359.49,100000,163.19,122.39,0,3,0.0,0.0,0,0,0
P10103,2023-03-01,2023-03-01,active,Whole Life,IL,urban,Bank,quarterly,1,66.0,70359.49,100000,163.19,122.39,0,4,0.0,0.0,0,0,0
P10103,2023-04-01,2023-03-01,active,Whole Life,IL,urban,Bank,quarterly,1,66.1,70359.49,100000,163.19,122.39,0,4,6.87,0.0,0,0,0
P10103,2023-05-01,2023-03-01,active,Whole Life,IL,urban,Bank,quarterly,1,66.2,70359.49,100000,163.19,122.39,0,3,6.5,2.53,0,0,0
P10103,2023-06-01,2023-03-01,active,Whole Life,IL,urban,Bank,quarterly,1,66.2,70359.49,100000,163.19,122.39,0,4,13.96,0.0,0,0,0
P10103,2023-07-01,2023-03-01,active,Whole Life,IL,urban,Bank,quarterly,1,66.3,70359.49,100000,163.19,122.39,0,3,10.96,0.0,0,0,0
P10103,2023-08-01,2023-03-01,active,Whole Life,IL,urban,Bank,quarterly,1,66.4,70359.49,100000,163.19,122.39,0,4,36.28,0.0,0,0,0
P10103,2023-09-01,2023-03-01,active,Whole Life,IL,urban,Bank,quarterly,1,66.5,70359.49,100000,163.19,122.39,0,4,39.05,0.0,0,0,0
P10103,2023-10-01,2023-03-01,active,Whole Life,IL,urban,Bank,quarterly,1,66.6,70359.49,100000,163.19,122.39,0,5,50.26,0.0,0,0,0
P10103,2023-11-01,2023-03-01,active,Whole Life,IL,urban,Bank,quarterly,1,66.7,70359.49,100000,163.19,122.39,1,3,49.11,0.0,0,0,0
P10103,2023-12-01,2023-03-01,active,Whole Life,IL,urban,Bank,quarterly,1,66.8,70359.49,100000,163.19,122.39,1,3,38.68,0.0,0,0,0
P10103,2024-01-01,2023-03-01,active,Whole Life,IL,urban,Bank,quarterly,1,66.8,70359.49,100000,163.19,122.39,1,5,63.42,0.0,0,0,0
P10103,2024-02-01,2023-03-01,active,Whole Life,IL,urban,Bank,quarterly,1,66.9,70359.49,100000,163.19,122.39,1,3,76.08,0.0,0,0,0
P10103,2024-03-01,2023-03-01,active,Whole Life,IL,urban,Bank,quarterly,1,67.0,70359.49,100000,163.19,81.59,1,3,54.66,0.0,0,0,0
P10103,2024-04-01,2023-03-01,active,Whole Life,IL,urban,Bank,quarterly,1,67.1,70359.49,100000,163.19,122.39,1,3,77.76,0.0,0,0,0
P10103,2024-05-01,2023-03-01,active,Whole Life,IL,urban,Bank,quarterly,1,67.2,70359.49,100000,163.19,122.39,0,4,41.61,0.0,0,0,0
P10103,2024-06-01,2023-03-01,active,Whole Life,IL,urban,Bank,quarterly,1,67.2,70359.49,100000,163.19,122.39,1,4,89.3,0.0,0,0,0
P10103,2024-07-01,2023-03-01,active,Whole Life,IL,urban,Bank,quarterly,1,67.3,70359.49,100000,163.19,122.39,0,3,66.44,0.0,0,0,0
P10103,2024-08-01,2023-03-01,active,Whole Life,IL,urban,Bank,quarterly,1,67.4,70359.49,100000,163.19,122.39,0,4,78.89,0.0,0,0,0
P10103,2024-09-01,2023-03-01,active,Whole Life,IL,urban,Bank,quarterly,1,67.5,70359.49,100000,163.19,122.39,0,4,124.34,0.0,0,0,0
P10103,2024-10-01,2023-03-01,active,Whole Life,IL,urban,Bank,quarterly,1,67.6,70359.49,100000,163.19,122.39,0,4,97.78,0.0,0,0,0
P10103,2024-11-01,2023-03-01,active,Whole Life,IL,urban,Bank,quarterly,1,67.7,70359.49,100000,163.19,81.59,0,4,128.21,0.0,0,0,0
P10103,2024-12-01,2023-03-01,active,Whole Life,IL,urban,Bank,quarterly,1,67.8,70359.49,100000,163.19,122.39,0,4,53.19,0.0,1,0,0
P10104,2023-01-01,2020-07-01,active,Whole Life,OH,urban,Bank,monthly,1,43.5,60648.61,500000,1307.89,326.97,0,3,466.59,220.54,0,0,0
P10104,2023-02-01,2020-07-01,active,Whole Life,OH,urban,Bank,monthly,1,43.6,60648.61,500000,1307.89,217.98,1,3,603.52,253.43,0,0,0
P10104,2023-03-01,2020-07-01,active,Whole Life,OH,urban,Bank,monthly,1,43.7,60648.61,500000,1307.89,326.97,2,2,534.95,0.0,0,0,0
P10104,2023-04-01,2020-07-01,active,Whole Life,OH,urban,Bank,monthly,1,43.8,60648.61,500000,1307.89,326.97,2,2,326.95,0.0,0,0,0
P10104,2023-05-01,2020-07-01,active,Whole Life,OH,urban,Bank,monthly,1,43.8,60648.61,500000,1307.89,326.97,2,2,418.45,0.0,0,0,0
P10104,2023-06-01,2020-07-01,active,Whole Life,OH,urban,Bank,monthly,1,43.9,60648.61,500000,1307.89,326.97,2,3,309.93,0.0,0,0,0
P10104,2023-07-01,2020-07-01,active,Whole Life,OH,urban,Bank,monthly,1,44.0,60648.61,500000,1307.89,217.98,2,2,237.57,0.0,0,0,0
P10104,2023-08-01,2020-07-01,active,Whole Life,OH,urban,Bank,monthly,1,44.1,60648.61,500000,1307.89,326.97,2,3,626.47,0.0,0,0,0
P10104,2023-09-01,2020-07-01,active,Whole Life,OH,urban,Bank,monthly,1,44.2,60648.61,500000,1307.89,326.97,2,4,741.73,0.0,0,0,0
P10104,2023-10-01,2020-07-01,active,Whole Life,OH,urban,Bank,monthly,1,44.2,60648.61,500000,1307.89,326.97,2,2,587.49,0.0,0,0,0
P10104,2023-11-01,2020-07-01,active,Whole Life,OH,urban,Bank,monthly,1,44.3,60648.61,500000,1307.89,326.97,2,2,487.15,0.0,0,0,0
P10104,2023-12-01,2020-07-01,active,Whole Life,OH,urban,Bank,monthly,1,44.4,60648.61,500000,1307.89,326.97,2,3,755.69,0.0,0,0,0
P10104,2024-01-01,2020-07-01,active,Whole Life,OH,urban,Bank,monthly,1,44.5,60648.61,500000,1307.89,326.97,1,2,676.28,0.0,0,0,0
P10104,2024-02-01,2020-07-01,active,Whole Life,OH,urban,Bank,monthly,1,44.6,60648.61,500000,1307.89,326.97,1,3,490.27,0.0,0,0,0
P10104,2024-03-01,2020-07-01,active,Whole Life,OH,urban,Bank,monthly,1,44.7,60648.61,500000,1307.89,326.97,1,2,366.9,0.0,0,0,0
P10104,2024-04-01,2020-07-01,active,Whole Life,OH,urban,Bank,monthly,1,44.8,60648.61,500000,1307.89,326.97,1,2,676.75,0.0,0,0,0
P10104,2024-05-01,2020-07-01,active,Whole Life,OH,urban,Bank,monthly,1,44.8,60648.61,500000,1307.89,326.97,1,3,864.1,0.0,1,0,0
P10104,2024-06-01,2020-07-01,active,Whole Life,OH,urban,Bank,monthly,1,44.9,60648.61,500000,1307.89,217.98,1,3,580.52,165.57,0,0,0
P10104,2024-07-01,2020-07-01,active,Whole Life,OH,urban,Bank,monthly,1,45.0,60648.61,500000,1307.89,326.97,0,3,688.68,286.46,0,0,0
P10104,2024-08-01,2020-07-01,active,Whole Life,OH,urban,Bank,monthly,1,45.1,60648.61,500000,1307.89,326.97,0,3,812.4,0.0,0,0,0
P10104,2024-09-01,2020-07-01,active,Whole Life,OH,urban,Bank,monthly,1,45.2,60648.61,500000,1307.89,326.97,0,2,918.75,0.0,0,0,0
P10104,2024-10-01,2020-07-01,active,Whole Life,OH,urban,Bank,monthly,1,45.2,60648.61,500000,1307.89,217.98,1,2,595.12,0.0,0,0,0
P10104,2024-11-01,2020-07-01,active,Whole Life,OH,urban,Bank,monthly,1,45.3,60648.61,500000,1307.89,326.97,1,2,1004.38,0.0,0,0,0
P10104,2024-12-01,2020-07-01,active,Whole Life,OH,urban,Bank,monthly,1,45.4,60648.61,500000,1307.89,326.97,1,2,1035.38,0.0,0,0,0
P10105,2023-01-01,2020-02-01,active,Indexed Universal Life,IL,urban,Agent,monthly,0,77.9,181692.9,500000,1751.16,437.79,0,0,744.1,0.0,1,0,0
P10105,2023-02-01,2020-02-01,active,Indexed Universal Life,IL,urban,Agent,monthly,0,78.0,181692.9,500000,1751.16,437.79,0,1,343.26,0.0,0,0,0
P10105,2023-03-01,2020-02-01,active,Indexed Universal Life,IL,urban,Agent,monthly,0,78.1,181692.9,500000,1751.16,437.79,0,0,609.03,0.0,0,0,0
P10105,2023-04-01,2020-02-01,active,Indexed Universal Life,IL,urban,Agent,monthly,0,78.2,181692.9,500000,1751.16,437.79,0,1,609.69,0.0,0,0,0
P10105,2023-05-01,2020-02-01,active,Indexed Universal Life,IL,urban,Agent,monthly,0,78.2,181692.9,500000,1751.16,291.86,0,0,712.23,0.0,0,0,0
P10105,2023-06-01,2020-02-01,active,Indexed Universal Life,IL,urban,Agent,monthly,0,78.3,181692.9,500000,1751.16,437.79,0,0,769.7,0.0,0,0,0
P10105,2023-07-01,2020-02-01,active,Indexed Universal Life,IL,urban,Agent,monthly,0,78.4,181692.9,500000,1751.16,437.79,0,0,668.55,0.0,0,0,0
P10105,2023-08-01,2020-02-01,active,Indexed Universal Life,IL,urban,Agent,monthly,0,78.5,181692.9,500000,1751.16,291.86,0,0,851.5,0.0,0,0,0
P10105,2023-09-01,2020-02-01,active,Indexed Universal Life,IL,urban,Agent,monthly,0,78.6,181692.9,500000,1751.16,437.79,0,2,1022.46,0.0,0,0,0
P10105,2023-10-01,2020-02-01,active,Indexed Universal Life,IL,urban,Agent,monthly,0,78.7,181692.9,500000,1751.16,437.79,0,1,760.77,0.0,0,0,0
P10105,2023-11-01,2020-02-01,active,Indexed Universal Life,IL,urban,Agent,monthly,0,78.8,181692.9,500000,1751.16,437.79,1,0,1170.92,0.0,0,0,0
P10105,2023-12-01,2020-02-01,active,Indexed Universal Life,IL,urban,Agent,monthly,0,78.8,181692.9,500000,1751.16,291.86,1,0,407.66,0.0,0,0,0
P10105,2024-01-01,2020-02-01,active,Indexed Universal Life,IL,urban,Agent,monthly,0,78.9,181692.9,500000,1751.16,437.79,0,1,898.88,0.0,0,0,0
P10105,2024-02-01,2020-02-01,active,Indexed Universal Life,IL,urban,Agent,monthly,0,79.0,181692.9,500000,1751.16,437.79,0,3,1091.24,0.0,0,0,0
P10105,2024-03-01,2020-02-01,active,Indexed Universal Life,IL,urban,Agent,monthly,0,79.1,181692.9,500000,1751.16,437.79,0,2,490.72,0.0,1,0,0
P10105,2024-04-01,2020-02-01,active,Indexed Universal Life,IL,urban,Agent,monthly,0,79.2,181692.9,500000,1751.16,437.79,1,0,919.26,0.0,0,0,0
P10105,2024-05-01,2020-02-01,active,Indexed Universal Life,IL,urban,Agent,monthly,0,79.2,181692.9,500000,1751.16,437.79,1,0,1179.38,0.0,0,0,0
P10105,2024-06-01,2020-02-01,active,Indexed Universal Life,IL,urban,Agent,monthly,0,79.3,181692.9,500000,1751.16,437.79,2,1,1328.12,0.0,1,0,0
P10105,2024-07-01,2020-02-01,active,Indexed Universal Life,IL,urban,Agent,monthly,0,79.4,181692.9,500000,1751.16,437.79,2,0,1083.6,436.92,0,0,0
P10105,2024-08-01,2020-02-01,active,Indexed Universal Life,IL,urban,Agent,monthly,0,79.5,181692.9,500000,1751.16,291.86,2,0,688.56,0.0,0,0,0
P10105,2024-09-01,2020-02-01,active,Indexed Universal Life,IL,urban,Agent,monthly,0,79.6,181692.9,500000,1751.16,437.79,3,1,544.42,0.0,0,0,0
P10105,2024-10-01,2020-02-01,active,Indexed Universal Life,IL,urban,Agent,monthly,0,79.7,181692.9,500000,1751.16,437.79,3,0,876.32,0.0,0,0,0
P10105,2024-11-01,2020-02-01,active,Indexed Universal Life,IL,urban,Agent,monthly,0,79.8,181692.9,500000,1751.16,437.79,3,0,1420.66,0.0,0,1,0
P10105,2024-12-01,2020-02-01,active,Indexed Universal Life,IL,urban,Agent,monthly,0,79.8,181692.9,500000,1751.16,437.79,3,1,756.46,0.0,0,0,0
P10106,2023-01-01,2023-07-01,active,Whole Life,IL,suburban,Agent,annual,1,42.0,62352.4,750000,323.84,971.53,0,0,0.0,0.0,0,0,0
P10106,2023-02-01,2023-07-01,active,Whole Life,IL,suburban,Agent,annual,1,42.0,62352.4,750000,323.84,647.69,0,0,0.0,0.0,0,0,0
P10106,2023-03-01,2023-07-01,active,Whole Life,IL,suburban,Agent,annual,1,42.0,62352.4,750000,323.84,971.53,1,1,0.0,0.0,0,0,0
P10106,2023-04-01,2023-07-01,active,Whole Life,IL,suburban,Agent,annual,1,42.0,62352.4,750000,323.84,971.53,0,1,0.0,0.0,0,0,0
P10106,2023-05-01,2023-07-01,active,Whole Life,IL,suburban,Agent,annual,1,42.0,62352.4,750000,323.84,971.53,0,0,0.0,0.0,0,0,0
P10106,2023-06-01,2023-07-01,active,Whole Life,IL,suburban,Agent,annual,1,42.0,62352.4,750000,323.84,647.69,0,1,0.0,0.0,0,0,0
P10106,2023-07-01,2023-07-01,active,Whole Life,IL,suburban,Agent,annual,1,42.0,62352.4,750000,323.84,971.53,0,0,0.0,0.0,0,0,0
P10106,2023-08-01,2023-07-01,active,Whole Life,IL,suburban,Agent,annual,1,42.1,62352.4,750000,323.84,971.53,0,0,46.11,0.0,0,0,0
P10106,2023-09-01,2023-07-01,active,Whole Life,IL,suburban,Agent,annual,1,42.2,62352.4,750000,323.84,971.53,0,0,110.18,0.0,0,0,0
P10106,2023-10-01,2023-07-01,active,Whole Life,IL,suburban,Agent,annual,1,42.2,62352.4,750000,323.84,971.53,0,1,115.75,0.0,0,0,0
P10106,2023-11-01,2023-07-01,active,Whole Life,IL,suburban,Agent,annual,1,42.3,62352.4,750000,323.84,971.53,0,1,178.13,0.0,0,0,0
P10106,2023-12-01,2023-07-01,active,Whole Life,IL,suburban,Agent,annual,1,42.4,62352.4,750000,323.84,971.53,0,1,261.64,28.86,1,0,0
P10106,2024-01-01,2023-07-01,active,Whole Life,IL,suburban,Agent,annual,1,42.5,62352.4,750000,323.84,971.53,0,0,285.83,0.0,0,0,0
P10106,2024-02-01,2023-07-01,active,Whole Life,IL,suburban,Agent,annual,1,42.6,62352.4,750000,323.84,647.69,0,1,186.26,0.0,0,0,0
P10106,2024-03-01,2023-07-01,active,Whole Life,IL,suburban,Agent,annual,1,42.7,62352.4,750000,323.84,971.53,0,1,251.09,0.0,1,0,0
P10106,2024-04-01,2023-07-01,active,Whole Life,IL,suburban,Agent,annual,1,42.8,62352.4,750000,323.84,647.69,0,0,351.81,0.0,1,0,0
P10106,2024-05-01,2023-07-01,active,Whole Life,IL,suburban,Agent,annual,1,42.8,62352.4,750000,323.84,647.69,0,0,406.02,0.0,0,0,0
P10106,2024-06-01,2023-07-01,active,Whole Life,IL,suburban,Agent,annual,1,42.9,62352.4,750000,323.84,971.53,0,0,299.51,0.0,0,0,0
P10106,2024-07-01,2023-07-01,active,Whole Life,IL,suburban,Agent,annual,1,43.0,62352.4,750000,323.84,971.53,1,1,349.07,0.0,0,0,0
P10106,2024-08-01,2023-07-01,active,Whole Life,IL,suburban,Agent,annual,1,43.1,62352.4,750000,323.84,971.53,1,2,417.41,0.0,0,0,0
P10106,2024-09-01,2023-07-01,active,Whole Life,IL,suburban,Agent,annual,1,43.2,62352.4,750000,323.84,971.53,1,1,636.55,0.0,0,0,0
P10106,2024-10-01,2023-07-01,active,Whole Life,IL,suburban,Agent,annual,1,43.2,62352.4,750000,323.84,971.53,0,2,456.39,0.0,0,0,0
P10106,2024-11-01,2023-07-01,active,Whole Life,IL,suburban,Agent,annual,1,43.3,62352.4,750000,323.84,971.53,0,3,805.4,0.0,0,0,0
P10106,2024-12-01,2023-07-01,active,Whole Life,IL,suburban,Agent,annual,1,43.4,62352.4,750000,323.84,647.69,0,2,478.34,0.0,0,0,0
P10107,2023-01-01,2015-10-01,active,Universal Life,NY,suburban,Agent,monthly,0,75.2,103932.48,150000,1439.22,359.81,0,4,780.63,0.0,0,0,0
P10107,2023-02-01,2015-10-01,active,Universal Life,NY,suburban,Agent,monthly,0,75.3,103932.48,150000,1439.22,359.81,0,5,1571.47,0.0,0,0,0
P10107,2023-03-01,2015-10-01,active,Universal Life,NY,suburban,Agent,monthly,0,75.4,103932.48,150000,1439.22,359.81,0,3,1553.01,0.0,0,0,0
P10107,2023-04-01,2015-10-01,active,Universal Life,NY,suburban,Agent,monthly,0,75.5,103932.48,150000,1439.22,239.87,1,4,1868.03,0.0,0,0,0
P10107,2023-05-01,2015-10-01,active,Universal Life,NY,suburban,Agent,monthly,0,75.6,103932.48,150000,1439.22,359.81,1,3,869.4,0.0,0,0,0
P10107,2023-06-01,2015-10-01,active,Universal Life,NY,suburban,Agent,monthly,0,75.7,103932.48,150000,1439.22,359.81,1,3,1665.48,0.0,0,0,0
P10107,2023-07-01,2015-10-01,active,Universal Life,NY,suburban,Agent,monthly,0,75.8,103932.48,150000,1439.22,359.81,1,3,1740.44,0.0,0,0,0
P10107,2023-08-01,2015-10-01,active,Universal Life,NY,suburban,Agent,monthly,0,75.8,103932.48,150000,1439.22,239.87,0,3,1569.55,0.0,0,0,0
P10107,2023-09-01,2015-10-01,active,Universal Life,NY,suburban,Agent,monthly,0,75.9,103932.48,150000,1439.22,359.81,0,4,1452.51,331.06,0,0,0
P10107,2023-10-01,2015-10-01,active,Universal Life,NY,suburban,Agent,monthly,0,76.0,103932.48,150000,1439.22,239.87,0,3,2016.38,0.0,0,0,0
P10107,2023-11-01,2015-10-01,active,Universal Life,NY,suburban,Agent,monthly,0,76.1,103932.48,150000,1439.22,359.81,0,4,1134.33,0.0,0,0,0
P10107,2023-12-01,2015-10-01,active,Universal Life,NY,suburban,Agent,monthly,0,76.2,103932.48,150000,1439.22,359.81,0,4,1059.49,460.44,0,0,0
P10107,2024-01-01,2015-10-01,active,Universal Life,NY,suburban,Agent,monthly,0,76.2,103932.48,150000,1439.22,359.81,0,6,1774.97,0.0,0,0,0
P10107,2024-02-01,2015-10-01,active,Universal Life,NY,suburban,Agent,monthly,0,76.3,103932.48,150000,1439.22,359.81,0,4,2055.18,0.0,0,0,0
P10107,2024-03-01,2015-10-01,active,Universal Life,NY,suburban,Agent,monthly,0,76.4,103932.48,150000,1439.22,239.87,0,6,995.74,0.0,0,0,0
P10107,2024-04-01,2015-10-01,active,Universal Life,NY,suburban,Agent,monthly,0,76.5,103932.48,150000,1439.22,359.81,0,3,1677.55,0.0,0,0,0
P10107,2024-05-01,2015-10-01,active,Universal Life,NY,suburban,Agent,monthly,0,76.6,103932.48,150000,1439.22,359.81,1,4,1630.85,0.0,0,0,0
P10107,2024-06-01,2015-10-01,active,Universal Life,NY,suburban,Agent,monthly,0,76.7,103932.48,150000,1439.22,359.81,0,3,933.03,0.0,0,0,0
P10107,2024-07-01,2015-10-01,active,Universal Life,NY,suburban,Agent,monthly,0,76.8,103932.48,150000,1439.22,359.81,0,3,974.07,0.0,0,0,0
P10107,2024-08-01,2015-10-01,active,Universal Life,NY,suburban,Agent,monthly,0,76.8,103932.48,150000,1439.22,359.81,0,3,1793.04,0.0,0,0,0
P10107,2024-09-01,2015-10-01,active,Universal Life,NY,suburban,Agent,monthly,0,76.9,103932.48,150000,1439.22,239.87,0,3,1136.19,0.0,0,0,0
P10107,2024-10-01,2015-10-01,active,Universal Life,NY,suburban,Agent,monthly,0,77.0,103932.48,150000,1439.22,359.81,0,4,1190.81,0.0,0,0,1
P10107,2024-11-01,2015-10-01,lapsed,Universal Life,NY,suburban,Agent,monthly,0,77.1,103932.48,150000,1439.22,359.81,0,3,1401.01,0.0,0,0,0
P10107,2024-12-01,2015-10-01,lapsed,Universal Life,NY,suburban,Agent,monthly,0,77.2,103932.48,150000,1439.22,359.81,1,4,1228.27,0.0,0,0,0
P10108,2023-01-01,2015-07-01,active,Indexed Universal Life,AZ,rural,Agent,monthly,0,67.5,88747.97,500000,3009.61,501.6,0,2,4023.84,0.0,1,0,0
P10108,2023-02-01,2015-07-01,active,Indexed Universal Life,AZ,rural,Agent,monthly,0,67.6,88747.97,500000,3009.61,752.4,0,2,1417.25,0.0,0,0,0
P10108,2023-03-01,2015-07-01,active,Indexed Universal Life,AZ,rural,Agent,monthly,0,67.7,88747.97,500000,3009.61,752.4,0,2,1462.46,0.0,0,0,0
P10108,2023-04-01,2015-07-01,active,Indexed Universal Life,AZ,rural,Agent,monthly,0,67.8,88747.97,500000,3009.61,501.6,0,4,4050.88,0.0,0,1,0
P10108,2023-05-01,2015-07-01,active,Indexed Universal Life,AZ,rural,Agent,monthly,0,67.8,88747.97,500000,3009.61,752.4,0,2,3559.94,0.0,0,0,0
P10108,2023-06-01,2015-07-01,active,Indexed Universal Life,AZ,rural,Agent,monthly,0,67.9,88747.97,500000,3009.61,752.4,0,3,3375.12,0.0,1,0,0
P10108,2023-07-01,2015-07-01,active,Indexed Universal Life,AZ,rural,Agent,monthly,0,68.0,88747.97,500000,3009.61,752.4,0,2,2926.07,0.0,0,0,0
P10108,2023-08-01,2015-07-01,active,Indexed Universal Life,AZ,rural,Agent,monthly,0,68.1,88747.97,500000,3009.61,752.4,0,3,2451.6,0.0,0,0,0
P10108,2023-09-01,2015-07-01,active,Indexed Universal Life,AZ,rural,Agent,monthly,0,68.2,88747.97,500000,3009.61,752.4,0,2,3068.47,0.0,1,0,0
P10108,2023-10-01,2015-07-01,active,Indexed Universal Life,AZ,rural,Agent,monthly,0,68.2,88747.97,500000,3009.61,752.4,0,2,3858.62,0.0,0,0,0
P10108,2023-11-01,2015-07-01,active,Indexed Universal Life,AZ,rural,Agent,monthly,0,68.3,88747.97,500000,3009.61,752.4,1,2,4486.02,0.0,0,0,0
P10108,2023-12-01,2015-07-01,active,Indexed Universal Life,AZ,rural,Agent,monthly,0,68.4,88747.97,500000,3009.61,501.6,1,3,1994.91,0.0,0,1,0
P10108,2024-01-01,2015-07-01,active,Indexed Universal Life,AZ,rural,Agent,monthly,0,68.5,88747.97,500000,3009.61,752.4,2,2,3748.11,0.0,0,0,0
P10108,2024-02-01,2015-07-01,active,Indexed Universal Life,AZ,rural,Agent,monthly,0,68.6,88747.97,500000,3009.61,752.4,3,2,2927.4,1456.36,0,0,0
P10108,2024-03-01,2015-07-01,active,Indexed Universal Life,AZ,rural,Agent,monthly,0,68.7,88747.97,500000,3009.61,501.6,3,2,4253.17,0.0,0,0,0
P10108,2024-04-01,2015-07-01,active,Indexed Universal Life,AZ,rural,Agent,monthly,0,68.8,88747.97,500000,3009.61,752.4,3,2,3061.56,0.0,1,0,0
P10108,2024-05-01,2015-07-01,active,Indexed Universal Life,AZ,rural,Agent,monthly,0,68.8,88747.97,500000,3009.61,752.4,3,2,4199.6,0.0,0,0,0
P10108,2024-06-01,2015-07-01,active,Indexed Universal Life,AZ,rural,Agent,monthly,0,68.9,88747.97,500000,3009.61,752.4,3,3,1710.19,0.0,0,0,0
P10108,2024-07-01,2015-07-01,active,Indexed Universal Life,AZ,rural,Agent,monthly,0,69.0,88747.97,500000,3009.61,501.6,3,3,3553.73,0.0,0,0,0
P10108,2024-08-01,2015-07-01,active,Indexed Universal Life,AZ,rural,Agent,monthly,0,69.1,88747.97,500000,3009.61,752.4,3,3,3987.29,0.0,0,0,0
P10108,2024-09-01,2015-07-01,active,Indexed Universal Life,AZ,rural,Agent,monthly,0,69.2,88747.97,500000,3009.61,752.4,3,3,4507.69,0.0,0,0,0
P10108,2024-10-01,2015-07-01,active,Indexed Universal Life,AZ,rural,Agent,monthly,0,69.2,88747.97,500000,3009.61,501.6,4,3,4499.32,0.0,0,0,0
P10108,2024-11-01,2015-07-01,active,Indexed Universal Life,AZ,rural,Agent,monthly,0,69.3,88747.97,500000,3009.61,752.4,4,3,4308.04,0.0,0,0,0
P10108,2024-12-01,2015-07-01,active,Indexed Universal Life,AZ,rural,Agent,monthly,0,69.4,88747.97,500000,3009.61,752.4,3,2,1708.98,0.0,0,0,0
P10109,2023-01-01,2023-11-01,active,Whole Life,GA,urban,Bank,monthly,0,46.0,43410.3,150000,766.01,191.5,0,3,0.0,0.0,0,0,0
P10109,2023-02-01,2023-11-01,active,Whole Life,GA,urban,Bank,monthly,0,46.0,43410.3,150000,766.01,191.5,0,2,0.0,0.0,0,0,0
P10109,2023-03-01,2023-11-01,active,Whole Life,GA,urban,Bank,monthly,0,46.0,43410.3,150000,766.01,191.5,0,1,0.0,0.0,0,0,0
P10109,2023-04-01,2023-11-01,active,Whole Life,GA,urban,Bank,monthly,0,46.0,43410.3,150000,766.01,127.67,0,2,0.0,0.0,0,0,0
P10109,2023-05-01,2023-11-01,active,Whole Life,GA,urban,Bank,monthly,0,46.0,43410.3,150000,766.01,191.5,0,2,0.0,0.0,0,0,0
P10109,2023-06-01,2023-11-01,active,Whole Life,GA,urban,Bank,monthly,0,46.0,43410.3,150000,766.01,191.5,1,1,0.0,0.0,0,0,0
P10109,2023-07-01,2023-11-01,active,Whole Life,GA,urban,Bank,monthly,0,46.0,43410.3,150000,766.01,191.5,1,3,0.0,0.0,0,0,0
P10109,2023-08-01,2023-11-01,active,Whole Life,GA,urban,Bank,monthly,0,46.0,43410.3,150000,766.01,191.5,1,3,0.0,0.0,0,0,0
P10109,2023-09-01,2023-11-01,active,Whole Life,GA,urban,Bank,monthly,0,46.0,43410.3,150000,766.01,191.5,1,1,0.0,0.0,0,0,0
P10109,2023-10-01,2023-11-01,active,Whole Life,GA,urban,Bank,monthly,0,46.0,43410.3,150000,766.01,191.5,1,1,0.0,0.0,0,1,0
P10109,2023-11-01,2023-11-01,active,Whole Life,GA,urban,Bank,monthly,0,46.0,43410.3,150000,766.01,127.67,0,2,0.0,0.0,0,0,0
P10109,2023-12-01,2023-11-01,active,Whole Life,GA,urban,Bank,monthly,0,46.1,43410.3,150000,766.01,191.5,0,2,7.77,0.0,0,0,0
P10109,2024-01-01,2023-11-01,active,Whole Life,GA,urban,Bank,monthly,0,46.2,43410.3,150000,766.01,127.67,0,1,13.45,4.17,0,0,0
P10109,2024-02-01,2023-11-01,active,Whole Life,GA,urban,Bank,monthly,0,46.2,43410.3,150000,766.01,127.67,0,1,29.56,0.0,1,0,0
P10109,2024-03-01,2023-11-01,active,Whole Life,GA,urban,Bank,monthly,0,46.3,43410.3,150000,766.01,191.5,0,1,45.61,0.0,0,0,0
P10109,2024-04-01,2023-11-01,active,Whole Life,GA,urban,Bank,monthly,0,46.4,43410.3,150000,766.01,191.5,1,1,48.06,0.0,0,0,0
P10109,2024-05-01,2023-11-01,active,Whole Life,GA,urban,Bank,monthly,0,46.5,43410.3,150000,766.01,127.67,1,1,22.99,0.0,0,0,0
P10109,2024-06-01,2023-11-01,active,Whole Life,GA,urban,Bank,monthly,0,46.6,43410.3,150000,766.01,191.5,0,1,54.28,0.0,0,0,0
P10109,2024-07-01,2023-11-01,active,Whole Life,GA,urban,Bank,monthly,0,46.7,43410.3,150000,766.01,191.5,0,2,53.42,0.0,0,0,0
P10109,2024-08-01,2023-11-01,active,Whole Life,GA,urban,Bank,monthly,0,46.8,43410.3,150000,766.01,191.5,0,2,61.28,0.0,0,0,0
P10109,2024-09-01,2023-11-01,active,Whole Life,GA,urban,Bank,monthly,0,46.8,43410.3,150000,766.01,191.5,0,1,40.11,0.0,0,0,0
P10109,2024-10-01,2023-11-01,active,Whole Life,GA,urban,Bank,monthly,0,46.9,43410.3,150000,766.01,191.5,1,4,80.94,0.0,0,0,0
P10109,2024-11-01,2023-11-01,active,Whole Life,GA,urban,Bank,monthly,0,47.0,43410.3,150000,766.01,191.5,2,1,86.34,25.02,0,0,0
P10109,2024-12-01,2023-11-01,active,Whole Life,GA,urban,Bank,monthly,0,47.1,43410.3,150000,766.01,191.5,2,3,138.62,0.0,0,0,0
P10110,2023-01-01,2019-08-01,active,Universal Life,OH,urban,Bank,monthly,1,45.4,59061.03,500000,3554.52,888.63,0,1,1610.38,0.0,0,0,0
P10110,2023-02-01,2019-08-01,active,Universal Life,OH,urban,Bank,monthly,1,45.5,59061.03,500000,3554.52,888.63,0,2,1061.87,0.0,0,0,0
P10110,2023-03-01,2019-08-01,active,Universal Life,OH,urban,Bank,monthly,1,45.6,59061.03,500000,3554.52,888.63,0,1,1980.43,0.0,0,0,0
P10110,2023-04-01,2019-08-01,active,Universal Life,OH,urban,Bank,monthly,1,45.7,59061.03,500000,3554.52,888.63,0,2,870.75,0.0,0,0,0
P10110,2023-05-01,2019-08-01,active,Universal Life,OH,urban,Bank,monthly,1,45.8,59061.03,500000,3554.52,888.63,0,1,2357.2,0.0,0,0,0
P10110,2023-06-01,2019-08-01,active,Universal Life,OH,urban,Bank,monthly,1,45.8,59061.03,500000,3554.52,888.63,1,1,1707.47,0.0,0,0,0
P10110,2023-07-01,2019-08-01,active,Universal Life,OH,urban,Bank,monthly,1,45.9,59061.03,500000,3554.52,888.63,1,1,979.29,0.0,0,0,0
P10110,2023-08-01,2019-08-01,active,Universal Life,OH,urban,Bank,monthly,1,46.0,59061.03,500000,3554.52,888.63,1,2,1933.16,0.0,0,0,0
P10110,2023-09-01,2019-08-01,active,Universal Life,OH,urban,Bank,monthly,1,46.1,59061.03,500000,3554.52,888.63,1,3,2253.92,0.0,0,0,0
P10110,2023-10-01,2019-08-01,active,Universal Life,OH,urban,Bank,monthly,1,46.2,59061.03,500000,3554.52,888.63,1,2,1683.49,0.0,0,0,0
P10110,2023-11-01,2019-08-01,active,Universal Life,OH,urban,Bank,monthly,1,46.2,59061.03,500000,3554.52,888.63,1,2,2351.4,0.0,0,0,0
P10110,2023-12-01,2019-08-01,active,Universal Life,OH,urban,Bank,monthly,1,46.3,59061.03,500000,3554.52,888.63,1,1,1102.77,0.0,0,0,0
P10110,2024-01-01,2019-08-01,active,Universal Life,OH,urban,Bank,monthly,1,46.4,59061.03,500000,3554.52,888.63,1,2,2554.73,0.0,0,0,0
P10110,2024-02-01,2019-08-01,active,Universal Life,OH,urban,Bank,monthly,1,46.5,59061.03,500000,3554.52,888.63,1,1,2528.76,0.0,0,1,0
P10110,2024-03-01,2019-08-01,active,Universal Life,OH,urban,Bank,monthly,1,46.6,59061.03,500000,3554.52,888.63,1,3,2886.83,0.0,0,0,0
P10110,2024-04-01,2019-08-01,active,Universal Life,OH,urban,Bank,monthly,1,46.7,59061.03,500000,3554.52,888.63,1,1,1301.81,0.0,0,0,0
P10110,2024-05-01,2019-08-01,active,Universal Life,OH,urban,Bank,monthly,1,46.8,59061.03,500000,3554.52,888.63,0,1,2539.81,0.0,0,0,0
P10110,2024-06-01,2019-08-01,active,Universal Life,OH,urban,Bank,monthly,1,46.8,59061.03,500000,3554.52,592.42,0,2,1525.67,0.0,0,0,0
P10110,2024-07-01,2019-08-01,active,Universal Life,OH,urban,Bank,monthly,1,46.9,59061.03,500000,3554.52,888.63,0,1,2033.78,0.0,0,0,0
P10110,2024-08-01,2019-08-01,active,Universal Life,OH,urban,Bank,monthly,1,47.0,59061.03,500000,3554.52,888.63,1,1,2481.85,0.0,0,1,0
P10110,2024-09-01,2019-08-01,active,Universal Life,OH,urban,Bank,monthly,1,47.1,59061.03,500000,3554.52,888.63,1,1,2915.98,0.0,0,0,0
P10110,2024-10-01,2019-08-01,active,Universal Life,OH,urban,Bank,monthly,1,47.2,59061.03,500000,3554.52,888.63,1,1,1608.54,0.0,0,0,0
P10110,2024-11-01,2019-08-01,active,Universal Life,OH,urban,Bank,monthly,1,47.2,59061.03,500000,3554.52,888.63,1,1,3036.29,0.0,0,0,0
P10110,2024-12-01,2019-08-01,active,Universal Life,OH,urban,Bank,monthly,1,47.3,59061.03,500000,3554.52,888.63,0,3,1255.51,0.0,0,0,0
P10111,2023-01-01,2022-12-01,active,Universal Life,IL,suburban,Broker,monthly,1,62.1,83255.47,150000,793.14,198.29,0,3,9.64,0.0,0,0,0
P10111,2023-02-01,2022-12-01,active,Universal Life,IL,suburban,Broker,monthly,1,62.2,83255.47,150000,793.14,198.29,0,2,20.19,0.0,0,0,0
P10111,2023-03-01,2022-12-01,active,Universal Life,IL,suburban,Broker,monthly,1,62.2,83255.47,150000,793.14,198.29,0,3,24.72,0.0,1,0,0
P10111,2023-04-01,2022-12-01,active,Universal Life,IL,suburban,Broker,monthly,1,62.3,83255.47,150000,793.14,198.29,0,3,19.23,0.0,1,0,0
P10111,2023-05-01,2022-12-01,active,Universal Life,IL,suburban,Broker,monthly,1,62.4,83255.47,150000,793.14,198.29,0,2,40.39,0.0,0,0,0
P10111,2023-06-01,2022-12-01,active,Universal Life,IL,suburban,Broker,monthly,1,62.5,83255.47,150000,793.14,198.29,0,3,34.99,0.0,0,0,0
P10111,2023-07-01,2022-12-01,active,Universal Life,IL,suburban,Broker,monthly,1,62.6,83255.47,150000,793.14,132.19,0,4,31.21,0.0,0,0,0
P10111,2023-08-01,2022-12-01,active,Universal Life,IL,suburban,Broker,monthly,1,62.7,83255.47,150000,793.14,198.29,0,3,47.42,0.0,0,0,0
P10111,2023-09-01,2022-12-01,active,Universal Life,IL,suburban,Broker,monthly,1,62.8,83255.47,150000,793.14,198.29,0,2,83.45,0.0,1,0,0
P10111,2023-10-01,2022-12-01,active,Universal Life,IL,suburban,Broker,monthly,1,62.8,83255.47,150000,793.14,198.29,0,3,61.13,0.0,0,0,0
P10111,2023-11-01,2022-12-01,active,Universal Life,IL,suburban,Broker,monthly,1,62.9,83255.47,150000,793.14,198.29,0,3,58.5,0.0,0,0,0
P10111,2023-12-01,2022-12-01,active,Universal Life,IL,suburban,Broker,monthly,1,63.0,83255.47,150000,793.14,198.29,0,3,89.48,0.0,0,0,0
P10111,2024-01-01,2022-12-01,active,Universal Life,IL,suburban,Broker,monthly,1,63.1,83255.47,150000,793.14,198.29,0,3,118.33,0.0,1,0,0
P10111,2024-02-01,2022-12-01,active,Universal Life,IL,suburban,Broker,monthly,1,63.2,83255.47,150000,793.14,198.29,0,2,148.7,0.0,0,0,0
P10111,2024-03-01,2022-12-01,active,Universal Life,IL,suburban,Broker,monthly,1,63.2,83255.47,150000,793.14,198.29,0,3,62.54,0.0,0,0,0
P10111,2024-04-01,2022-12-01,active,Universal Life,IL,suburban,Broker,monthly,1,63.3,83255.47,150000,793.14,198.29,1,4,127.22,31.16,0,0,0
P10111,2024-05-01,2022-12-01,active,Universal Life,IL,suburban,Broker,monthly,1,63.4,83255.47,150000,793.14,198.29,1,2,140.46,0.0,0,1,0
P10111,2024-06-01,2022-12-01,active,Universal Life,IL,suburban,Broker,monthly,1,63.5,83255.47,150000,793.14,198.29,1,3,196.94,0.0,0,0,0
P10111,2024-07-01,2022-12-01,active,Universal Life,IL,suburban,Broker,monthly,1,63.6,83255.47,150000,793.14,198.29,1,2,130.11,0.0,0,0,0
P10111,2024-08-01,2022-12-01,active,Universal Life,IL,suburban,Broker,monthly,1,63.7,83255.47,150000,793.14,198.29,1,3,138.39,0.0,0,0,0
P10111,2024-09-01,2022-12-01,active,Universal Life,IL,suburban,Broker,monthly,1,63.8,83255.47,150000,793.14,198.29,1,3,193.98,0.0,0,0,0
P10111,2024-10-01,2022-12-01,active,Universal Life,IL,suburban,Broker,monthly,1,63.8,83255.47,150000,793.14,198.29,1,2,117.5,0.0,0,0,0
P10111,2024-11-01,2022-12-01,active,Universal Life,IL,suburban,Broker,monthly,1,63.9,83255.47,150000,793.14,198.29,1,4,104.92,0.0,1,0,0
P10111,2024-12-01,2022-12-01,active,Universal Life,IL,suburban,Broker,monthly,1,64.0,83255.47,150000,793.14,198.29,0,2,112.37,0.0,0,0,0
P10112,2023-01-01,2018-08-01,active,Whole Life,AZ,urban,Direct,monthly,1,75.4,53162.93,100000,651.77,162.94,0,2,267.84,0.0,0,0,0
P10112,2023-02-01,2018-08-01,active,Whole Life,AZ,urban,Direct,monthly,1,75.5,53162.93,100000,651.77,162.94,0,3,488.12,0.0,0,0,0
P10112,2023-03-01,2018-08-01,active,Whole Life,AZ,urban,Direct,monthly,1,75.6,53162.93,100000,651.77,108.63,0,4,225.25,0.0,0,0,0
P10112,2023-04-01,2018-08-01,active,Whole Life,AZ,urban,Direct,monthly,1,75.7,53162.93,100000,651.77,162.94,0,4,389.83,0.0,0,0,0
P10112,2023-05-01,2018-08-01,active,Whole Life,AZ,urban,Direct,monthly,1,75.8,53162.93,100000,651.77,162.94,0,2,204.89,0.0,0,0,0
P10112,2023-06-01,2018-08-01,active,Whole Life,AZ,urban,Direct,monthly,1,75.8,53162.93,100000,651.77,162.94,0,2,274.49,0.0,0,0,0
P10112,2023-07-01,2018-08-01,active,Whole Life,AZ,urban,Direct,monthly,1,75.9,53162.93,100000,651.77,162.94,1,2,374.0,0.0,0,0,0
P10112,2023-08-01,2018-08-01,active,Whole Life,AZ,urban,Direct,monthly,1,76.0,53162.93,100000,651.77,108.63,2,3,297.92,0.0,1,0,0
P10112,2023-09-01,2018-08-01,active,Whole Life,AZ,urban,Direct,monthly,1,76.1,53162.93,100000,651.77,162.94,1,2,442.38,0.0,0,0,0
P10112,2023-10-01,2018-08-01,active,Whole Life,AZ,urban,Direct,monthly,1,76.2,53162.93,100000,651.77,162.94,1,2,403.71,0.0,0,0,0
P10112,2023-11-01,2018-08-01,active,Whole Life,AZ,urban,Direct,monthly,1,76.2,53162.93,100000,651.77,162.94,1,3,481.27,0.0,0,0,0
P10112,2023-12-01,2018-08-01,active,Whole Life,AZ,urban,Direct,monthly,1,76.3,53162.93,100000,651.77,162.94,1,3,246.83,0.0,0,0,0
P10112,2024-01-01,2018-08-01,active,Whole Life,AZ,urban,Direct,monthly,1,76.4,53162.93,100000,651.77,162.94,1,3,441.4,0.0,0,0,0
P10112,2024-02-01,2018-08-01,active,Whole Life,AZ,urban,Direct,monthly,1,76.5,53162.93,100000,651.77,162.94,1,3,499.7,0.0,0,0,0
P10112,2024-03-01,2018-08-01,active,Whole Life,AZ,urban,Direct,monthly,1,76.6,53162.93,100000,651.77,162.94,1,3,652.26,0.0,0,0,0
P10112,2024-04-01,2018-08-01,active,Whole Life,AZ,urban,Direct,monthly,1,76.7,53162.93,100000,651.77,162.94,1,2,496.71,0.0,0,0,0
P10112,2024-05-01,2018-08-01,active,Whole Life,AZ,urban,Direct,monthly,1,76.8,53162.93,100000,651.77,162.94,1,2,549.52,0.0,0,0,0
P10112,2024-06-01,2018-08-01,active,Whole Life,AZ,urban,Direct,monthly,1,76.8,53162.93,100000,651.77,162.94,0,3,310.33,0.0,0,0,0
P10112,2024-07-01,2018-08-01,active,Whole Life,AZ,urban,Direct,monthly,1,76.9,53162.93,100000,651.77,162.94,0,3,338.06,0.0,0,0,0
P10112,2024-08-01,2018-08-01,active,Whole Life,AZ,urban,Direct,monthly,1,77.0,53162.93,100000,651.77,162.94,0,2,374.7,0.0,0,0,0
P10112,2024-09-01,2018-08-01,active,Whole Life,AZ,urban,Direct,monthly,1,77.1,53162.93,100000,651.77,162.94,0,4,519.8,0.0,0,0,0
P10112,2024-10-01,2018-08-01,active,Whole Life,AZ,urban,Direct,monthly,1,77.2,53162.93,100000,651.77,162.94,0,3,639.69,0.0,0,0,0
P10112,2024-11-01,2018-08-01,active,Whole Life,AZ,urban,Direct,monthly,1,77.2,53162.93,100000,651.77,162.94,0,3,554.7,0.0,0,0,0
P10112,2024-12-01,2018-08-01,active,Whole Life,AZ,urban,Direct,monthly,1,77.3,53162.93,100000,651.77,162.94,0,2,286.21,0.0,0,0,0
P10113,2023-01-01,2019-06-01,active,Term Life,CA,urban,Broker,quarterly,1,31.6,79234.44,250000,191.85,143.89,0,3,0.0,0.0,0,0,0
P10113,2023-02-01,2019-06-01,active,Term Life,CA,urban,Broker,quarterly,1,31.7,79234.44,250000,191.85,95.92,0,2,0.0,0.0,0,0,0
P10113,2023-03-01,2019-06-01,active,Term Life,CA,urban,Broker,quarterly,1,31.8,79234.44,250000,191.85,143.89,0,3,0.0,0.0,1,0,0
P10113,2023-04-01,2019-06-01,active,Term Life,CA,urban,Broker,quarterly,1,31.8,79234.44,250000,191.85,143.89,0,2,0.0,0.0,0,0,0
P10113,2023-05-01,2019-06-01,active,Term Life,CA,urban,Broker,quarterly,1,31.9,79234.44,250000,191.85,143.89,0,2,0.0,0.0,0,0,0
P10113,2023-06-01,2019-06-01,active,Term Life,CA,urban,Broker,quarterly,1,32.0,79234.44,250000,191.85,95.92,1,4,0.0,0.0,0,0,0
P10113,2023-07-01,2019-06-01,active,Term Life,CA,urban,Broker,quarterly,1,32.1,79234.44,250000,191.85,143.89,0,3,0.0,0.0,0,0,0
P10113,2023-08-01,2019-06-01,active,Term Life,CA,urban,Broker,quarterly,1,32.2,79234.44,250000,191.85,143.89,0,2,0.0,0.0,0,1,0
P10113,2023-09-01,2019-06-01,active,Term Life,CA,urban,Broker,quarterly,1,32.2,79234.44,250000,191.85,143.89,0,3,0.0,0.0,0,0,0
P10113,2023-10-01,2019-06-01,active,Term Life,CA,urban,Broker,quarterly,1,32.3,79234.44,250000,191.85,143.89,1,3,0.0,0.0,0,0,0
P10113,2023-11-01,2019-06-01,active,Term Life,CA,urban,Broker,quarterly,1,32.4,79234.44,250000,191.85,143.89,1,2,0.0,0.0,0,0,0
P10113,2023-12-01,2019-06-01,active,Term Life,CA,urban,Broker,quarterly,1,32.5,79234.44,250000,191.85,95.92,1,3,0.0,0.0,0,0,0
P10113,2024-01-01,2019-06-01,active,Term Life,CA,urban,Broker,quarterly,1,32.6,79234.44,250000,191.85,143.89,1,3,0.0,0.0,0,0,0
P10113,2024-02-01,2019-06-01,active,Term Life,CA,urban,Broker,quarterly,1,32.7,79234.44,250000,191.85,143.89,1,2,0.0,0.0,0,0,0
P10113,2024-03-01,2019-06-01,active,Term Life,CA,urban,Broker,quarterly,1,32.8,79234.44,250000,191.85,95.92,0,3,0.0,0.0,0,0,0
P10113,2024-04-01,2019-06-01,active,Term Life,CA,urban,Broker,quarterly,1,32.8,79234.44,250000,191.85,143.89,0,2,0.0,0.0,0,0,0
P10113,2024-05-01,2019-06-01,active,Term Life,CA,urban,Broker,quarterly,1,32.9,79234.44,250000,191.85,143.89,0,2,0.0,0.0,1,0,0
P10113,2024-06-01,2019-06-01,active,Term Life,CA,urban,Broker,quarterly,1,33.0,79234.44,250000,191.85,143.89,0,2,0.0,0.0,0,0,0
P10113,2024-07-01,2019-06-01,active,Term Life,CA,urban,Broker,quarterly,1,33.1,79234.44,250000,191.85,143.89,0,3,0.0,0.0,0,0,0
P10113,2024-08-01,2019-06-01,active,Term Life,CA,urban,Broker,quarterly,1,33.2,79234.44,250000,191.85,143.89,0,3,0.0,0.0,0,0,0
P10113,2024-09-01,2019-06-01,active,Term Life,CA,urban,Broker,quarterly,1,33.2,79234.44,250000,191.85,95.92,0,3,0.0,0.0,0,0,0
P10113,2024-10-01,2019-06-01,active,Term Life,CA,urban,Broker,quarterly,1,33.3,79234.44,250000,191.85,143.89,0,2,0.0,0.0,0,0,0
P10113,2024-11-01,2019-06-01,active,Term Life,CA,urban,Broker,quarterly,1,33.4,79234.44,250000,191.85,143.89,0,4,0.0,0.0,0,0,0
P10113,2024-12-01,2019-06-01,active,Term Life,CA,urban,Broker,quarterly,1,33.5,79234.44,250000,191.85,143.89,0,2,0.0,0.0,1,0,0
P10114,2023-01-01,2017-10-01,active,Term Life,IL,suburban,Agent,annual,1,57.2,55601.28,100000,32.36,97.09,0,2,0.0,0.0,0,0,0
P10114,2023-02-01,2017-10-01,active,Term Life,IL,suburban,Agent,annual,1,57.3,55601.28,100000,32.36,97.09,1,2,0.0,0.0,0,0,0
P10114,2023-03-01,2017-10-01,active,Term Life,IL,suburban,Agent,annual,1,57.4,55601.28,100000,32.36,97.09,1,2,0.0,0.0,0,0,0
P10114,2023-04-01,2017-10-01,active,Term Life,IL,suburban,Agent,annual,1,57.5,55601.28,100000,32.36,97.09,1,2,0.0,0.0,0,0,0
P10114,2023-05-01,2017-10-01,active,Term Life,IL,suburban,Agent,annual,1,57.6,55601.28,100000,32.36,97.09,1,4,0.0,0.0,0,0,0
P10114,2023-06-01,2017-10-01,active,Term Life,IL,suburban,Agent,annual,1,57.7,55601.28,100000,32.36,97.09,1,2,0.0,0.0,0,0,0
P10114,2023-07-01,2017-10-01,active,Term Life,IL,suburban,Agent,annual,1,57.8,55601.28,100000,32.36,97.09,1,3,0.0,0.0,0,0,0
P10114,2023-08-01,2017-10-01,active,Term Life,IL,suburban,Agent,annual,1,57.8,55601.28,100000,32.36,97.09,1,2,0.0,0.0,0,0,0
P10114,2023-09-01,2017-10-01,active,Term Life,IL,suburban,Agent,annual,1,57.9,55601.28,100000,32.36,64.73,1,2,0.0,0.0,0,0,0
P10114,2023-10-01,2017-10-01,active,Term Life,IL,suburban,Agent,annual,1,58.0,55601.28,100000,32.36,97.09,1,2,0.0,0.0,0,0,0
P10114,2023-11-01,2017-10-01,active,Term Life,IL,suburban,Agent,annual,1,58.1,55601.28,100000,32.36,97.09,1,3,0.0,0.0,0,0,0
P10114,2023-12-01,2017-10-01,active,Term Life,IL,suburban,Agent,annual,1,58.2,55601.28,100000,32.36,64.73,1,3,0.0,0.0,0,0,0
P10114,2024-01-01,2017-10-01,active,Term Life,IL,suburban,Agent,annual,1,58.2,55601.28,100000,32.36,97.09,1,2,0.0,0.0,0,0,0
P10114,2024-02-01,2017-10-01,active,Term Life,IL,suburban,Agent,annual,1,58.3,55601.28,100000,32.36,97.09,1,2,0.0,0.0,0,0,0
P10114,2024-03-01,2017-10-01,active,Term Life,IL,suburban,Agent,annual,1,58.4,55601.28,100000,32.36,97.09,0,5,0.0,0.0,0,0,0
P10114,2024-04-01,2017-10-01,active,Term Life,IL,suburban,Agent,annual,1,58.5,55601.28,100000,32.36,97.09,0,4,0.0,0.0,0,0,0
P10114,2024-05-01,2017-10-01,active,Term Life,IL,suburban,Agent,annual,1,58.6,55601.28,100000,32.36,97.09,1,3,0.0,0.0,0,0,0
P10114,2024-06-01,2017-10-01,active,Term Life,IL,suburban,Agent,annual,1,58.7,55601.28,100000,32.36,97.09,1,2,0.0,0.0,0,0,0
P10114,2024-07-01,2017-10-01,active,Term Life,IL,suburban,Agent,annual,1,58.8,55601.28,100000,32.36,97.09,1,4,0.0,0.0,0,0,0
P10114,2024-08-01,2017-10-01,active,Term Life,IL,suburban,Agent,annual,1,58.8,55601.28,100000,32.36,97.09,1,2,0.0,0.0,0,0,0
P10114,2024-09-01,2017-10-01,active,Term Life,IL,suburban,Agent,annual,1,58.9,55601.28,100000,32.36,97.09,1,5,0.0,0.0,0,0,0
P10114,2024-10-01,2017-10-01,active,Term Life,IL,suburban,Agent,annual,1,59.0,55601.28,100000,32.36,97.09,1,4,0.0,0.0,1,1,0
P10114,2024-11-01,2017-10-01,active,Term Life,IL,suburban,Agent,annual,1,59.1,55601.28,100000,32.36,97.09,1,2,0.0,0.0,0,0,0
P10114,2024-12-01,2017-10-01,active,Term Life,IL,suburban,Agent,annual,1,59.2,55601.28,100000,32.36,97.09,1,2,0.0,0.0,0,0,0
P10115,2023-01-01,2020-12-01,active,Term Life,CA,suburban,Agent,annual,0,31.1,119331.72,750000,414.45,1243.35,0,6,0.0,0.0,0,0,0
P10115,2023-02-01,2020-12-01,active,Term Life,CA,suburban,Agent,annual,0,31.2,119331.72,750000,414.45,1243.35,1,4,0.0,0.0,0,0,0
P10115,2023-03-01,2020-12-01,active,Term Life,CA,suburban,Agent,annual,0,31.2,119331.72,750000,414.45,1243.35,2,6,0.0,0.0,0,0,0
P10115,2023-04-01,2020-12-01,active,Term Life,CA,suburban,Agent,annual,0,31.3,119331.72,750000,414.45,1243.35,2,4,0.0,0.0,0,0,0
P10115,2023-05-01,2020-12-01,active,Term Life,CA,suburban,Agent,annual,0,31.4,119331.72,750000,414.45,1243.35,2,4,0.0,0.0,0,0,0
P10115,2023-06-01,2020-12-01,active,Term Life,CA,suburban,Agent,annual,0,31.5,119331.72,750000,414.45,1243.35,2,6,0.0,0.0,0,0,0
P10115,2023-07-01,2020-12-01,active,Term Life,CA,suburban,Agent,annual,0,31.6,119331.72,750000,414.45,1243.35,2,6,0.0,0.0,1,0,0
P10115,2023-08-01,2020-12-01,active,Term Life,CA,suburban,Agent,annual,0,31.7,119331.72,750000,414.45,1243.35,2,4,0.0,0.0,0,0,0
P10115,2023-09-01,2020-12-01,active,Term Life,CA,suburban,Agent,annual,0,31.8,119331.72,750000,414.45,1243.35,1,6,0.0,0.0,0,0,0
P10115,2023-10-01,2020-12-01,active,Term Life,CA,suburban,Agent,annual,0,31.8,119331.72,750000,414.45,1243.35,1,4,0.0,0.0,0,0,0
P10115,2023-11-01,2020-12-01,active,Term Life,CA,suburban,Agent,annual,0,31.9,119331.72,750000,414.45,828.9,2,4,0.0,0.0,1,0,0
P10115,2023-12-01,2020-12-01,active,Term Life,CA,suburban,Agent,annual,0,32.0,119331.72,750000,414.45,1243.35,3,4,0.0,0.0,0,0,0
P10115,2024-01-01,2020-12-01,active,Term Life,CA,suburban,Agent,annual,0,32.1,119331.72,750000,414.45,1243.35,3,5,0.0,0.0,0,0,0
P10115,2024-02-01,2020-12-01,active,Term Life,CA,suburban,Agent,annual,0,32.2,119331.72,750000,414.45,828.9,3,4,0.0,0.0,1,0,0
P10115,2024-03-01,2020-12-01,active,Term Life,CA,suburban,Agent,annual,0,32.2,119331.72,750000,414.45,1243.35,3,4,0.0,0.0,0,0,0
P10115,2024-04-01,2020-12-01,active,Term Life,CA,suburban,Agent,annual,0,32.3,119331.72,750000,414.45,828.9,3,4,0.0,0.0,0,0,0
P10115,2024-05-01,2020-12-01,active,Term Life,CA,suburban,Agent,annual,0,32.4,119331.72,750000,414.45,1243.35,3,6,0.0,0.0,1,0,0
P10115,2024-06-01,2020-12-01,active,Term Life,CA,suburban,Agent,annual,0,32.5,119331.72,750000,414.45,1243.35,2,4,0.0,0.0,0,0,0
P10115,2024-07-01,2020-12-01,active,Term Life,CA,suburban,Agent,annual,0,32.6,119331.72,750000,414.45,1243.35,2,5,0.0,0.0,0,0,0
P10115,2024-08-01,2020-12-01,active,Term Life,CA,suburban,Agent,annual,0,32.7,119331.72,750000,414.45,828.9,2,5,0.0,0.0,0,0,0
P10115,2024-09-01,2020-12-01,active,Term Life,CA,suburban,Agent,annual,0,32.8,119331.72,750000,414.45,1243.35,2,5,0.0,0.0,0,0,0
P10115,2024-10-01,2020-12-01,active,Term Life,CA,suburban,Agent,annual,0,32.8,119331.72,750000,414.45,1243.35,2,5,0.0,0.0,0,0,0
P10115,2024-11-01,2020-12-01,active,Term Life,CA,suburban,Agent,annual,0,32.9,119331.72,750000,414.45,1243.35,2,5,0.0,0.0,0,0,0
P10115,2024-12-01,2020-12-01,active,Term Life,CA,suburban,Agent,annual,0,33.0,119331.72,750000,414.45,828.9,2,5,0.0,0.0,0,1,0
P10116,2023-01-01,2021-03-01,active,Universal Life,PA,urban,Broker,monthly,1,47.8,50255.64,100000,496.16,124.04,0,2,78.37,0.0,0,0,0
P10116,2023-02-01,2021-03-01,active,Universal Life,PA,urban,Broker,monthly,1,47.9,50255.64,100000,496.16,82.69,0,2,112.79,0.0,0,0,0
P10116,2023-03-01,2021-03-01,active,Universal Life,PA,urban,Broker,monthly,1,48.0,50255.64,100000,496.16,124.04,0,3,145.27,0.0,0,0,0
P10116,2023-04-01,2021-03-01,active,Universal Life,PA,urban,Broker,monthly,1,48.1,50255.64,100000,496.16,82.69,0,3,101.65,41.29,0,0,0
P10116,2023-05-01,2021-03-01,active,Universal Life,PA,urban,Broker,monthly,1,48.2,50255.64,100000,496.16,124.04,0,2,147.03,0.0,0,0,0
P10116,2023-06-01,2021-03-01,active,Universal Life,PA,urban,Broker,monthly,1,48.2,50255.64,100000,496.16,124.04,0,5,192.9,0.0,0,0,0
P10116,2023-07-01,2021-03-01,active,Universal Life,PA,urban,Broker,monthly,1,48.3,50255.64,100000,496.16,124.04,0,3,105.02,0.0,0,0,0
P10116,2023-08-01,2021-03-01,active,Universal Life,PA,urban,Broker,monthly,1,48.4,50255.64,100000,496.16,124.04,0,2,132.59,0.0,1,0,0
P10116,2023-09-01,2021-03-01,active,Universal Life,PA,urban,Broker,monthly,1,48.5,50255.64,100000,496.16,124.04,0,5,185.07,0.0,0,0,0
P10116,2023-10-01,2021-03-01,active,Universal Life,PA,urban,Broker,monthly,1,48.6,50255.64,100000,496.16,124.04,0,3,142.04,0.0,0,0,0
P10116,2023-11-01,2021-03-01,active,Universal Life,PA,urban,Broker,monthly,1,48.7,50255.64,100000,496.16,124.04,0,4,129.25,0.0,0,0,0
P10116,2023-12-01,2021-03-01,active,Universal Life,PA,urban,Broker,monthly,1,48.8,50255.64,100000,496.16,124.04,1,2,189.61,0.0,0,0,0
P10116,2024-01-01,2021-03-01,active,Universal Life,PA,urban,Broker,monthly,1,48.8,50255.64,100000,496.16,124.04,1,5,95.7,0.0,0,1,0
P10116,2024-02-01,2021-03-01,active,Universal Life,PA,urban,Broker,monthly,1,48.9,50255.64,100000,496.16,124.04,1,2,162.31,0.0,0,0,0
P10116,2024-03-01,2021-03-01,active,Universal Life,PA,urban,Broker,monthly,1,49.0,50255.64,100000,496.16,124.04,1,2,211.74,0.0,0,0,0
P10116,2024-04-01,2021-03-01,active,Universal Life,PA,urban,Broker,monthly,1,49.1,50255.64,100000,496.16,124.04,1,2,236.22,0.0,0,0,0
P10116,2024-05-01,2021-03-01,active,Universal Life,PA,urban,Broker,monthly,1,49.2,50255.64,100000,496.16,124.04,1,2,149.86,0.0,0,0,0
P10116,2024-06-01,2021-03-01,active,Universal Life,PA,urban,Broker,monthly,1,49.2,50255.64,100000,496.16,124.04,1,4,240.16,0.0,1,0,0
P10116,2024-07-01,2021-03-01,active,Universal Life,PA,urban,Broker,monthly,1,49.3,50255.64,100000,496.16,124.04,1,2,236.52,0.0,1,0,0
P10116,2024-08-01,2021-03-01,active,Universal Life,PA,urban,Broker,monthly,1,49.4,50255.64,100000,496.16,124.04,1,2,180.52,0.0,0,0,0
P10116,2024-09-01,2021-03-01,active,Universal Life,PA,urban,Broker,monthly,1,49.5,50255.64,100000,496.16,124.04,1,3,281.09,126.52,0,0,0
P10116,2024-10-01,2021-03-01,active,Universal Life,PA,urban,Broker,monthly,1,49.6,50255.64,100000,496.16,124.04,1,2,293.15,0.0,0,0,0
P10116,2024-11-01,2021-03-01,active,Universal Life,PA,urban,Broker,monthly,1,49.7,50255.64,100000,496.16,124.04,1,2,154.9,0.0,0,0,0
P10116,2024-12-01,2021-03-01,active,Universal Life,PA,urban,Broker,monthly,1,49.8,50255.64,100000,496.16,82.69,0,3,222.41,0.0,1,0,0
P10117,2023-01-01,2023-05-01,active,Indexed Universal Life,CA,rural,Broker,monthly,0,49.0,89322.05,100000,654.71,163.68,0,1,0.0,0.0,0,0,0
P10117,2023-02-01,2023-05-01,active,Indexed Universal Life,CA,rural,Broker,monthly,0,49.0,89322.05,100000,654.71,163.68,0,1,0.0,0.0,0,0,0
P10117,2023-03-01,2023-05-01,active,Indexed Universal Life,CA,rural,Broker,monthly,0,49.0,89322.05,100000,654.71,163.68,1,1,0.0,0.0,0,0,0
P10117,2023-04-01,2023-05-01,active,Indexed Universal Life,CA,rural,Broker,monthly,0,49.0,89322.05,100000,654.71,109.12,1,1,0.0,0.0,0,0,0
P10117,2023-05-01,2023-05-01,active,Indexed Universal Life,CA,rural,Broker,monthly,0,49.0,89322.05,100000,654.71,163.68,1,2,0.0,0.0,0,0,0
P10117,2023-06-01,2023-05-01,active,Indexed Universal Life,CA,rural,Broker,monthly,0,49.1,89322.05,100000,654.71,163.68,0,1,6.59,0.0,0,1,0
P10117,2023-07-01,2023-05-01,active,Indexed Universal Life,CA,rural,Broker,monthly,0,49.2,89322.05,100000,654.71,163.68,0,2,18.5,0.0,0,0,0
P10117,2023-08-01,2023-05-01,active,Indexed Universal Life,CA,rural,Broker,monthly,0,49.2,89322.05,100000,654.71,163.68,0,3,14.67,0.0,0,0,0
P10117,2023-09-01,2023-05-01,active,Indexed Universal Life,CA,rural,Broker,monthly,0,49.3,89322.05,100000,654.71,163.68,0,1,15.9,0.0,0,1,0
P10117,2023-10-01,2023-05-01,active,Indexed Universal Life,CA,rural,Broker,monthly,0,49.4,89322.05,100000,654.71,109.12,0,1,39.03,0.0,0,0,0
P10117,2023-11-01,2023-05-01,active,Indexed Universal Life,CA,rural,Broker,monthly,0,49.5,89322.05,100000,654.71,163.68,0,1,51.57,0.0,0,1,0
P10117,2023-12-01,2023-05-01,active,Indexed Universal Life,CA,rural,Broker,monthly,0,49.6,89322.05,100000,654.71,109.12,0,1,25.92,0.0,0,0,0
P10117,2024-01-01,2023-05-01,active,Indexed Universal Life,CA,rural,Broker,monthly,0,49.7,89322.05,100000,654.71,163.68,1,1,32.16,0.0,0,0,0
P10117,2024-02-01,2023-05-01,active,Indexed Universal Life,CA,rural,Broker,monthly,0,49.8,89322.05,100000,654.71,163.68,1,1,76.23,0.0,0,0,0
P10117,2024-03-01,2023-05-01,active,Indexed Universal Life,CA,rural,Broker,monthly,0,49.8,89322.05,100000,654.71,163.68,1,2,69.26,0.0,0,0,0
P10117,2024-04-01,2023-05-01,active,Indexed Universal Life,CA,rural,Broker,monthly,0,49.9,89322.05,100000,654.71,109.12,1,3,37.53,0.0,0,0,0
P10117,2024-05-01,2023-05-01,active,Indexed Universal Life,CA,rural,Broker,monthly,0,50.0,89322.05,100000,654.71,163.68,1,2,95.79,0.0,0,0,0
P10117,2024-06-01,2023-05-01,active,Indexed Universal Life,CA,rural,Broker,monthly,0,50.1,89322.05,100000,654.71,109.12,0,1,90.8,0.0,0,0,0
P10117,2024-07-01,2023-05-01,active,Indexed Universal Life,CA,rural,Broker,monthly,0,50.2,89322.05,100000,654.71,163.68,0,2,76.25,0.0,1,0,0
P10117,2024-08-01,2023-05-01,active,Indexed Universal Life,CA,rural,Broker,monthly,0,50.2,89322.05,100000,654.71,163.68,0,3,72.1,0.0,0,0,0
P10117,2024-09-01,2023-05-01,active,Indexed Universal Life,CA,rural,Broker,monthly,0,50.3,89322.05,100000,654.71,163.68,0,1,137.72,0.0,0,0,0
P10117,2024-10-01,2023-05-01,active,Indexed Universal Life,CA,rural,Broker,monthly,0,50.4,89322.05,100000,654.71,163.68,0,2,98.06,0.0,0,0,0
P10117,2024-11-01,2023-05-01,active,Indexed Universal Life,CA,rural,Broker,monthly,0,50.5,89322.05,100000,654.71,163.68,0,1,175.21,0.0,0,0,0
P10117,2024-12-01,2023-05-01,active,Indexed Universal Life,CA,rural,Broker,monthly,0,50.6,89322.05,100000,654.71,163.68,0,2,82.36,0.0,0,0,0
P10118,2023-01-01,2021-07-01,active,Term Life,NJ,suburban,Bank,monthly,1,35.5,67139.45,750000,2657.36,664.34,0,1,0.0,0.0,0,0,0
P10118,2023-02-01,2021-07-01,active,Term Life,NJ,suburban,Bank,monthly,1,35.6,67139.45,750000,2657.36,664.34,0,0,0.0,0.0,0,0,0
P10118,2023-03-01,2021-07-01,active,Term Life,NJ,suburban,Bank,monthly,1,35.7,67139.45,750000,2657.36,664.34,0,1,0.0,0.0,0,0,0
P10118,2023-04-01,2021-07-01,active,Term Life,NJ,suburban,Bank,monthly,1,35.8,67139.45,750000,2657.36,442.89,0,0,0.0,0.0,0,0,0
P10118,2023-05-01,2021-07-01,active,Term Life,NJ,suburban,Bank,monthly,1,35.8,67139.45,750000,2657.36,442.89,0,1,0.0,0.0,0,0,0
P10118,2023-06-01,2021-07-01,active,Term Life,NJ,suburban,Bank,monthly,1,35.9,67139.45,750000,2657.36,442.89,0,0,0.0,0.0,0,0,0
P10118,2023-07-01,2021-07-01,active,Term Life,NJ,suburban,Bank,monthly,1,36.0,67139.45,750000,2657.36,664.34,0,1,0.0,0.0,0,0,0
P10118,2023-08-01,2021-07-01,active,Term Life,NJ,suburban,Bank,monthly,1,36.1,67139.45,750000,2657.36,664.34,0,0,0.0,0.0,0,0,0
P10118,2023-09-01,2021-07-01,active,Term Life,NJ,suburban,Bank,monthly,1,36.2,67139.45,750000,2657.36,664.34,0,2,0.0,0.0,0,0,0
P10118,2023-10-01,2021-07-01,active,Term Life,NJ,suburban,Bank,monthly,1,36.2,67139.45,750000,2657.36,664.34,0,1,0.0,0.0,0,0,0
P10118,2023-11-01,2021-07-01,active,Term Life,NJ,suburban,Bank,monthly,1,36.3,67139.45,750000,2657.36,664.34,0,0,0.0,0.0,0,0,0
P10118,2023-12-01,2021-07-01,active,Term Life,NJ,suburban,Bank,monthly,1,36.4,67139.45,750000,2657.36,442.89,0,0,0.0,0.0,0,0,0
P10118,2024-01-01,2021-07-01,active,Term Life,NJ,suburban,Bank,monthly,1,36.5,67139.45,750000,2657.36,664.34,0,1,0.0,0.0,0,0,0
P10118,2024-02-01,2021-07-01,active,Term Life,NJ,suburban,Bank,monthly,1,36.6,67139.45,750000,2657.36,664.34,1,0,0.0,0.0,0,0,0
P10118,2024-03-01,2021-07-01,active,Term Life,NJ,suburban,Bank,monthly,1,36.7,67139.45,750000,2657.36,664.34,1,0,0.0,0.0,0,0,0
P10118,2024-04-01,2021-07-01,active,Term Life,NJ,suburban,Bank,monthly,1,36.8,67139.45,750000,2657.36,664.34,0,2,0.0,0.0,0,0,0
P10118,2024-05-01,2021-07-01,active,Term Life,NJ,suburban,Bank,monthly,1,36.8,67139.45,750000,2657.36,664.34,0,2,0.0,0.0,0,0,0
P10118,2024-06-01,2021-07-01,active,Term Life,NJ,suburban,Bank,monthly,1,36.9,67139.45,750000,2657.36,664.34,0,0,0.0,0.0,0,0,0
P10118,2024-07-01,2021-07-01,active,Term Life,NJ,suburban,Bank,monthly,1,37.0,67139.45,750000,2657.36,664.34,0,0,0.0,0.0,1,0,0
P10118,2024-08-01,2021-07-01,active,Term Life,NJ,suburban,Bank,monthly,1,37.1,67139.45,750000,2657.36,664.34,0,1,0.0,0.0,0,0,0
P10118,2024-09-01,2021-07-01,active,Term Life,NJ,suburban,Bank,monthly,1,37.2,67139.45,750000,2657.36,664.34,0,0,0.0,0.0,0,0,0
P10118,2024-10-01,2021-07-01,active,Term Life,NJ,suburban,Bank,monthly,1,37.2,67139.45,750000,2657.36,442.89,0,0,0.0,0.0,0,0,0
P10118,2024-11-01,2021-07-01,active,Term Life,NJ,suburban,Bank,monthly,1,37.3,67139.45,750000,2657.36,664.34,0,1,0.0,0.0,0,0,0
P10118,2024-12-01,2021-07-01,active,Term Life,NJ,suburban,Bank,monthly,1,37.4,67139.45,750000,2657.36,664.34,0,0,0.0,0.0,0,0,0
P10119,2023-01-01,2018-04-01,active,Term Life,NJ,suburban,Direct,monthly,1,61.8,54344.18,250000,1186.47,296.62,0,2,0.0,0.0,0,0,0
P10119,2023-02-01,2018-04-01,active,Term Life,NJ,suburban,Direct,monthly,1,61.8,54344.18,250000,1186.47,296.62,1,4,0.0,0.0,0,0,0
P10119,2023-03-01,2018-04-01,active,Term Life,NJ,suburban,Direct,monthly,1,61.9,54344.18,250000,1186.47,296.62,1,2,0.0,0.0,0,0,0
P10119,2023-04-01,2018-04-01,active,Term Life,NJ,suburban,Direct,monthly,1,62.0,54344.18,250000,1186.47,197.75,1,2,0.0,0.0,0,0,0
P10119,2023-05-01,2018-04-01,active,Term Life,NJ,suburban,Direct,monthly,1,62.1,54344.18,250000,1186.47,296.62,1,1,0.0,0.0,0,0,0
P10119,2023-06-01,2018-04-01,active,Term Life,NJ,suburban,Direct,monthly,1,62.2,54344.18,250000,1186.47,296.62,1,1,0.0,0.0,0,0,0
P10119,2023-07-01,2018-04-01,active,Term Life,NJ,suburban,Direct,monthly,1,62.2,54344.18,250000,1186.47,197.75,1,3,0.0,0.0,0,0,0
P10119,2023-08-01,2018-04-01,active,Term Life,NJ,suburban,Direct,monthly,1,62.3,54344.18,250000,1186.47,296.62,1,1,0.0,0.0,0,0,0
P10119,2023-09-01,2018-04-01,active,Term Life,NJ,suburban,Direct,monthly,1,62.4,54344.18,250000,1186.47,296.62,1,2,0.0,0.0,0,0,0
P10119,2023-10-01,2018-04-01,active,Term Life,NJ,suburban,Direct,monthly,1,62.5,54344.18,250000,1186.47,296.62,1,3,0.0,0.0,0,0,0
P10119,2023-11-01,2018-04-01,active,Term Life,NJ,suburban,Direct,monthly,1,62.6,54344.18,250000,1186.47,296.62,1,1,0.0,0.0,0,0,0
P10119,2023-12-01,2018-04-01,active,Term Life,NJ,suburban,Direct,monthly,1,62.7,54344.18,250000,1186.47,296.62,1,2,0.0,0.0,0,0,0
P10119,2024-01-01,2018-04-01,active,Term Life,NJ,suburban,Direct,monthly,1,62.8,54344.18,250000,1186.47,296.62,1,1,0.0,0.0,0,0,0
P10119,2024-02-01,2018-04-01,active,Term Life,NJ,suburban,Direct,monthly,1,62.8,54344.18,250000,1186.47,296.62,0,1,0.0,0.0,0,0,0
P10119,2024-03-01,2018-04-01,active,Term Life,NJ,suburban,Direct,monthly,1,62.9,54344.18,250000,1186.47,296.62,0,1,0.0,0.0,1,0,0
P10119,2024-04-01,2018-04-01,active,Term Life,NJ,suburban,Direct,monthly,1,63.0,54344.18,250000,1186.47,296.62,0,2,0.0,0.0,0,0,0
P10119,2024-05-01,2018-04-01,active,Term Life,NJ,suburban,Direct,monthly,1,63.1,54344.18,250000,1186.47,296.62,0,1,0.0,0.0,0,0,0
P10119,2024-06-01,2018-04-01,active,Term Life,NJ,suburban,Direct,monthly,1,63.2,54344.18,250000,1186.47,197.75,0,1,0.0,0.0,0,0,0
P10119,2024-07-01,2018-04-01,active,Term Life,NJ,suburban,Direct,monthly,1,63.2,54344.18,250000,1186.47,197.75,0,2,0.0,0.0,0,0,0
P10119,2024-08-01,2018-04-01,active,Term Life,NJ,suburban,Direct,monthly,1,63.3,54344.18,250000,1186.47,296.62,0,1,0.0,0.0,0,1,0
P10119,2024-09-01,2018-04-01,active,Term Life,NJ,suburban,Direct,monthly,1,63.4,54344.18,250000,1186.47,197.75,0,1,0.0,0.0,0,0,0
P10119,2024-10-01,2018-04-01,active,Term Life,NJ,suburban,Direct,monthly,1,63.5,54344.18,250000,1186.47,197.75,0,2,0.0,0.0,0,0,0
P10119,2024-11-01,2018-04-01,active,Term Life,NJ,suburban,Direct,monthly,1,63.6,54344.18,250000,1186.47,296.62,0,2,0.0,0.0,0,0,0
P10119,2024-12-01,2018-04-01,active,Term Life,NJ,suburban,Direct,monthly,1,63.7,54344.18,250000,1186.47,296.62,0,1,0.0,0.0,0,0,0
P10120,2023-01-01,2018-07-01,active,Whole Life,AZ,rural,Broker,monthly,1,41.5,59426.61,150000,1106.5,276.63,0,3,699.21,0.0,0,0,0
P10120,2023-02-01,2018-07-01,active,Whole Life,AZ,rural,Broker,monthly,1,41.6,59426.61,150000,1106.5,276.63,0,2,582.77,0.0,0,0,0
P10120,2023-03-01,2018-07-01,active,Whole Life,AZ,rural,Broker,monthly,1,41.7,59426.61,150000,1106.5,276.63,0,1,444.78,0.0,0,0,0
P10120,2023-04-01,2018-07-01,active,Whole Life,AZ,rural,Broker,monthly,1,41.8,59426.61,150000,1106.5,276.63,0,1,426.31,0.0,0,1,0
P10120,2023-05-01,2018-07-01,active,Whole Life,AZ,rural,Broker,monthly,1,41.8,59426.61,150000,1106.5,276.63,0,1,583.81,0.0,0,0,0
P10120,2023-06-01,2018-07-01,active,Whole Life,AZ,rural,Broker,monthly,1,41.9,59426.61,150000,1106.5,276.63,0,1,810.17,0.0,0,0,0
P10120,2023-07-01,2018-07-01,active,Whole Life,AZ,rural,Broker,monthly,1,42.0,59426.61,150000,1106.5,276.63,0,2,411.6,0.0,0,0,0
P10120,2023-08-01,2018-07-01,active,Whole Life,AZ,rural,Broker,monthly,1,42.1,59426.61,150000,1106.5,276.63,0,3,498.78,0.0,0,0,0
P10120,2023-09-01,2018-07-01,active,Whole Life,AZ,rural,Broker,monthly,1,42.2,59426.61,150000,1106.5,276.63,0,3,704.62,0.0,0,0,0
P10120,2023-10-01,2018-07-01,active,Whole Life,AZ,rural,Broker,monthly,1,42.2,59426.61,150000,1106.5,276.63,0,1,605.04,0.0,0,0,0
P10120,2023-11-01,2018-07-01,active,Whole Life,AZ,rural,Broker,monthly,1,42.3,59426.61,150000,1106.5,276.63,0,2,937.07,0.0,0,0,0
P10120,2023-12-01,2018-07-01,active,Whole Life,AZ,rural,Broker,monthly,1,42.4,59426.61,150000,1106.5,276.63,0,3,878.6,0.0,0,0,0
P10120,2024-01-01,2018-07-01,active,Whole Life,AZ,rural,Broker,monthly,1,42.5,59426.61,150000,1106.5,276.63,0,3,718.95,0.0,0,0,0
P10120,2024-02-01,2018-07-01,active,Whole Life,AZ,rural,Broker,monthly,1,42.6,59426.61,150000,1106.5,184.42,0,1,716.39,0.0,0,0,0
P10120,2024-03-01,2018-07-01,active,Whole Life,AZ,rural,Broker,monthly,1,42.7,59426.61,150000,1106.5,276.63,0,3,507.61,0.0,0,0,0
P10120,2024-04-01,2018-07-01,active,Whole Life,AZ,rural,Broker,monthly,1,42.8,59426.61,150000,1106.5,276.63,1,2,963.59,0.0,0,0,0
P10120,2024-05-01,2018-07-01,active,Whole Life,AZ,rural,Broker,monthly,1,42.8,59426.61,150000,1106.5,276.63,0,2,710.5,0.0,0,0,0
P10120,2024-06-01,2018-07-01,active,Whole Life,AZ,rural,Broker,monthly,1,42.9,59426.61,150000,1106.5,276.63,0,1,569.04,0.0,0,0,0
P10120,2024-07-01,2018-07-01,active,Whole Life,AZ,rural,Broker,monthly,1,43.0,59426.61,150000,1106.5,276.63,0,1,462.69,0.0,0,0,0
P10120,2024-08-01,2018-07-01,active,Whole Life,AZ,rural,Broker,monthly,1,43.1,59426.61,150000,1106.5,276.63,0,4,467.34,0.0,0,0,0
P10120,2024-09-01,2018-07-01,active,Whole Life,AZ,rural,Broker,monthly,1,43.2,59426.61,150000,1106.5,276.63,0,1,1105.15,0.0,1,0,0
P10120,2024-10-01,2018-07-01,active,Whole Life,AZ,rural,Broker,monthly,1,43.2,59426.61,150000,1106.5,276.63,0,2,1048.4,0.0,1,0,0
P10120,2024-11-01,2018-07-01,active,Whole Life,AZ,rural,Broker,monthly,1,43.3,59426.61,150000,1106.5,276.63,0,2,961.45,0.0,0,0,0
P10120,2024-12-01,2018-07-01,active,Whole Life,AZ,rural,Broker,monthly,1,43.4,59426.61,150000,1106.5,276.63,0,3,886.89,0.0,0,0,0
P10121,2023-01-01,2019-05-01,active,Universal Life,AZ,suburban,Agent,annual,0,73.7,43849.13,750000,342.22,1026.67,0,1,2005.86,1138.71,0,0,0
P10121,2023-02-01,2019-05-01,active,Universal Life,AZ,suburban,Agent,annual,0,73.8,43849.13,750000,342.22,684.45,0,3,1741.6,0.0,0,0,0
P10121,2023-03-01,2019-05-01,active,Universal Life,AZ,suburban,Agent,annual,0,73.8,43849.13,750000,342.22,1026.67,0,1,2159.78,0.0,1,0,0
P10121,2023-04-01,2019-05-01,active,Universal Life,AZ,suburban,Agent,annual,0,73.9,43849.13,750000,342.22,1026.67,0,2,2085.18,0.0,0,0,0
P10121,2023-05-01,2019-05-01,active,Universal Life,AZ,suburban,Agent,annual,0,74.0,43849.13,750000,342.22,1026.67,1,2,1865.95,0.0,0,0,0
P10121,2023-06-01,2019-05-01,active,Universal Life,AZ,suburban,Agent,annual,0,74.1,43849.13,750000,342.22,1026.67,0,3,1150.58,0.0,0,0,0
P10121,2023-07-01,2019-05-01,active,Universal Life,AZ,suburban,Agent,annual,0,74.2,43849.13,750000,342.22,1026.67,1,2,1482.25,0.0,0,0,0
P10121,2023-08-01,2019-05-01,active,Universal Life,AZ,suburban,Agent,annual,0,74.2,43849.13,750000,342.22,1026.67,2,1,1775.03,0.0,0,0,0
P10121,2023-09-01,2019-05-01,active,Universal Life,AZ,suburban,Agent,annual,0,74.3,43849.13,750000,342.22,1026.67,2,2,2274.64,0.0,0,0,0
P10121,2023-10-01,2019-05-01,active,Universal Life,AZ,suburban,Agent,annual,0,74.4,43849.13,750000,342.22,684.45,2,2,1904.78,0.0,0,0,0
P10121,2023-11-01,2019-05-01,active,Universal Life,AZ,suburban,Agent,annual,0,74.5,43849.13,750000,342.22,1026.67,2,2,1377.99,0.0,0,0,0
P10121,2023-12-01,2019-05-01,active,Universal Life,AZ,suburban,Agent,annual,0,74.6,43849.13,750000,342.22,684.45,2,2,1132.86,0.0,0,0,0
P10121,2024-01-01,2019-05-01,active,Universal Life,AZ,suburban,Agent,annual,0,74.7,43849.13,750000,342.22,1026.67,2,3,1331.84,489.83,0,0,0
P10121,2024-02-01,2019-05-01,active,Universal Life,AZ,suburban,Agent,annual,0,74.8,43849.13,750000,342.22,1026.67,1,4,1304.4,0.0,0,0,0
P10121,2024-03-01,2019-05-01,active,Universal Life,AZ,suburban,Agent,annual,0,74.8,43849.13,750000,342.22,1026.67,1,3,2261.82,0.0,0,0,0
P10121,2024-04-01,2019-05-01,active,Universal Life,AZ,suburban,Agent,annual,0,74.9,43849.13,750000,342.22,684.45,1,1,2128.09,0.0,0,0,0
P10121,2024-05-01,2019-05-01,active,Universal Life,AZ,suburban,Agent,annual,0,75.0,43849.13,750000,342.22,1026.67,1,5,1294.04,0.0,0,0,0
P10121,2024-06-01,2019-05-01,active,Universal Life,AZ,suburban,Agent,annual,0,75.1,43849.13,750000,342.22,1026.67,0,1,2937.84,0.0,0,0,0
P10121,2024-07-01,2019-05-01,active,Universal Life,AZ,suburban,Agent,annual,0,75.2,43849.13,750000,342.22,684.45,0,2,2123.93,0.0,0,0,0
P10121,2024-08-01,2019-05-01,active,Universal Life,AZ,suburban,Agent,annual,0,75.2,43849.13,750000,342.22,684.45,0,2,1769.78,0.0,0,0,0
P10121,2024-09-01,2019-05-01,active,Universal Life,AZ,suburban,Agent,annual,0,75.3,43849.13,750000,342.22,1026.67,0,2,2212.28,0.0,0,0,0
P10121,2024-10-01,2019-05-01,active,Universal Life,AZ,suburban,Agent,annual,0,75.4,43849.13,750000,342.22,1026.67,0,2,2009.59,0.0,0,0,0
P10121,2024-11-01,2019-05-01,active,Universal Life,AZ,suburban,Agent,annual,0,75.5,43849.13,750000,342.22,1026.67,0,2,2870.39,0.0,0,0,0
P10121,2024-12-01,2019-05-01,active,Universal Life,AZ,suburban,Agent,annual,0,75.6,43849.13,750000,342.22,1026.67,0,1,2807.39,0.0,0,0,0
P10122,2023-01-01,2016-05-01,active,Term Life,AZ,urban,Agent,monthly,0,43.7,50165.09,750000,3983.07,995.77,0,1,0.0,0.0,0,0,0
P10122,2023-02-01,2016-05-01,active,Term Life,AZ,urban,Agent,monthly,0,43.8,50165.09,750000,3983.07,995.77,0,1,0.0,0.0,0,0,0
P10122,2023-03-01,2016-05-01,active,Term Life,AZ,urban,Agent,monthly,0,43.8,50165.09,750000,3983.07,995.77,0,0,0.0,0.0,0,0,0
P10122,2023-04-01,2016-05-01,active,Term Life,AZ,urban,Agent,monthly,0,43.9,50165.09,750000,3983.07,995.77,0,1,0.0,0.0,0,0,0
P10122,2023-05-01,2016-05-01,active,Term Life,AZ,urban,Agent,monthly,0,44.0,50165.09,750000,3983.07,995.77,0,0,0.0,0.0,0,0,0
P10122,2023-06-01,2016-05-01,active,Term Life,AZ,urban,Agent,monthly,0,44.1,50165.09,750000,3983.07,995.77,0,1,0.0,0.0,0,0,0
P10122,2023-07-01,2016-05-01,active,Term Life,AZ,urban,Agent,monthly,0,44.2,50165.09,750000,3983.07,995.77,0,1,0.0,0.0,0,0,0
P10122,2023-08-01,2016-05-01,active,Term Life,AZ,urban,Agent,monthly,0,44.2,50165.09,750000,3983.07,995.77,0,0,0.0,0.0,0,0,0
P10122,2023-09-01,2016-05-01,active,Term Life,AZ,urban,Agent,monthly,0,44.3,50165.09,750000,3983.07,663.85,0,0,0.0,0.0,0,0,0
P10122,2023-10-01,2016-05-01,active,Term Life,AZ,urban,Agent,monthly,0,44.4,50165.09,750000,3983.07,995.77,0,0,0.0,0.0,0,0,0
P10122,2023-11-01,2016-05-01,active,Term Life,AZ,urban,Agent,monthly,0,44.5,50165.09,750000,3983.07,995.77,0,1,0.0,0.0,0,0,0
P10122,2023-12-01,2016-05-01,active,Term Life,AZ,urban,Agent,monthly,0,44.6,50165.09,750000,3983.07,995.77,0,0,0.0,0.0,0,0,0
P10122,2024-01-01,2016-05-01,active,Term Life,AZ,urban,Agent,monthly,0,44.7,50165.09,750000,3983.07,995.77,0,0,0.0,0.0,0,0,0
P10122,2024-02-01,2016-05-01,active,Term Life,AZ,urban,Agent,monthly,0,44.8,50165.09,750000,3983.07,663.85,1,0,0.0,0.0,0,0,0
P10122,2024-03-01,2016-05-01,active,Term Life,AZ,urban,Agent,monthly,0,44.8,50165.09,750000,3983.07,995.77,1,2,0.0,0.0,0,0,0
P10122,2024-04-01,2016-05-01,active,Term Life,AZ,urban,Agent,monthly,0,44.9,50165.09,750000,3983.07,995.77,1,0,0.0,0.0,0,0,0
P10122,2024-05-01,2016-05-01,active,Term Life,AZ,urban,Agent,monthly,0,45.0,50165.09,750000,3983.07,995.77,1,0,0.0,0.0,0,0,0
P10122,2024-06-01,2016-05-01,active,Term Life,AZ,urban,Agent,monthly,0,45.1,50165.09,750000,3983.07,663.85,1,0,0.0,0.0,0,0,0
P10122,2024-07-01,2016-05-01,active,Term Life,AZ,urban,Agent,monthly,0,45.2,50165.09,750000,3983.07,995.77,1,4,0.0,0.0,0,0,0
P10122,2024-08-01,2016-05-01,active,Term Life,AZ,urban,Agent,monthly,0,45.2,50165.09,750000,3983.07,995.77,0,1,0.0,0.0,0,1,0
P10122,2024-09-01,2016-05-01,active,Term Life,AZ,urban,Agent,monthly,0,45.3,50165.09,750000,3983.07,995.77,1,1,0.0,0.0,0,0,0
P10122,2024-10-01,2016-05-01,active,Term Life,AZ,urban,Agent,monthly,0,45.4,50165.09,750000,3983.07,995.77,1,0,0.0,0.0,0,0,0
P10122,2024-11-01,2016-05-01,active,Term Life,AZ,urban,Agent,monthly,0,45.5,50165.09,750000,3983.07,663.85,1,0,0.0,0.0,0,0,0
P10122,2024-12-01,2016-05-01,active,Term Life,AZ,urban,Agent,monthly,0,45.6,50165.09,750000,3983.07,995.77,1,1,0.0,0.0,0,0,0
P10123,2023-01-01,2019-01-01,active,Universal Life,IL,rural,Agent,monthly,1,36.0,25770.05,100000,300.0,75.0,0,1,92.8,0.0,0,0,0
P10123,2023-02-01,2019-01-01,active,Universal Life,IL,rural,Agent,monthly,1,36.1,25770.05,100000,300.0,75.0,0,0,173.98,0.0,0,0,0
P10123,2023-03-01,2019-01-01,active,Universal Life,IL,rural,Agent,monthly,1,36.2,25770.05,100000,300.0,75.0,0,0,139.88,76.3,0,0,0
P10123,2023-04-01,2019-01-01,active,Universal Life,IL,rural,Agent,monthly,1,36.2,25770.05,100000,300.0,75.0,0,0,85.09,0.0,0,0,0
P10123,2023-05-01,2019-01-01,active,Universal Life,IL,rural,Agent,monthly,1,36.3,25770.05,100000,300.0,75.0,0,1,82.1,0.0,0,0,0
P10123,2023-06-01,2019-01-01,active,Universal Life,IL,rural,Agent,monthly,1,36.4,25770.05,100000,300.0,75.0,0,2,103.36,0.0,0,0,0
P10123,2023-07-01,2019-01-01,active,Universal Life,IL,rural,Agent,monthly,1,36.5,25770.05,100000,300.0,75.0,0,1,87.33,50.87,0,0,0
P10123,2023-08-01,2019-01-01,active,Universal Life,IL,rural,Agent,monthly,1,36.6,25770.05,100000,300.0,75.0,0,0,89.73,0.0,0,0,0
P10123,2023-09-01,2019-01-01,active,Universal Life,IL,rural,Agent,monthly,1,36.7,25770.05,100000,300.0,75.0,0,1,104.96,0.0,0,0,0
P10123,2023-10-01,2019-01-01,active,Universal Life,IL,rural,Agent,monthly,1,36.8,25770.05,100000,300.0,75.0,0,1,189.84,0.0,0,0,0
P10123,2023-11-01,2019-01-01,active,Universal Life,IL,rural,Agent,monthly,1,36.8,25770.05,100000,300.0,50.0,0,0,159.13,0.0,0,0,0
P10123,2023-12-01,2019-01-01,active,Universal Life,IL,rural,Agent,monthly,1,36.9,25770.05,100000,300.0,75.0,0,1,130.74,0.0,0,0,0
P10123,2024-01-01,2019-01-01,active,Universal Life,IL,rural,Agent,monthly,1,37.0,25770.05,100000,300.0,75.0,0,1,185.87,0.0,1,0,0
P10123,2024-02-01,2019-01-01,active,Universal Life,IL,rural,Agent,monthly,1,37.1,25770.05,100000,300.0,75.0,0,0,252.85,0.0,0,0,0
P10123,2024-03-01,2019-01-01,active,Universal Life,IL,rural,Agent,monthly,1,37.2,25770.05,100000,300.0,75.0,0,0,251.81,0.0,0,0,0
P10123,2024-04-01,2019-01-01,active,Universal Life,IL,rural,Agent,monthly,1,37.2,25770.05,100000,300.0,75.0,0,0,208.06,0.0,0,0,0
P10123,2024-05-01,2019-01-01,active,Universal Life,IL,rural,Agent,monthly,1,37.3,25770.05,100000,300.0,50.0,0,0,221.47,0.0,1,0,0
P10123,2024-06-01,2019-01-01,active,Universal Life,IL,rural,Agent,monthly,1,37.4,25770.05,100000,300.0,75.0,0,1,116.45,0.0,0,0,0
P10123,2024-07-01,2019-01-01,active,Universal Life,IL,rural,Agent,monthly,1,37.5,25770.05,100000,300.0,75.0,0,2,269.42,0.0,0,0,0
P10123,2024-08-01,2019-01-01,active,Universal Life,IL,rural,Agent,monthly,1,37.6,25770.05,100000,300.0,75.0,1,0,162.86,0.0,0,0,0
P10123,2024-09-01,2019-01-01,active,Universal Life,IL,rural,Agent,monthly,1,37.7,25770.05,100000,300.0,75.0,1,1,206.01,121.44,1,0,0
P10123,2024-10-01,2019-01-01,active,Universal Life,IL,rural,Agent,monthly,1,37.8,25770.05,100000,300.0,75.0,1,0,118.29,0.0,0,0,0
P10123,2024-11-01,2019-01-01,active,Universal Life,IL,rural,Agent,monthly,1,37.8,25770.05,100000,300.0,75.0,0,0,154.27,0.0,0,0,0
P10123,2024-12-01,2019-01-01,active,Universal Life,IL,rural,Agent,monthly,1,37.9,25770.05,100000,300.0,75.0,0,1,152.26,30.85,0,0,0
P10124,2023-01-01,2019-06-01,active,Whole Life,OH,suburban,Agent,monthly,0,66.6,19705.89,500000,1417.73,354.43,0,0,578.6,0.0,0,0,0
P10124,2023-02-01,2019-06-01,active,Whole Life,OH,suburban,Agent,monthly,0,66.7,19705.89,500000,1417.73,354.43,0,0,763.26,0.0,0,0,0
P10124,2023-03-01,2019-06-01,active,Whole Life,OH,suburban,Agent,monthly,0,66.8,19705.89,500000,1417.73,354.43,0,0,682.91,0.0,0,0,0
P10124,2023-04-01,2019-06-01,active,Whole Life,OH,suburban,Agent,monthly,0,66.8,19705.89,500000,1417.73,236.29,1,1,643.71,0.0,0,0,0
P10124,2023-05-01,2019-06-01,active,Whole Life,OH,suburban,Agent,monthly,0,66.9,19705.89,500000,1417.73,354.43,1,1,403.72,0.0,0,0,0
P10124,2023-06-01,2019-06-01,active,Whole Life,OH,suburban,Agent,monthly,0,67.0,19705.89,500000,1417.73,354.43,1,1,418.16,0.0,0,0,0
P10124,2023-07-01,2019-06-01,active,Whole Life,OH,suburban,Agent,monthly,0,67.1,19705.89,500000,1417.73,354.43,2,1,895.49,0.0,0,0,0
P10124,2023-08-01,2019-06-01,active,Whole Life,OH,suburban,Agent,monthly,0,67.2,19705.89,500000,1417.73,354.43,3,0,814.77,0.0,0,1,0
P10124,2023-09-01,2019-06-01,active,Whole Life,OH,suburban,Agent,monthly,0,67.2,19705.89,500000,1417.73,354.43,3,0,840.72,0.0,0,0,0
P10124,2023-10-01,2019-06-01,active,Whole Life,OH,suburban,Agent,monthly,0,67.3,19705.89,500000,1417.73,236.29,4,0,742.84,0.0,0,0,0
P10124,2023-11-01,2019-06-01,active,Whole Life,OH,suburban,Agent,monthly,0,67.4,19705.89,500000,1417.73,354.43,4,0,556.1,0.0,1,0,0
P10124,2023-12-01,2019-06-01,active,Whole Life,OH,suburban,Agent,monthly,0,67.5,19705.89,500000,1417.73,354.43,4,2,393.24,126.86,0,0,0
P10124,2024-01-01,2019-06-01,active,Whole Life,OH,suburban,Agent,monthly,0,67.6,19705.89,500000,1417.73,236.29,4,1,674.47,189.11,0,0,1
P10124,2024-02-01,2019-06-01,lapsed,Whole Life,OH,suburban,Agent,monthly,0,67.7,19705.89,500000,1417.73,354.43,4,1,883.16,0.0,0,0,0
P10125,2023-01-01,2021-12-01,active,Term Life,GA,urban,Direct,monthly,0,28.1,25330.68,250000,1257.28,314.32,0,1,0.0,0.0,0,0,0
P10125,2023-02-01,2021-12-01,active,Term Life,GA,urban,Direct,monthly,0,28.2,25330.68,250000,1257.28,314.32,0,2,0.0,0.0,0,0,0
P10125,2023-03-01,2021-12-01,active,Term Life,GA,urban,Direct,monthly,0,28.2,25330.68,250000,1257.28,209.55,0,3,0.0,0.0,0,1,0
P10125,2023-04-01,2021-12-01,active,Term Life,GA,urban,Direct,monthly,0,28.3,25330.68,250000,1257.28,314.32,0,1,0.0,0.0,0,0,0
P10125,2023-05-01,2021-12-01,active,Term Life,GA,urban,Direct,monthly,0,28.4,25330.68,250000,1257.28,209.55,0,1,0.0,0.0,0,0,0
P10125,2023-06-01,2021-12-01,active,Term Life,GA,urban,Direct,monthly,0,28.5,25330.68,250000,1257.28,314.32,0,2,0.0,0.0,0,0,0
P10125,2023-07-01,2021-12-01,active,Term Life,GA,urban,Direct,monthly,0,28.6,25330.68,250000,1257.28,314.32,0,3,0.0,0.0,0,0,0
P10125,2023-08-01,2021-12-01,active,Term Life,GA,urban,Direct,monthly,0,28.7,25330.68,250000,1257.28,209.55,1,2,0.0,0.0,0,0,0
P10125,2023-09-01,2021-12-01,active,Term Life,GA,urban,Direct,monthly,0,28.8,25330.68,250000,1257.28,314.32,1,2,0.0,0.0,0,0,0
P10125,2023-10-01,2021-12-01,active,Term Life,GA,urban,Direct,monthly,0,28.8,25330.68,250000,1257.28,314.32,1,2,0.0,0.0,0,0,0
P10125,2023-11-01,2021-12-01,active,Term Life,GA,urban,Direct,monthly,0,28.9,25330.68,250000,1257.28,314.32,1,2,0.0,0.0,0,0,0
P10125,2023-12-01,2021-12-01,active,Term Life,GA,urban,Direct,monthly,0,29.0,25330.68,250000,1257.28,314.32,1,2,0.0,0.0,0,0,0
P10125,2024-01-01,2021-12-01,active,Term Life,GA,urban,Direct,monthly,0,29.1,25330.68,250000,1257.28,314.32,2,1,0.0,0.0,0,0,0
P10125,2024-02-01,2021-12-01,active,Term Life,GA,urban,Direct,monthly,0,29.2,25330.68,250000,1257.28,209.55,3,2,0.0,0.0,0,0,0
P10125,2024-03-01,2021-12-01,active,Term Life,GA,urban,Direct,monthly,0,29.2,25330.68,250000,1257.28,314.32,2,2,0.0,0.0,0,0,0
P10125,2024-04-01,2021-12-01,active,Term Life,GA,urban,Direct,monthly,0,29.3,25330.68,250000,1257.28,209.55,2,2,0.0,0.0,0,0,0
P10125,2024-05-01,2021-12-01,active,Term Life,GA,urban,Direct,monthly,0,29.4,25330.68,250000,1257.28,314.32,2,2,0.0,0.0,0,0,0
P10125,2024-06-01,2021-12-01,active,Term Life,GA,urban,Direct,monthly,0,29.5,25330.68,250000,1257.28,314.32,1,2,0.0,0.0,0,0,0
P10125,2024-07-01,2021-12-01,active,Term Life,GA,urban,Direct,monthly,0,29.6,25330.68,250000,1257.28,209.55,0,1,0.0,0.0,0,0,0
P10125,2024-08-01,2021-12-01,active,Term Life,GA,urban,Direct,monthly,0,29.7,25330.68,250000,1257.28,314.32,0,2,0.0,0.0,0,0,0
P10125,2024-09-01,2021-12-01,active,Term Life,GA,urban,Direct,monthly,0,29.8,25330.68,250000,1257.28,314.32,0,2,0.0,0.0,1,0,0
P10125,2024-10-01,2021-12-01,active,Term Life,GA,urban,Direct,monthly,0,29.8,25330.68,250000,1257.28,209.55,0,2,0.0,0.0,0,0,0
P10125,2024-11-01,2021-12-01,active,Term Life,GA,urban,Direct,monthly,0,29.9,25330.68,250000,1257.28,314.32,0,1,0.0,0.0,0,0,0
P10125,2024-12-01,2021-12-01,active,Term Life,GA,urban,Direct,monthly,0,30.0,25330.68,250000,1257.28,314.32,0,2,0.0,0.0,0,0,0
P10126,2023-01-01,2022-10-01,active,Term Life,NY,rural,Direct,quarterly,1,73.2,50725.51,150000,152.72,114.54,0,1,0.0,0.0,0,0,0
P10126,2023-02-01,2022-10-01,active,Term Life,NY,rural,Direct,quarterly,1,73.3,50725.51,150000,152.72,114.54,0,0,0.0,0.0,0,0,0
P10126,2023-03-01,2022-10-01,active,Term Life,NY,rural,Direct,quarterly,1,73.4,50725.51,150000,152.72,114.54,0,0,0.0,0.0,0,0,0
P10126,2023-04-01,2022-10-01,active,Term Life,NY,rural,Direct,quarterly,1,73.5,50725.51,150000,152.72,76.36,0,0,0.0,0.0,0,0,0
P10126,2023-05-01,2022-10-01,active,Term Life,NY,rural,Direct,quarterly,1,73.6,50725.51,150000,152.72,114.54,0,0,0.0,0.0,0,0,0
P10126,2023-06-01,2022-10-01,active,Term Life,NY,rural,Direct,quarterly,1,73.7,50725.51,150000,152.72,76.36,0,2,0.0,0.0,0,0,0
P10126,2023-07-01,2022-10-01,active,Term Life,NY,rural,Direct,quarterly,1,73.8,50725.51,150000,152.72,76.36,0,0,0.0,0.0,0,0,0
P10126,2023-08-01,2022-10-01,active,Term Life,NY,rural,Direct,quarterly,1,73.8,50725.51,150000,152.72,114.54,0,2,0.0,0.0,0,0,0
P10126,2023-09-01,2022-10-01,active,Term Life,NY,rural,Direct,quarterly,1,73.9,50725.51,150000,152.72,114.54,0,0,0.0,0.0,1,0,0
P10126,2023-10-01,2022-10-01,active,Term Life,NY,rural,Direct,quarterly,1,74.0,50725.51,150000,152.72,114.54,0,1,0.0,0.0,0,0,0
P10126,2023-11-01,2022-10-01,active,Term Life,NY,rural,Direct,quarterly,1,74.1,50725.51,150000,152.72,114.54,1,0,0.0,0.0,0,0,0
P10126,2023-12-01,2022-10-01,active,Term Life,NY,rural,Direct,quarterly,1,74.2,50725.51,150000,152.72,114.54,1,0,0.0,0.0,0,0,0
P10126,2024-01-01,2022-10-01,active,Term Life,NY,rural,Direct,quarterly,1,74.2,50725.51,150000,152.72,114.54,0,1,0.0,0.0,0,0,0
P10126,2024-02-01,2022-10-01,active,Term Life,NY,rural,Direct,quarterly,1,74.3,50725.51,150000,152.72,114.54,0,2,0.0,0.0,0,0,0
P10126,2024-03-01,2022-10-01,active,Term Life,NY,rural,Direct,quarterly,1,74.4,50725.51,150000,152.72,114.54,0,0,0.0,0.0,0,0,0
P10126,2024-04-01,2022-10-01,active,Term Life,NY,rural,Direct,quarterly,1,74.5,50725.51,150000,152.72,114.54,0,0,0.0,0.0,0,0,0
P10126,2024-05-01,2022-10-01,active,Term Life,NY,rural,Direct,quarterly,1,74.6,50725.51,150000,152.72,114.54,0,1,0.0,0.0,0,0,0
P10126,2024-06-01,2022-10-01,active,Term Life,NY,rural,Direct,quarterly,1,74.7,50725.51,150000,152.72,114.54,0,0,0.0,0.0,0,0,0
P10126,2024-07-01,2022-10-01,active,Term Life,NY,rural,Direct,quarterly,1,74.8,50725.51,150000,152.72,114.54,0,1,0.0,0.0,0,0,0
P10126,2024-08-01,2022-10-01,active,Term Life,NY,rural,Direct,quarterly,1,74.8,50725.51,150000,152.72,114.54,0,1,0.0,0.0,0,0,0
P10126,2024-09-01,2022-10-01,active,Term Life,NY,rural,Direct,quarterly,1,74.9,50725.51,150000,152.72,114.54,0,2,0.0,0.0,0,0,0
P10126,2024-10-01,2022-10-01,active,Term Life,NY,rural,Direct,quarterly,1,75.0,50725.51,150000,152.72,114.54,0,0,0.0,0.0,0,0,0
P10126,2024-11-01,2022-10-01,active,Term Life,NY,rural,Direct,quarterly,1,75.1,50725.51,150000,152.72,114.54,0,1,0.0,0.0,0,1,0
P10126,2024-12-01,2022-10-01,active,Term Life,NY,rural,Direct,quarterly,1,75.2,50725.51,150000,152.72,114.54,0,2,0.0,0.0,0,0,0
P10127,2023-01-01,2023-07-01,active,Indexed Universal Life,NY,rural,Agent,monthly,0,37.0,59955.46,750000,3983.43,995.86,0,2,0.0,0.0,0,0,0
P10127,2023-02-01,2023-07-01,active,Indexed Universal Life,NY,rural,Agent,monthly,0,37.0,59955.46,750000,3983.43,995.86,1,2,0.0,0.0,0,0,0
P10127,2023-03-01,2023-07-01,active,Indexed Universal Life,NY,rural,Agent,monthly,0,37.0,59955.46,750000,3983.43,995.86,1,3,0.0,0.0,0,0,0
P10127,2023-04-01,2023-07-01,active,Indexed Universal Life,NY,rural,Agent,monthly,0,37.0,59955.46,750000,3983.43,995.86,1,3,0.0,0.0,0,0,0
P10127,2023-05-01,2023-07-01,active,Indexed Universal Life,NY,rural,Agent,monthly,0,37.0,59955.46,750000,3983.43,663.91,0,3,0.0,0.0,0,0,0
P10127,2023-06-01,2023-07-01,active,Indexed Universal Life,NY,rural,Agent,monthly,0,37.0,59955.46,750000,3983.43,995.86,0,3,0.0,0.0,0,0,0
P10127,2023-07-01,2023-07-01,active,Indexed Universal Life,NY,rural,Agent,monthly,0,37.0,59955.46,750000,3983.43,663.91,0,5,0.0,0.0,0,0,0
P10127,2023-08-01,2023-07-01,active,Indexed Universal Life,NY,rural,Agent,monthly,0,37.1,59955.46,750000,3983.43,995.86,0,5,27.91,0.0,0,0,0
P10127,2023-09-01,2023-07-01,active,Indexed Universal Life,NY,rural,Agent,monthly,0,37.2,59955.46,750000,3983.43,995.86,0,2,49.09,0.0,0,0,0
P10127,2023-10-01,2023-07-01,active,Indexed Universal Life,NY,rural,Agent,monthly,0,37.2,59955.46,750000,3983.43,995.86,0,2,140.91,0.0,0,0,0
P10127,2023-11-01,2023-07-01,active,Indexed Universal Life,NY,rural,Agent,monthly,0,37.3,59955.46,750000,3983.43,995.86,0,3,199.06,0.0,0,0,0
P10127,2023-12-01,2023-07-01,active,Indexed Universal Life,NY,rural,Agent,monthly,0,37.4,59955.46,750000,3983.43,995.86,0,4,160.93,0.0,0,0,0
P10127,2024-01-01,2023-07-01,active,Indexed Universal Life,NY,rural,Agent,monthly,0,37.5,59955.46,750000,3983.43,995.86,0,2,191.29,0.0,0,0,0
P10127,2024-02-01,2023-07-01,active,Indexed Universal Life,NY,rural,Agent,monthly,0,37.6,59955.46,750000,3983.43,663.91,0,2,360.81,0.0,0,0,0
P10127,2024-03-01,2023-07-01,active,Indexed Universal Life,NY,rural,Agent,monthly,0,37.7,59955.46,750000,3983.43,663.91,0,2,465.83,0.0,0,0,0
P10127,2024-04-01,2023-07-01,active,Indexed Universal Life,NY,rural,Agent,monthly,0,37.8,59955.46,750000,3983.43,995.86,0,2,299.07,0.0,0,0,0
P10127,2024-05-01,2023-07-01,active,Indexed Universal Life,NY,rural,Agent,monthly,0,37.8,59955.46,750000,3983.43,995.86,0,3,357.97,0.0,0,0,0
P10127,2024-06-01,2023-07-01,active,Indexed Universal Life,NY,rural,Agent,monthly,0,37.9,59955.46,750000,3983.43,663.91,0,3,447.61,0.0,0,0,0
P10127,2024-07-01,2023-07-01,active,Indexed Universal Life,NY,rural,Agent,monthly,0,38.0,59955.46,750000,3983.43,663.91,0,2,644.35,0.0,0,0,0
P10127,2024-08-01,2023-07-01,active,Indexed Universal Life,NY,rural,Agent,monthly,0,38.1,59955.46,750000,3983.43,995.86,0,3,310.95,0.0,0,0,0
P10127,2024-09-01,2023-07-01,active,Indexed Universal Life,NY,rural,Agent,monthly,0,38.2,59955.46,750000,3983.43,995.86,0,3,763.61,0.0,0,0,0
P10127,2024-10-01,2023-07-01,active,Indexed Universal Life,NY,rural,Agent,monthly,0,38.2,59955.46,750000,3983.43,995.86,0,6,338.45,92.41,0,0,0
P10127,2024-11-01,2023-07-01,active,Indexed Universal Life,NY,rural,Agent,monthly,0,38.3,59955.46,750000,3983.43,995.86,0,2,677.41,0.0,0,0,0
P10127,2024-12-01,2023-07-01,active,Indexed Universal Life,NY,rural,Agent,monthly,0,38.4,59955.46,750000,3983.43,995.86,0,2,631.82,0.0,0,0,0
P10128,2023-01-01,2015-04-01,active,Universal Life,NJ,suburban,Bank,monthly,1,82.8,37491.39,750000,3572.06,893.02,0,1,3522.62,0.0,0,0,0
P10128,2023-02-01,2015-04-01,active,Universal Life,NJ,suburban,Bank,monthly,1,82.8,37491.39,750000,3572.06,893.02,0,1,3538.48,0.0,0,0,0
P10128,2023-03-01,2015-04-01,active,Universal Life,NJ,suburban,Bank,monthly,1,82.9,37491.39,750000,3572.06,893.02,0,1,2687.16,0.0,1,0,0
P10128,2023-04-01,2015-04-01,active,Universal Life,NJ,suburban,Bank,monthly,1,83.0,37491.39,750000,3572.06,893.02,0,2,2816.63,0.0,0,0,0
P10128,2023-05-01,2015-04-01,active,Universal Life,NJ,suburban,Bank,monthly,1,83.1,37491.39,750000,3572.06,893.02,0,2,4906.54,0.0,0,0,0
P10128,2023-06-01,2015-04-01,active,Universal Life,NJ,suburban,Bank,monthly,1,83.2,37491.39,750000,3572.06,893.02,0,1,5158.87,0.0,0,0,0
P10128,2023-07-01,2015-04-01,active,Universal Life,NJ,suburban,Bank,monthly,1,83.2,37491.39,750000,3572.06,893.02,0,1,3561.79,0.0,0,0,0
P10128,2023-08-01,2015-04-01,active,Universal Life,NJ,suburban,Bank,monthly,1,83.3,37491.39,750000,3572.06,893.02,0,1,2196.92,0.0,0,0,0
P10128,2023-09-01,2015-04-01,active,Universal Life,NJ,suburban,Bank,monthly,1,83.4,37491.39,750000,3572.06,893.02,0,2,4545.44,0.0,0,0,0
P10128,2023-10-01,2015-04-01,active,Universal Life,NJ,suburban,Bank,monthly,1,83.5,37491.39,750000,3572.06,893.02,0,1,3626.59,0.0,0,0,0
P10128,2023-11-01,2015-04-01,active,Universal Life,NJ,suburban,Bank,monthly,1,83.6,37491.39,750000,3572.06,893.02,0,4,5411.63,0.0,0,0,0
P10128,2023-12-01,2015-04-01,active,Universal Life,NJ,suburban,Bank,monthly,1,83.7,37491.39,750000,3572.06,893.02,0,1,4899.65,0.0,0,0,0
P10128,2024-01-01,2015-04-01,active,Universal Life,NJ,suburban,Bank,monthly,1,83.8,37491.39,750000,3572.06,893.02,0,1,4851.77,0.0,0,0,0
P10128,2024-02-01,2015-04-01,active,Universal Life,NJ,suburban,Bank,monthly,1,83.8,37491.39,750000,3572.06,893.02,0,3,4919.81,0.0,0,0,0
P10128,2024-03-01,2015-04-01,active,Universal Life,NJ,suburban,Bank,monthly,1,83.9,37491.39,750000,3572.06,893.02,0,1,5044.43,1383.11,0,0,0
P10128,2024-04-01,2015-04-01,active,Universal Life,NJ,suburban,Bank,monthly,1,84.0,37491.39,750000,3572.06,893.02,0,2,5507.56,0.0,0,0,0
P10128,2024-05-01,2015-04-01,active,Universal Life,NJ,suburban,Bank,monthly,1,84.1,37491.39,750000,3572.06,893.02,0,2,2198.14,0.0,1,0,0
P10128,2024-06-01,2015-04-01,active,Universal Life,NJ,suburban,Bank,monthly,1,84.2,37491.39,750000,3572.06,893.02,0,2,4037.46,0.0,0,0,0
P10128,2024-07-01,2015-04-01,active,Universal Life,NJ,suburban,Bank,monthly,1,84.2,37491.39,750000,3572.06,893.02,0,2,2027.91,0.0,0,1,0
P10128,2024-08-01,2015-04-01,active,Universal Life,NJ,suburban,Bank,monthly,1,84.3,37491.39,750000,3572.06,893.02,0,3,5097.7,0.0,0,0,0
P10128,2024-09-01,2015-04-01,active,Universal Life,NJ,suburban,Bank,monthly,1,84.4,37491.39,750000,3572.06,893.02,0,1,5734.82,0.0,0,0,0
P10128,2024-10-01,2015-04-01,active,Universal Life,NJ,suburban,Bank,monthly,1,84.5,37491.39,750000,3572.06,893.02,0,1,5389.76,0.0,0,0,0
P10128,2024-11-01,2015-04-01,active,Universal Life,NJ,suburban,Bank,monthly,1,84.6,37491.39,750000,3572.06,893.02,0,1,4682.94,0.0,0,0,0
P10128,2024-12-01,2015-04-01,active,Universal Life,NJ,suburban,Bank,monthly,1,84.7,37491.39,750000,3572.06,893.02,0,1,5466.58,0.0,0,0,0
P10129,2023-01-01,2015-02-01,active,Term Life,GA,suburban,Bank,quarterly,0,37.9,52201.1,500000,652.13,489.1,1,2,0.0,0.0,0,0,0
P10129,2023-02-01,2015-02-01,active,Term Life,GA,suburban,Bank,quarterly,0,38.0,52201.1,500000,652.13,489.1,1,2,0.0,0.0,0,0,0
P10129,2023-03-01,2015-02-01,active,Term Life,GA,suburban,Bank,quarterly,0,38.1,52201.1,500000,652.13,489.1,1,2,0.0,0.0,0,0,0
P10129,2023-04-01,2015-02-01,active,Term Life,GA,suburban,Bank,quarterly,0,38.2,52201.1,500000,652.13,489.1,1,3,0.0,0.0,0,0,0
P10129,2023-05-01,2015-02-01,active,Term Life,GA,suburban,Bank,quarterly,0,38.2,52201.1,500000,652.13,489.1,1,3,0.0,0.0,0,0,0
P10129,2023-06-01,2015-02-01,active,Term Life,GA,suburban,Bank,quarterly,0,38.3,52201.1,500000,652.13,326.06,0,4,0.0,0.0,0,1,0
P10129,2023-07-01,2015-02-01,active,Term Life,GA,suburban,Bank,quarterly,0,38.4,52201.1,500000,652.13,489.1,1,3,0.0,0.0,0,0,0
P10129,2023-08-01,2015-02-01,active,Term Life,GA,suburban,Bank,quarterly,0,38.5,52201.1,500000,652.13,489.1,0,4,0.0,0.0,0,0,0
P10129,2023-09-01,2015-02-01,active,Term Life,GA,suburban,Bank,quarterly,0,38.6,52201.1,500000,652.13,489.1,0,2,0.0,0.0,0,0,0
P10129,2023-10-01,2015-02-01,active,Term Life,GA,suburban,Bank,quarterly,0,38.7,52201.1,500000,652.13,326.06,0,4,0.0,0.0,0,0,0
P10129,2023-11-01,2015-02-01,active,Term Life,GA,suburban,Bank,quarterly,0,38.8,52201.1,500000,652.13,326.06,0,3,0.0,0.0,0,0,0
P10129,2023-12-01,2015-02-01,active,Term Life,GA,suburban,Bank,quarterly,0,38.8,52201.1,500000,652.13,489.1,0,2,0.0,0.0,0,0,0
P10129,2024-01-01,2015-02-01,active,Term Life,GA,suburban,Bank,quarterly,0,38.9,52201.1,500000,652.13,489.1,0,2,0.0,0.0,0,0,0
P10129,2024-02-01,2015-02-01,active,Term Life,GA,suburban,Bank,quarterly,0,39.0,52201.1,500000,652.13,489.1,0,2,0.0,0.0,0,0,0
P10129,2024-03-01,2015-02-01,active,Term Life,GA,suburban,Bank,quarterly,0,39.1,52201.1,500000,652.13,489.1,0,2,0.0,0.0,0,0,0
P10129,2024-04-01,2015-02-01,active,Term Life,GA,suburban,Bank,quarterly,0,39.2,52201.1,500000,652.13,326.06,0,2,0.0,0.0,0,0,0
P10129,2024-05-01,2015-02-01,active,Term Life,GA,suburban,Bank,quarterly,0,39.2,52201.1,500000,652.13,489.1,0,2,0.0,0.0,1,0,0
P10129,2024-06-01,2015-02-01,active,Term Life,GA,suburban,Bank,quarterly,0,39.3,52201.1,500000,652.13,326.06,0,2,0.0,0.0,0,0,0
P10129,2024-07-01,2015-02-01,active,Term Life,GA,suburban,Bank,quarterly,0,39.4,52201.1,500000,652.13,489.1,0,5,0.0,0.0,0,0,0
P10129,2024-08-01,2015-02-01,active,Term Life,GA,suburban,Bank,quarterly,0,39.5,52201.1,500000,652.13,326.06,1,3,0.0,0.0,0,0,0
P10129,2024-09-01,2015-02-01,active,Term Life,GA,suburban,Bank,quarterly,0,39.6,52201.1,500000,652.13,489.1,1,3,0.0,0.0,0,0,0
P10129,2024-10-01,2015-02-01,active,Term Life,GA,suburban,Bank,quarterly,0,39.7,52201.1,500000,652.13,326.06,1,2,0.0,0.0,0,0,0
P10129,2024-11-01,2015-02-01,active,Term Life,GA,suburban,Bank,quarterly,0,39.8,52201.1,500000,652.13,489.1,1,2,0.0,0.0,0,0,0
P10129,2024-12-01,2015-02-01,active,Term Life,GA,suburban,Bank,quarterly,0,39.8,52201.1,500000,652.13,489.1,1,2,0.0,0.0,0,0,0
P10130,2023-01-01,2022-07-01,active,Indexed Universal Life,AZ,urban,Agent,quarterly,1,72.5,38810.05,750000,1686.06,1264.54,0,3,163.7,0.0,0,1,0
P10130,2023-02-01,2022-07-01,active,Indexed Universal Life,AZ,urban,Agent,quarterly,1,72.6,38810.05,750000,1686.06,1264.54,0,3,178.49,0.0,0,0,0
P10130,2023-03-01,2022-07-01,active,Indexed Universal Life,AZ,urban,Agent,quarterly,1,72.7,38810.05,750000,1686.06,1264.54,0,2,351.38,0.0,0,0,0
P10130,2023-04-01,2022-07-01,active,Indexed Universal Life,AZ,urban,Agent,quarterly,1,72.8,38810.05,750000,1686.06,1264.54,0,2,311.17,0.0,1,0,0
P10130,2023-05-01,2022-07-01,active,Indexed Universal Life,AZ,urban,Agent,quarterly,1,72.8,38810.05,750000,1686.06,843.03,0,2,506.84,0.0,0,0,0
P10130,2023-06-01,2022-07-01,active,Indexed Universal Life,AZ,urban,Agent,quarterly,1,72.9,38810.05,750000,1686.06,1264.54,0,3,377.64,0.0,0,0,0
P10130,2023-07-01,2022-07-01,active,Indexed Universal Life,AZ,urban,Agent,quarterly,1,73.0,38810.05,750000,1686.06,1264.54,0,3,462.27,82.35,0,0,0
P10130,2023-08-01,2022-07-01,active,Indexed Universal Life,AZ,urban,Agent,quarterly,1,73.1,38810.05,750000,1686.06,1264.54,0,3,652.65,0.0,1,0,0
P10130,2023-09-01,2022-07-01,active,Indexed Universal Life,AZ,urban,Agent,quarterly,1,73.2,38810.05,750000,1686.06,843.03,0,2,591.59,0.0,0,0,0
P10130,2023-10-01,2022-07-01,active,Indexed Universal Life,AZ,urban,Agent,quarterly,1,73.2,38810.05,750000,1686.06,1264.54,0,2,589.03,0.0,0,0,0
P10130,2023-11-01,2022-07-01,active,Indexed Universal Life,AZ,urban,Agent,quarterly,1,73.3,38810.05,750000,1686.06,843.03,0,3,785.5,0.0,0,0,0
P10130,2023-12-01,2022-07-01,active,Indexed Universal Life,AZ,urban,Agent,quarterly,1,73.4,38810.05,750000,1686.06,1264.54,0,3,1014.38,0.0,0,0,0
P10130,2024-01-01,2022-07-01,active,Indexed Universal Life,AZ,urban,Agent,quarterly,1,73.5,38810.05,750000,1686.06,1264.54,0,4,684.61,0.0,0,0,0
P10130,2024-02-01,2022-07-01,active,Indexed Universal Life,AZ,urban,Agent,quarterly,1,73.6,38810.05,750000,1686.06,1264.54,0,2,858.64,0.0,0,0,0
P10130,2024-03-01,2022-07-01,active,Indexed Universal Life,AZ,urban,Agent,quarterly,1,73.7,38810.05,750000,1686.06,1264.54,0,5,1368.52,0.0,0,0,0
P10130,2024-04-01,2022-07-01,active,Indexed Universal Life,AZ,urban,Agent,quarterly,1,73.8,38810.05,750000,1686.06,843.03,0,3,1179.32,0.0,0,1,0
P10130,2024-05-01,2022-07-01,active,Indexed Universal Life,AZ,urban,Agent,quarterly,1,73.8,38810.05,750000,1686.06,1264.54,0,2,1413.22,0.0,0,0,1
P10130,2024-06-01,2022-07-01,lapsed,Indexed Universal Life,AZ,urban,Agent,quarterly,1,73.9,38810.05,750000,1686.06,1264.54,0,3,619.26,0.0,0,0,0
P10131,2023-01-01,2020-06-01,active,Indexed Universal Life,PA,urban,Agent,monthly,1,69.6,27981.33,250000,1581.92,395.48,0,2,563.64,0.0,0,0,0
P10131,2023-02-01,2020-06-01,active,Indexed Universal Life,PA,urban,Agent,monthly,1,69.7,27981.33,250000,1581.92,395.48,0,1,326.66,0.0,0,0,0
P10131,2023-03-01,2020-06-01,active,Indexed Universal Life,PA,urban,Agent,monthly,1,69.8,27981.33,250000,1581.92,395.48,0,1,386.26,0.0,0,0,0
P10131,2023-04-01,2020-06-01,active,Indexed Universal Life,PA,urban,Agent,monthly,1,69.8,27981.33,250000,1581.92,395.48,0,5,491.59,0.0,0,0,0
P10131,2023-05-01,2020-06-01,active,Indexed Universal Life,PA,urban,Agent,monthly,1,69.9,27981.33,250000,1581.92,263.65,0,2,699.15,0.0,0,0,0
P10131,2023-06-01,2020-06-01,active,Indexed Universal Life,PA,urban,Agent,monthly,1,70.0,27981.33,250000,1581.92,395.48,0,1,418.61,0.0,0,0,0
P10131,2023-07-01,2020-06-01,active,Indexed Universal Life,PA,urban,Agent,monthly,1,70.1,27981.33,250000,1581.92,395.48,0,4,827.09,0.0,0,0,0
P10131,2023-08-01,2020-06-01,active,Indexed Universal Life,PA,urban,Agent,monthly,1,70.2,27981.33,250000,1581.92,395.48,0,2,629.16,0.0,1,0,0
P10131,2023-09-01,2020-06-01,active,Indexed Universal Life,PA,urban,Agent,monthly,1,70.2,27981.33,250000,1581.92,395.48,0,1,347.58,0.0,1,0,0
P10131,2023-10-01,2020-06-01,active,Indexed Universal Life,PA,urban,Agent,monthly,1,70.3,27981.33,250000,1581.92,395.48,1,2,746.83,0.0,0,0,0
P10131,2023-11-01,2020-06-01,active,Indexed Universal Life,PA,urban,Agent,monthly,1,70.4,27981.33,250000,1581.92,263.65,0,1,572.13,0.0,0,0,0
P10131,2023-12-01,2020-06-01,active,Indexed Universal Life,PA,urban,Agent,monthly,1,70.5,27981.33,250000,1581.92,395.48,0,1,806.86,0.0,0,0,0
P10131,2024-01-01,2020-06-01,active,Indexed Universal Life,PA,urban,Agent,monthly,1,70.6,27981.33,250000,1581.92,395.48,1,2,635.95,0.0,0,0,0
P10131,2024-02-01,2020-06-01,active,Indexed Universal Life,PA,urban,Agent,monthly,1,70.7,27981.33,250000,1581.92,263.65,1,3,402.19,0.0,1,0,0
P10131,2024-03-01,2020-06-01,active,Indexed Universal Life,PA,urban,Agent,monthly,1,70.8,27981.33,250000,1581.92,395.48,1,2,969.29,0.0,0,0,0
P10131,2024-04-01,2020-06-01,active,Indexed Universal Life,PA,urban,Agent,monthly,1,70.8,27981.33,250000,1581.92,395.48,2,2,1081.11,0.0,0,0,0
P10131,2024-05-01,2020-06-01,active,Indexed Universal Life,PA,urban,Agent,monthly,1,70.9,27981.33,250000,1581.92,395.48,3,2,1113.34,0.0,0,0,0
P10131,2024-06-01,2020-06-01,active,Indexed Universal Life,PA,urban,Agent,monthly,1,71.0,27981.33,250000,1581.92,395.48,3,1,939.83,0.0,0,0,0
P10131,2024-07-01,2020-06-01,active,Indexed Universal Life,PA,urban,Agent,monthly,1,71.1,27981.33,250000,1581.92,395.48,3,2,754.47,0.0,0,0,0
P10131,2024-08-01,2020-06-01,active,Indexed Universal Life,PA,urban,Agent,monthly,1,71.2,27981.33,250000,1581.92,263.65,2,2,919.5,0.0,1,0,0
P10131,2024-09-01,2020-06-01,active,Indexed Universal Life,PA,urban,Agent,monthly,1,71.2,27981.33,250000,1581.92,395.48,2,1,796.78,0.0,0,0,0
P10131,2024-10-01,2020-06-01,active,Indexed Universal Life,PA,urban,Agent,monthly,1,71.3,27981.33,250000,1581.92,395.48,2,1,1098.66,443.43,0,0,0
P10131,2024-11-01,2020-06-01,active,Indexed Universal Life,PA,urban,Agent,monthly,1,71.4,27981.33,250000,1581.92,395.48,2,2,1089.86,0.0,1,0,0
P10131,2024-12-01,2020-06-01,active,Indexed Universal Life,PA,urban,Agent,monthly,1,71.5,27981.33,250000,1581.92,395.48,2,1,782.51,0.0,0,0,0
P10132,2023-01-01,2019-11-01,active,Whole Life,PA,urban,Agent,annual,0,30.2,104882.32,500000,124.18,372.55,0,1,525.5,0.0,0,0,0
P10132,2023-02-01,2019-11-01,active,Whole Life,PA,urban,Agent,annual,0,30.2,104882.32,500000,124.18,372.55,0,0,492.12,0.0,0,0,0
P10132,2023-03-01,2019-11-01,active,Whole Life,PA,urban,Agent,annual,0,30.3,104882.32,500000,124.18,372.55,0,1,445.17,0.0,0,0,0
P10132,2023-04-01,2019-11-01,active,Whole Life,PA,urban,Agent,annual,0,30.4,104882.32,500000,124.18,372.55,0,1,712.29,0.0,0,0,0
P10132,2023-05-01,2019-11-01,active,Whole Life,PA,urban,Agent,annual,0,30.5,104882.32,500000,124.18,372.55,0,0,640.92,0.0,0,0,0
P10132,2023-06-01,2019-11-01,active,Whole Life,PA,urban,Agent,annual,0,30.6,104882.32,500000,124.18,248.37,0,0,467.01,0.0,0,0,0
P10132,2023-07-01,2019-11-01,active,Whole Life,PA,urban,Agent,annual,0,30.7,104882.32,500000,124.18,372.55,0,0,961.96,0.0,0,0,0
P10132,2023-08-01,2019-11-01,active,Whole Life,PA,urban,Agent,annual,0,30.8,104882.32,500000,124.18,372.55,0,0,748.0,0.0,0,0,0
P10132,2023-09-01,2019-11-01,active,Whole Life,PA,urban,Agent,annual,0,30.8,104882.32,500000,124.18,372.55,0,1,664.71,0.0,0,0,0
P10132,2023-10-01,2019-11-01,active,Whole Life,PA,urban,Agent,annual,0,30.9,104882.32,500000,124.18,372.55,0,0,460.44,0.0,0,0,0
P10132,2023-11-01,2019-11-01,active,Whole Life,PA,urban,Agent,annual,0,31.0,104882.32,500000,124.18,372.55,0,0,464.66,0.0,0,0,0
P10132,2023-12-01,2019-11-01,active,Whole Life,PA,urban,Agent,annual,0,31.1,104882.32,500000,124.18,248.37,0,0,875.19,0.0,0,0,0
P10132,2024-01-01,2019-11-01,active,Whole Life,PA,urban,Agent,annual,0,31.2,104882.32,500000,124.18,372.55,1,0,890.26,0.0,0,0,0
P10132,2024-02-01,2019-11-01,active,Whole Life,PA,urban,Agent,annual,0,31.2,104882.32,500000,124.18,248.37,1,1,969.84,0.0,0,0,0
P10132,2024-03-01,2019-11-01,active,Whole Life,PA,urban,Agent,annual,0,31.3,104882.32,500000,124.18,248.37,1,0,445.17,0.0,0,0,0
P10132,2024-04-01,2019-11-01,active,Whole Life,PA,urban,Agent,annual,0,31.4,104882.32,500000,124.18,248.37,1,2,708.65,421.25,0,0,0
P10132,2024-05-01,2019-11-01,active,Whole Life,PA,urban,Agent,annual,0,31.5,104882.32,500000,124.18,248.37,0,0,742.55,0.0,0,0,0
P10132,2024-06-01,2019-11-01,active,Whole Life,PA,urban,Agent,annual,0,31.6,104882.32,500000,124.18,372.55,0,1,493.16,0.0,0,0,0
P10132,2024-07-01,2019-11-01,active,Whole Life,PA,urban,Agent,annual,0,31.7,104882.32,500000,124.18,248.37,0,1,1099.91,0.0,0,0,0
P10132,2024-08-01,2019-11-01,active,Whole Life,PA,urban,Agent,annual,0,31.8,104882.32,500000,124.18,372.55,0,0,1219.5,0.0,0,0,0
P10132,2024-09-01,2019-11-01,active,Whole Life,PA,urban,Agent,annual,0,31.8,104882.32,500000,124.18,372.55,0,1,844.76,0.0,0,0,0
P10132,2024-10-01,2019-11-01,active,Whole Life,PA,urban,Agent,annual,0,31.9,104882.32,500000,124.18,372.55,1,0,611.66,0.0,0,0,0
P10132,2024-11-01,2019-11-01,active,Whole Life,PA,urban,Agent,annual,0,32.0,104882.32,500000,124.18,372.55,1,1,801.49,0.0,0,0,0
P10132,2024-12-01,2019-11-01,active,Whole Life,PA,urban,Agent,annual,0,32.1,104882.32,500000,124.18,248.37,1,0,1001.45,0.0,0,0,0
P10133,2023-01-01,2022-08-01,active,Indexed Universal Life,PA,suburban,Broker,quarterly,1,63.4,18399.33,250000,442.13,331.6,0,3,85.63,0.0,0,0,0
P10133,2023-02-01,2022-08-01,active,Indexed Universal Life,PA,suburban,Broker,quarterly,1,63.5,18399.33,250000,442.13,331.6,0,2,77.6,0.0,0,0,0
P10133,2023-03-01,2022-08-01,active,Indexed Universal Life,PA,suburban,Broker,quarterly,1,63.6,18399.33,250000,442.13,331.6,0,1,75.5,0.0,0,0,0
P10133,2023-04-01,2022-08-01,active,Indexed Universal Life,PA,suburban,Broker,quarterly,1,63.7,18399.33,250000,442.13,331.6,0,1,153.18,0.0,0,0,0
P10133,2023-05-01,2022-08-01,active,Indexed Universal Life,PA,suburban,Broker,quarterly,1,63.8,18399.33,250000,442.13,331.6,0,2,122.75,62.36,0,0,0
P10133,2023-06-01,2022-08-01,active,Indexed Universal Life,PA,suburban,Broker,quarterly,1,63.8,18399.33,250000,442.13,331.6,1,1,85.17,0.0,1,0,0
P10133,2023-07-01,2022-08-01,active,Indexed Universal Life,PA,suburban,Broker,quarterly,1,63.9,18399.33,250000,442.13,221.07,1,1,119.02,0.0,1,0,0
P10133,2023-08-01,2022-08-01,active,Indexed Universal Life,PA,suburban,Broker,quarterly,1,64.0,18399.33,250000,442.13,221.07,1,2,103.59,40.63,0,0,0
P10133,2023-09-01,2022-08-01,active,Indexed Universal Life,PA,suburban,Broker,quarterly,1,64.1,18399.33,250000,442.13,331.6,1,1,176.54,0.0,0,0,0
P10133,2023-10-01,2022-08-01,active,Indexed Universal Life,PA,suburban,Broker,quarterly,1,64.2,18399.33,250000,442.13,331.6,1,2,148.06,0.0,0,0,0
P10133,2023-11-01,2022-08-01,active,Indexed Universal Life,PA,suburban,Broker,quarterly,1,64.2,18399.33,250000,442.13,331.6,1,1,245.54,0.0,0,0,0
P10133,2023-12-01,2022-08-01,active,Indexed Universal Life,PA,suburban,Broker,quarterly,1,64.3,18399.33,250000,442.13,331.6,1,1,294.91,0.0,0,0,0
P10133,2024-01-01,2022-08-01,active,Indexed Universal Life,PA,suburban,Broker,quarterly,1,64.4,18399.33,250000,442.13,331.6,1,3,157.78,0.0,0,0,0
P10133,2024-02-01,2022-08-01,active,Indexed Universal Life,PA,suburban,Broker,quarterly,1,64.5,18399.33,250000,442.13,331.6,1,1,308.61,0.0,0,0,0
P10133,2024-03-01,2022-08-01,active,Indexed Universal Life,PA,suburban,Broker,quarterly,1,64.6,18399.33,250000,442.13,331.6,1,2,158.81,0.0,0,0,0
P10133,2024-04-01,2022-08-01,active,Indexed Universal Life,PA,suburban,Broker,quarterly,1,64.7,18399.33,250000,442.13,331.6,1,1,392.92,0.0,0,0,0
P10133,2024-05-01,2022-08-01,active,Indexed Universal Life,PA,suburban,Broker,quarterly,1,64.8,18399.33,250000,442.13,331.6,1,3,187.21,0.0,0,0,0
P10133,2024-06-01,2022-08-01,active,Indexed Universal Life,PA,suburban,Broker,quarterly,1,64.8,18399.33,250000,442.13,331.6,1,2,202.53,0.0,1,0,0
P10133,2024-07-01,2022-08-01,active,Indexed Universal Life,PA,suburban,Broker,quarterly,1,64.9,18399.33,250000,442.13,221.07,1,1,203.38,0.0,0,0,0
P10133,2024-08-01,2022-08-01,active,Indexed Universal Life,PA,suburban,Broker,quarterly,1,65.0,18399.33,250000,442.13,221.07,0,1,259.9,0.0,0,0,0
P10133,2024-09-01,2022-08-01,active,Indexed Universal Life,PA,suburban,Broker,quarterly,1,65.1,18399.33,250000,442.13,331.6,0,1,278.46,0.0,0,0,0
P10133,2024-10-01,2022-08-01,active,Indexed Universal Life,PA,suburban,Broker,quarterly,1,65.2,18399.33,250000,442.13,331.6,0,2,437.0,0.0,0,0,0
P10133,2024-11-01,2022-08-01,active,Indexed Universal Life,PA,suburban,Broker,quarterly,1,65.2,18399.33,250000,442.13,331.6,0,2,224.6,0.0,0,0,0
P10133,2024-12-01,2022-08-01,active,Indexed Universal Life,PA,suburban,Broker,quarterly,1,65.3,18399.33,250000,442.13,331.6,0,2,365.41,0.0,0,0,0
P10134,2023-01-01,2014-06-01,active,Term Life,AZ,urban,Direct,quarterly,1,33.6,70626.29,250000,333.07,249.8,0,3,0.0,0.0,0,0,0
P10134,2023-02-01,2014-06-01,active,Term Life,AZ,urban,Direct,quarterly,1,33.7,70626.29,250000,333.07,249.8,0,3,0.0,0.0,0,0,0
P10134,2023-03-01,2014-06-01,active,Term Life,AZ,urban,Direct,quarterly,1,33.8,70626.29,250000,333.07,249.8,0,7,0.0,0.0,0,0,0
P10134,2023-04-01,2014-06-01,active,Term Life,AZ,urban,Direct,quarterly,1,33.8,70626.29,250000,333.07,249.8,0,3,0.0,0.0,0,0,0
P10134,2023-05-01,2014-06-01,active,Term Life,AZ,urban,Direct,quarterly,1,33.9,70626.29,250000,333.07,249.8,0,2,0.0,0.0,0,0,0
P10134,2023-06-01,2014-06-01,active,Term Life,AZ,urban,Direct,quarterly,1,34.0,70626.29,250000,333.07,249.8,0,2,0.0,0.0,0,0,0
P10134,2023-07-01,2014-06-01,active,Term Life,AZ,urban,Direct,quarterly,1,34.1,70626.29,250000,333.07,249.8,0,3,0.0,0.0,0,0,0
P10134,2023-08-01,2014-06-01,active,Term Life,AZ,urban,Direct,quarterly,1,34.2,70626.29,250000,333.07,166.53,0,2,0.0,0.0,0,0,0
P10134,2023-09-01,2014-06-01,active,Term Life,AZ,urban,Direct,quarterly,1,34.2,70626.29,250000,333.07,249.8,0,2,0.0,0.0,1,0,0
P10134,2023-10-01,2014-06-01,active,Term Life,AZ,urban,Direct,quarterly,1,34.3,70626.29,250000,333.07,249.8,0,2,0.0,0.0,0,0,0
P10134,2023-11-01,2014-06-01,active,Term Life,AZ,urban,Direct,quarterly,1,34.4,70626.29,250000,333.07,249.8,0,3,0.0,0.0,1,0,0
P10134,2023-12-01,2014-06-01,active,Term Life,AZ,urban,Direct,quarterly,1,34.5,70626.29,250000,333.07,249.8,0,2,0.0,0.0,0,1,0
P10134,2024-01-01,2014-06-01,active,Term Life,AZ,urban,Direct,quarterly,1,34.6,70626.29,250000,333.07,249.8,0,3,0.0,0.0,0,0,0
P10134,2024-02-01,2014-06-01,active,Term Life,AZ,urban,Direct,quarterly,1,34.7,70626.29,250000,333.07,249.8,0,2,0.0,0.0,0,0,0
P10134,2024-03-01,2014-06-01,active,Term Life,AZ,urban,Direct,quarterly,1,34.8,70626.29,250000,333.07,249.8,0,2,0.0,0.0,0,0,0
P10134,2024-04-01,2014-06-01,active,Term Life,AZ,urban,Direct,quarterly,1,34.8,70626.29,250000,333.07,249.8,0,2,0.0,0.0,1,0,0
P10134,2024-05-01,2014-06-01,active,Term Life,AZ,urban,Direct,quarterly,1,34.9,70626.29,250000,333.07,249.8,0,2,0.0,0.0,0,0,0
P10134,2024-06-01,2014-06-01,active,Term Life,AZ,urban,Direct,quarterly,1,35.0,70626.29,250000,333.07,249.8,0,2,0.0,0.0,0,0,0
P10134,2024-07-01,2014-06-01,active,Term Life,AZ,urban,Direct,quarterly,1,35.1,70626.29,250000,333.07,249.8,0,4,0.0,0.0,0,0,0
P10134,2024-08-01,2014-06-01,active,Term Life,AZ,urban,Direct,quarterly,1,35.2,70626.29,250000,333.07,249.8,0,2,0.0,0.0,0,0,0
P10134,2024-09-01,2014-06-01,active,Term Life,AZ,urban,Direct,quarterly,1,35.2,70626.29,250000,333.07,249.8,0,3,0.0,0.0,0,0,0
P10134,2024-10-01,2014-06-01,active,Term Life,AZ,urban,Direct,quarterly,1,35.3,70626.29,250000,333.07,249.8,0,2,0.0,0.0,0,0,0
P10134,2024-11-01,2014-06-01,active,Term Life,AZ,urban,Direct,quarterly,1,35.4,70626.29,250000,333.07,249.8,0,2,0.0,0.0,0,0,0
P10134,2024-12-01,2014-06-01,active,Term Life,AZ,urban,Direct,quarterly,1,35.5,70626.29,250000,333.07,166.53,0,6,0.0,0.0,0,0,0
P10135,2023-01-01,2016-12-01,active,Whole Life,OH,suburban,Broker,monthly,1,78.1,51243.37,500000,3444.1,861.02,0,3,2905.4,0.0,0,0,0
P10135,2023-02-01,2016-12-01,active,Whole Life,OH,suburban,Broker,monthly,1,78.2,51243.37,500000,3444.1,861.02,0,3,2432.87,0.0,0,0,0
P10135,2023-03-01,2016-12-01,active,Whole Life,OH,suburban,Broker,monthly,1,78.2,51243.37,500000,3444.1,861.02,0,5,3196.91,0.0,0,0,0
P10135,2023-04-01,2016-12-01,active,Whole Life,OH,suburban,Broker,monthly,1,78.3,51243.37,500000,3444.1,861.02,0,3,2206.59,0.0,0,0,0
P10135,2023-05-01,2016-12-01,active,Whole Life,OH,suburban,Broker,monthly,1,78.4,51243.37,500000,3444.1,861.02,0,4,3725.33,0.0,0,0,1
P10135,2023-06-01,2016-12-01,lapsed,Whole Life,OH,suburban,Broker,monthly,1,78.5,51243.37,500000,3444.1,861.02,0,2,3636.98,0.0,0,0,0
P10135,2023-07-01,2016-12-01,lapsed,Whole Life,OH,suburban,Broker,monthly,1,78.6,51243.37,500000,3444.1,861.02,0,2,2048.05,0.0,1,0,0
P10136,2023-01-01,2014-11-01,active,Universal Life,FL,suburban,Agent,quarterly,0,78.2,33837.34,500000,971.22,485.61,0,2,2608.86,0.0,0,0,0
P10136,2023-02-01,2014-11-01,active,Universal Life,FL,suburban,Agent,quarterly,0,78.2,33837.34,500000,971.22,485.61,0,3,2769.67,0.0,0,0,0
P10136,2023-03-01,2014-11-01,active,Universal Life,FL,suburban,Agent,quarterly,0,78.3,33837.34,500000,971.22,728.41,0,2,3017.07,735.17,0,0,0
P10136,2023-04-01,2014-11-01,active,Universal Life,FL,suburban,Agent,quarterly,0,78.4,33837.34,500000,971.22,728.41,0,3,3527.6,0.0,0,0,0
P10136,2023-05-01,2014-11-01,active,Universal Life,FL,suburban,Agent,quarterly,0,78.5,33837.34,500000,971.22,728.41,0,2,3578.28,0.0,0,0,0
P10136,2023-06-01,2014-11-01,active,Universal Life,FL,suburban,Agent,quarterly,0,78.6,33837.34,500000,971.22,728.41,0,3,1609.85,0.0,0,0,0
P10136,2023-07-01,2014-11-01,active,Universal Life,FL,suburban,Agent,quarterly,0,78.7,33837.34,500000,971.22,728.41,0,2,4300.58,0.0,0,0,0
P10136,2023-08-01,2014-11-01,active,Universal Life,FL,suburban,Agent,quarterly,0,78.8,33837.34,500000,971.22,728.41,0,3,2963.66,0.0,0,0,0
P10136,2023-09-01,2014-11-01,active,Universal Life,FL,suburban,Agent,quarterly,0,78.8,33837.34,500000,971.22,728.41,0,2,1830.34,0.0,0,0,0
P10136,2023-10-01,2014-11-01,active,Universal Life,FL,suburban,Agent,quarterly,0,78.9,33837.34,500000,971.22,728.41,0,3,2311.14,255.02,0,0,0
P10136,2023-11-01,2014-11-01,active,Universal Life,FL,suburban,Agent,quarterly,0,79.0,33837.34,500000,971.22,485.61,0,2,2868.64,0.0,0,0,0
P10136,2023-12-01,2014-11-01,active,Universal Life,FL,suburban,Agent,quarterly,0,79.1,33837.34,500000,971.22,728.41,1,2,2392.01,0.0,0,0,0
P10136,2024-01-01,2014-11-01,active,Universal Life,FL,suburban,Agent,quarterly,0,79.2,33837.34,500000,971.22,728.41,1,4,4395.61,0.0,0,0,0
P10136,2024-02-01,2014-11-01,active,Universal Life,FL,suburban,Agent,quarterly,0,79.2,33837.34,500000,971.22,728.41,0,2,2781.26,0.0,0,0,0
P10136,2024-03-01,2014-11-01,active,Universal Life,FL,suburban,Agent,quarterly,0,79.3,33837.34,500000,971.22,728.41,0,3,2596.23,0.0,0,0,0
P10136,2024-04-01,2014-11-01,active,Universal Life,FL,suburban,Agent,quarterly,0,79.4,33837.34,500000,971.22,485.61,0,2,1943.6,0.0,0,0,0
P10136,2024-05-01,2014-11-01,active,Universal Life,FL,suburban,Agent,quarterly,0,79.5,33837.34,500000,971.22,728.41,0,2,2369.44,0.0,0,0,0
P10136,2024-06-01,2014-11-01,active,Universal Life,FL,suburban,Agent,quarterly,0,79.6,33837.34,500000,971.22,728.41,0,2,2568.04,0.0,0,0,0
P10136,2024-07-01,2014-11-01,active,Universal Life,FL,suburban,Agent,quarterly,0,79.7,33837.34,500000,971.22,728.41,0,3,4164.53,0.0,0,0,0
P10136,2024-08-01,2014-11-01,active,Universal Life,FL,suburban,Agent,quarterly,0,79.8,33837.34,500000,971.22,728.41,0,2,1807.46,0.0,0,0,0
P10136,2024-09-01,2014-11-01,active,Universal Life,FL,suburban,Agent,quarterly,0,79.8,33837.34,500000,971.22,728.41,0,2,3423.66,0.0,0,0,0
P10136,2024-10-01,2014-11-01,active,Universal Life,FL,suburban,Agent,quarterly,0,79.9,33837.34,500000,971.22,728.41,0,2,3706.47,0.0,0,0,0
P10136,2024-11-01,2014-11-01,active,Universal Life,FL,suburban,Agent,quarterly,0,80.0,33837.34,500000,971.22,728.41,0,2,2372.87,0.0,0,0,0
P10136,2024-12-01,2014-11-01,active,Universal Life,FL,suburban,Agent,quarterly,0,80.1,33837.34,500000,971.22,728.41,0,2,4349.02,0.0,0,0,0
P10137,2023-01-01,2016-09-01,active,Term Life,AZ,suburban,Agent,annual,1,52.3,36362.05,100000,28.06,84.18,0,2,0.0,0.0,0,1,0
P10137,2023-02-01,2016-09-01,active,Term Life,AZ,suburban,Agent,annual,1,52.4,36362.05,100000,28.06,84.18,0,2,0.0,0.0,0,0,0
P10137,2023-03-01,2016-09-01,active,Term Life,AZ,suburban,Agent,annual,1,52.5,36362.05,100000,28.06,84.18,0,3,0.0,0.0,0,0,0
P10137,2023-04-01,2016-09-01,active,Term Life,AZ,suburban,Agent,annual,1,52.6,36362.05,100000,28.06,84.18,0,2,0.0,0.0,0,0,0
P10137,2023-05-01,2016-09-01,active,Term Life,AZ,suburban,Agent,annual,1,52.7,36362.05,100000,28.06,84.18,0,2,0.0,0.0,0,0,0
P10137,2023-06-01,2016-09-01,active,Term Life,AZ,suburban,Agent,annual,1,52.8,36362.05,100000,28.06,84.18,0,2,0.0,0.0,0,0,0
P10137,2023-07-01,2016-09-01,active,Term Life,AZ,suburban,Agent,annual,1,52.8,36362.05,100000,28.06,84.18,0,3,0.0,0.0,0,0,0
P10137,2023-08-01,2016-09-01,active,Term Life,AZ,suburban,Agent,annual,1,52.9,36362.05,100000,28.06,84.18,0,3,0.0,0.0,0,0,0
P10137,2023-09-01,2016-09-01,active,Term Life,AZ,suburban,Agent,annual,1,53.0,36362.05,100000,28.06,56.12,0,2,0.0,0.0,0,0,0
P10137,2023-10-01,2016-09-01,active,Term Life,AZ,suburban,Agent,annual,1,53.1,36362.05,100000,28.06,84.18,0,2,0.0,0.0,0,0,0
P10137,2023-11-01,2016-09-01,active,Term Life,AZ,suburban,Agent,annual,1,53.2,36362.05,100000,28.06,56.12,0,2,0.0,0.0,0,0,0
P10137,2023-12-01,2016-09-01,active,Term Life,AZ,suburban,Agent,annual,1,53.2,36362.05,100000,28.06,84.18,1,2,0.0,0.0,0,0,0
P10137,2024-01-01,2016-09-01,active,Term Life,AZ,suburban,Agent,annual,1,53.3,36362.05,100000,28.06,84.18,1,2,0.0,0.0,0,0,0
P10137,2024-02-01,2016-09-01,active,Term Life,AZ,suburban,Agent,annual,1,53.4,36362.05,100000,28.06,84.18,1,3,0.0,0.0,0,0,0
P10137,2024-03-01,2016-09-01,active,Term Life,AZ,suburban,Agent,annual,1,53.5,36362.05,100000,28.06,84.18,1,2,0.0,0.0,0,0,0
P10137,2024-04-01,2016-09-01,active,Term Life,AZ,suburban,Agent,annual,1,53.6,36362.05,100000,28.06,84.18,1,2,0.0,0.0,0,0,0
P10137,2024-05-01,2016-09-01,active,Term Life,AZ,suburban,Agent,annual,1,53.7,36362.05,100000,28.06,84.18,1,2,0.0,0.0,0,0,0
P10137,2024-06-01,2016-09-01,active,Term Life,AZ,suburban,Agent,annual,1,53.8,36362.05,100000,28.06,84.18,1,2,0.0,0.0,0,0,0
P10137,2024-07-01,2016-09-01,active,Term Life,AZ,suburban,Agent,annual,1,53.8,36362.05,100000,28.06,84.18,0,2,0.0,0.0,0,0,0
P10137,2024-08-01,2016-09-01,active,Term Life,AZ,suburban,Agent,annual,1,53.9,36362.05,100000,28.06,84.18,0,2,0.0,0.0,1,0,0
P10137,2024-09-01,2016-09-01,active,Term Life,AZ,suburban,Agent,annual,1,54.0,36362.05,100000,28.06,84.18,0,2,0.0,0.0,0,1,0
P10137,2024-10-01,2016-09-01,active,Term Life,AZ,suburban,Agent,annual,1,54.1,36362.05,100000,28.06,84.18,0,4,0.0,0.0,0,0,0
P10137,2024-11-01,2016-09-01,active,Term Life,AZ,suburban,Agent,annual,1,54.2,36362.05,100000,28.06,84.18,0,2,0.0,0.0,0,0,0
P10137,2024-12-01,2016-09-01,active,Term Life,AZ,suburban,Agent,annual,1,54.2,36362.05,100000,28.06,84.18,0,2,0.0,0.0,0,0,0
P10138,2023-01-01,2019-09-01,active,Term Life,FL,urban,Direct,monthly,1,57.3,82168.85,1000000,8014.94,2003.74,0,4,0.0,0.0,0,0,0
P10138,2023-02-01,2019-09-01,active,Term Life,FL,urban,Direct,monthly,1,57.4,82168.85,1000000,8014.94,2003.74,0,3,0.0,0.0,0,0,0
P10138,2023-03-01,2019-09-01,active,Term Life,FL,urban,Direct,monthly,1,57.5,82168.85,1000000,8014.94,2003.74,0,3,0.0,0.0,0,0,0
P10138,2023-04-01,2019-09-01,active,Term Life,FL,urban,Direct,monthly,1,57.6,82168.85,1000000,8014.94,2003.74,0,3,0.0,0.0,0,0,0
P10138,2023-05-01,2019-09-01,active,Term Life,FL,urban,Direct,monthly,1,57.7,82168.85,1000000,8014.94,2003.74,0,3,0.0,0.0,0,0,0
P10138,2023-06-01,2019-09-01,active,Term Life,FL,urban,Direct,monthly,1,57.8,82168.85,1000000,8014.94,2003.74,0,5,0.0,0.0,0,0,0
P10138,2023-07-01,2019-09-01,active,Term Life,FL,urban,Direct,monthly,1,57.8,82168.85,1000000,8014.94,2003.74,0,3,0.0,0.0,0,0,0
P10138,2023-08-01,2019-09-01,active,Term Life,FL,urban,Direct,monthly,1,57.9,82168.85,1000000,8014.94,2003.74,0,5,0.0,0.0,0,0,0
P10138,2023-09-01,2019-09-01,active,Term Life,FL,urban,Direct,monthly,1,58.0,82168.85,1000000,8014.94,2003.74,0,3,0.0,0.0,0,0,0
P10138,2023-10-01,2019-09-01,active,Term Life,FL,urban,Direct,monthly,1,58.1,82168.85,1000000,8014.94,2003.74,0,3,0.0,0.0,0,0,0
P10138,2023-11-01,2019-09-01,active,Term Life,FL,urban,Direct,monthly,1,58.2,82168.85,1000000,8014.94,2003.74,0,5,0.0,0.0,0,0,0
P10138,2023-12-01,2019-09-01,active,Term Life,FL,urban,Direct,monthly,1,58.2,82168.85,1000000,8014.94,1335.82,0,3,0.0,0.0,0,0,0
P10138,2024-01-01,2019-09-01,active,Term Life,FL,urban,Direct,monthly,1,58.3,82168.85,1000000,8014.94,2003.74,0,4,0.0,0.0,0,0,0
P10138,2024-02-01,2019-09-01,active,Term Life,FL,urban,Direct,monthly,1,58.4,82168.85,1000000,8014.94,2003.74,0,3,0.0,0.0,0,0,0
P10138,2024-03-01,2019-09-01,active,Term Life,FL,urban,Direct,monthly,1,58.5,82168.85,1000000,8014.94,1335.82,0,4,0.0,0.0,0,0,0
P10138,2024-04-01,2019-09-01,active,Term Life,FL,urban,Direct,monthly,1,58.6,82168.85,1000000,8014.94,2003.74,0,4,0.0,0.0,0,0,0
P10138,2024-05-01,2019-09-01,active,Term Life,FL,urban,Direct,monthly,1,58.7,82168.85,1000000,8014.94,2003.74,0,5,0.0,0.0,0,0,0
P10138,2024-06-01,2019-09-01,active,Term Life,FL,urban,Direct,monthly,1,58.8,82168.85,1000000,8014.94,2003.74,0,3,0.0,0.0,0,0,0
P10138,2024-07-01,2019-09-01,active,Term Life,FL,urban,Direct,monthly,1,58.8,82168.85,1000000,8014.94,2003.74,0,4,0.0,0.0,0,0,0
P10138,2024-08-01,2019-09-01,active,Term Life,FL,urban,Direct,monthly,1,58.9,82168.85,1000000,8014.94,2003.74,0,3,0.0,0.0,0,0,0
P10138,2024-09-01,2019-09-01,active,Term Life,FL,urban,Direct,monthly,1,59.0,82168.85,1000000,8014.94,2003.74,0,3,0.0,0.0,0,1,0
P10138,2024-10-01,2019-09-01,active,Term Life,FL,urban,Direct,monthly,1,59.1,82168.85,1000000,8014.94,2003.74,0,4,0.0,0.0,0,0,0
P10138,2024-11-01,2019-09-01,active,Term Life,FL,urban,Direct,monthly,1,59.2,82168.85,1000000,8014.94,2003.74,0,3,0.0,0.0,0,1,0
P10138,2024-12-01,2019-09-01,active,Term Life,FL,urban,Direct,monthly,1,59.2,82168.85,1000000,8014.94,1335.82,0,5,0.0,0.0,0,0,0
P10139,2023-01-01,2018-06-01,active,Universal Life,TX,suburban,Agent,monthly,0,44.6,173598.7,750000,5536.68,1384.17,0,2,2591.13,0.0,0,0,0
P10139,2023-02-01,2018-06-01,active,Universal Life,TX,suburban,Agent,monthly,0,44.7,173598.7,750000,5536.68,922.78,0,2,2763.51,447.27,0,0,0
P10139,2023-03-01,2018-06-01,active,Universal Life,TX,suburban,Agent,monthly,0,44.8,173598.7,750000,5536.68,1384.17,0,3,3491.74,0.0,0,0,0
P10139,2023-04-01,2018-06-01,active,Universal Life,TX,suburban,Agent,monthly,0,44.8,173598.7,750000,5536.68,1384.17,0,4,2365.16,0.0,0,0,0
P10139,2023-05-01,2018-06-01,active,Universal Life,TX,suburban,Agent,monthly,0,44.9,173598.7,750000,5536.68,1384.17,0,2,4618.51,0.0,1,0,0
P10139,2023-06-01,2018-06-01,active,Universal Life,TX,suburban,Agent,monthly,0,45.0,173598.7,750000,5536.68,1384.17,0,5,4640.59,0.0,0,0,0
P10139,2023-07-01,2018-06-01,active,Universal Life,TX,suburban,Agent,monthly,0,45.1,173598.7,750000,5536.68,1384.17,0,4,2201.15,1211.82,0,0,0
P10139,2023-08-01,2018-06-01,active,Universal Life,TX,suburban,Agent,monthly,0,45.2,173598.7,750000,5536.68,922.78,0,3,3614.96,0.0,0,0,0
P10139,2023-09-01,2018-06-01,active,Universal Life,TX,suburban,Agent,monthly,0,45.2,173598.7,750000,5536.68,1384.17,0,2,3989.86,0.0,0,0,0
P10139,2023-10-01,2018-06-01,active,Universal Life,TX,suburban,Agent,monthly,0,45.3,173598.7,750000,5536.68,922.78,0,2,4579.38,0.0,0,0,0
P10139,2023-11-01,2018-06-01,active,Universal Life,TX,suburban,Agent,monthly,0,45.4,173598.7,750000,5536.68,1384.17,0,4,2456.2,0.0,0,0,0
P10139,2023-12-01,2018-06-01,active,Universal Life,TX,suburban,Agent,monthly,0,45.5,173598.7,750000,5536.68,1384.17,1,3,1982.67,0.0,0,0,0
P10139,2024-01-01,2018-06-01,active,Universal Life,TX,suburban,Agent,monthly,0,45.6,173598.7,750000,5536.68,1384.17,1,3,3230.85,0.0,0,0,0
P10139,2024-02-01,2018-06-01,active,Universal Life,TX,suburban,Agent,monthly,0,45.7,173598.7,750000,5536.68,1384.17,1,3,4610.64,0.0,0,0,0
P10139,2024-03-01,2018-06-01,active,Universal Life,TX,suburban,Agent,monthly,0,45.8,173598.7,750000,5536.68,1384.17,1,2,5514.47,0.0,0,0,0
P10139,2024-04-01,2018-06-01,active,Universal Life,TX,suburban,Agent,monthly,0,45.8,173598.7,750000,5536.68,922.78,1,3,2458.88,0.0,1,0,0
P10139,2024-05-01,2018-06-01,active,Universal Life,TX,suburban,Agent,monthly,0,45.9,173598.7,750000,5536.68,922.78,1,2,2701.15,0.0,0,0,0
P10139,2024-06-01,2018-06-01,active,Universal Life,TX,suburban,Agent,monthly,0,46.0,173598.7,750000,5536.68,1384.17,1,3,4652.2,0.0,0,0,0
P10139,2024-07-01,2018-06-01,active,Universal Life,TX,suburban,Agent,monthly,0,46.1,173598.7,750000,5536.68,922.78,1,2,3944.8,0.0,0,0,0
P10139,2024-08-01,2018-06-01,active,Universal Life,TX,suburban,Agent,monthly,0,46.2,173598.7,750000,5536.68,1384.17,1,3,3417.54,0.0,0,0,0
P10139,2024-09-01,2018-06-01,active,Universal Life,TX,suburban,Agent,monthly,0,46.2,173598.7,750000,5536.68,1384.17,1,4,2338.81,0.0,0,0,0
P10139,2024-10-01,2018-06-01,active,Universal Life,TX,suburban,Agent,monthly,0,46.3,173598.7,750000,5536.68,1384.17,2,4,4496.79,1882.17,0,0,0
P10139,2024-11-01,2018-06-01,active,Universal Life,TX,suburban,Agent,monthly,0,46.4,173598.7,750000,5536.68,922.78,3,2,4710.89,0.0,0,0,0
P10139,2024-12-01,2018-06-01,active,Universal Life,TX,suburban,Agent,monthly,0,46.5,173598.7,750000,5536.68,1384.17,3,3,4068.3,0.0,0,0,0
P10140,2023-01-01,2016-01-01,active,Whole Life,AZ,urban,Broker,monthly,0,67.0,98866.18,500000,3149.44,787.36,0,3,2083.55,0.0,0,0,0
P10140,2023-02-01,2016-01-01,active,Whole Life,AZ,urban,Broker,monthly,0,67.1,98866.18,500000,3149.44,787.36,1,2,1862.98,0.0,1,0,0
P10140,2023-03-01,2016-01-01,active,Whole Life,AZ,urban,Broker,monthly,0,67.2,98866.18,500000,3149.44,787.36,0,3,2784.27,0.0,0,0,0
P10140,2023-04-01,2016-01-01,active,Whole Life,AZ,urban,Broker,monthly,0,67.2,98866.18,500000,3149.44,787.36,1,3,2761.15,0.0,0,0,0
P10140,2023-05-01,2016-01-01,active,Whole Life,AZ,urban,Broker,monthly,0,67.3,98866.18,500000,3149.44,787.36,0,3,1718.41,0.0,0,0,0
P10140,2023-06-01,2016-01-01,active,Whole Life,AZ,urban,Broker,monthly,0,67.4,98866.18,500000,3149.44,787.36,0,3,4078.37,0.0,0,0,0
P10140,2023-07-01,2016-01-01,active,Whole Life,AZ,urban,Broker,monthly,0,67.5,98866.18,500000,3149.44,787.36,0,2,2097.93,0.0,0,0,0
P10140,2023-08-01,2016-01-01,active,Whole Life,AZ,urban,Broker,monthly,0,67.6,98866.18,500000,3149.44,787.36,0,3,1475.23,0.0,0,0,0
P10140,2023-09-01,2016-01-01,active,Whole Life,AZ,urban,Broker,monthly,0,67.7,98866.18,500000,3149.44,787.36,0,4,2888.94,0.0,0,0,0
P10140,2023-10-01,2016-01-01,active,Whole Life,AZ,urban,Broker,monthly,0,67.8,98866.18,500000,3149.44,787.36,0,5,1536.79,0.0,0,0,0
P10140,2023-11-01,2016-01-01,active,Whole Life,AZ,urban,Broker,monthly,0,67.8,98866.18,500000,3149.44,524.91,0,2,3710.07,0.0,0,0,0
P10140,2023-12-01,2016-01-01,active,Whole Life,AZ,urban,Broker,monthly,0,67.9,98866.18,500000,3149.44,524.91,0,3,4353.55,0.0,1,0,0
P10140,2024-01-01,2016-01-01,active,Whole Life,AZ,urban,Broker,monthly,0,68.0,98866.18,500000,3149.44,524.91,0,2,2033.27,0.0,1,0,0
P10140,2024-02-01,2016-01-01,active,Whole Life,AZ,urban,Broker,monthly,0,68.1,98866.18,500000,3149.44,787.36,0,3,1903.89,0.0,0,0,0
P10140,2024-03-01,2016-01-01,active,Whole Life,AZ,urban,Broker,monthly,0,68.2,98866.18,500000,3149.44,787.36,1,4,3781.21,0.0,0,0,0
P10140,2024-04-01,2016-01-01,active,Whole Life,AZ,urban,Broker,monthly,0,68.2,98866.18,500000,3149.44,787.36,1,2,2191.74,0.0,0,0,0
P10140,2024-05-01,2016-01-01,active,Whole Life,AZ,urban,Broker,monthly,0,68.3,98866.18,500000,3149.44,787.36,0,3,2283.6,0.0,0,0,0
P10140,2024-06-01,2016-01-01,active,Whole Life,AZ,urban,Broker,monthly,0,68.4,98866.18,500000,3149.44,524.91,0,3,4175.59,0.0,0,0,0
P10140,2024-07-01,2016-01-01,active,Whole Life,AZ,urban,Broker,monthly,0,68.5,98866.18,500000,3149.44,524.91,0,2,1798.03,0.0,0,0,0
P10140,2024-08-01,2016-01-01,active,Whole Life,AZ,urban,Broker,monthly,0,68.6,98866.18,500000,3149.44,787.36,0,2,2125.93,0.0,0,0,0
P10140,2024-09-01,2016-01-01,active,Whole Life,AZ,urban,Broker,monthly,0,68.7,98866.18,500000,3149.44,524.91,1,2,4161.7,0.0,0,0,0
P10140,2024-10-01,2016-01-01,active,Whole Life,AZ,urban,Broker,monthly,0,68.8,98866.18,500000,3149.44,787.36,1,3,3172.71,656.89,0,0,0
P10140,2024-11-01,2016-01-01,active,Whole Life,AZ,urban,Broker,monthly,0,68.8,98866.18,500000,3149.44,787.36,1,2,2890.23,685.63,1,0,0
P10140,2024-12-01,2016-01-01,active,Whole Life,AZ,urban,Broker,monthly,0,68.9,98866.18,500000,3149.44,787.36,1,2,2395.03,0.0,0,0,0
P10141,2023-01-01,2016-08-01,active,Universal Life,NY,urban,Bank,monthly,1,56.4,90303.45,500000,1595.72,398.93,0,2,1140.36,486.4,0,0,0
P10141,2023-02-01,2016-08-01,active,Universal Life,NY,urban,Bank,monthly,1,56.5,90303.45,500000,1595.72,398.93,0,3,1689.5,458.95,0,0,0
P10141,2023-03-01,2016-08-01,active,Universal Life,NY,urban,Bank,monthly,1,56.6,90303.45,500000,1595.72,398.93,0,2,1204.46,0.0,0,0,0
P10141,2023-04-01,2016-08-01,active,Universal Life,NY,urban,Bank,monthly,1,56.7,90303.45,500000,1595.72,398.93,0,4,1808.08,0.0,0,0,0
P10141,2023-05-01,2016-08-01,active,Universal Life,NY,urban,Bank,monthly,1,56.8,90303.45,500000,1595.72,398.93,0,3,679.46,0.0,0,0,0
P10141,2023-06-01,2016-08-01,active,Universal Life,NY,urban,Bank,monthly,1,56.8,90303.45,500000,1595.72,398.93,0,3,1091.1,0.0,0,0,0
P10141,2023-07-01,2016-08-01,active,Universal Life,NY,urban,Bank,monthly,1,56.9,90303.45,500000,1595.72,398.93,0,2,1956.34,0.0,0,0,0
P10141,2023-08-01,2016-08-01,active,Universal Life,NY,urban,Bank,monthly,1,57.0,90303.45,500000,1595.72,398.93,0,4,1420.28,0.0,0,0,0
P10141,2023-09-01,2016-08-01,active,Universal Life,NY,urban,Bank,monthly,1,57.1,90303.45,500000,1595.72,398.93,0,2,1749.43,0.0,0,0,0
P10141,2023-10-01,2016-08-01,active,Universal Life,NY,urban,Bank,monthly,1,57.2,90303.45,500000,1595.72,398.93,0,2,806.73,0.0,0,0,0
P10141,2023-11-01,2016-08-01,active,Universal Life,NY,urban,Bank,monthly,1,57.2,90303.45,500000,1595.72,398.93,0,2,1629.81,0.0,0,0,0
P10141,2023-12-01,2016-08-01,active,Universal Life,NY,urban,Bank,monthly,1,57.3,90303.45,500000,1595.72,398.93,0,2,1482.1,648.9,0,0,0
P10141,2024-01-01,2016-08-01,active,Universal Life,NY,urban,Bank,monthly,1,57.4,90303.45,500000,1595.72,398.93,0,3,1779.47,0.0,0,0,0
P10141,2024-02-01,2016-08-01,active,Universal Life,NY,urban,Bank,monthly,1,57.5,90303.45,500000,1595.72,398.93,0,3,1945.52,0.0,0,0,0
P10141,2024-03-01,2016-08-01,active,Universal Life,NY,urban,Bank,monthly,1,57.6,90303.45,500000,1595.72,398.93,0,2,1183.59,0.0,0,0,0
P10141,2024-04-01,2016-08-01,active,Universal Life,NY,urban,Bank,monthly,1,57.7,90303.45,500000,1595.72,398.93,0,6,1289.35,0.0,0,0,0
P10141,2024-05-01,2016-08-01,active,Universal Life,NY,urban,Bank,monthly,1,57.8,90303.45,500000,1595.72,398.93,0,3,1388.22,0.0,0,0,0
P10141,2024-06-01,2016-08-01,active,Universal Life,NY,urban,Bank,monthly,1,57.8,90303.45,500000,1595.72,398.93,0,3,1872.42,0.0,0,0,0
P10141,2024-07-01,2016-08-01,active,Universal Life,NY,urban,Bank,monthly,1,57.9,90303.45,500000,1595.72,265.95,0,3,1784.77,0.0,0,0,0
P10141,2024-08-01,2016-08-01,active,Universal Life,NY,urban,Bank,monthly,1,58.0,90303.45,500000,1595.72,398.93,0,2,2090.04,0.0,0,0,0
P10141,2024-09-01,2016-08-01,active,Universal Life,NY,urban,Bank,monthly,1,58.1,90303.45,500000,1595.72,398.93,0,2,1660.32,0.0,0,0,0
P10141,2024-10-01,2016-08-01,active,Universal Life,NY,urban,Bank,monthly,1,58.2,90303.45,500000,1595.72,398.93,0,3,2104.88,336.94,0,0,0
P10141,2024-11-01,2016-08-01,active,Universal Life,NY,urban,Bank,monthly,1,58.2,90303.45,500000,1595.72,265.95,0,3,813.28,0.0,0,0,0
P10141,2024-12-01,2016-08-01,active,Universal Life,NY,urban,Bank,monthly,1,58.3,90303.45,500000,1595.72,398.93,1,2,1256.9,0.0,0,0,0
P10142,2023-01-01,2018-10-01,active,Universal Life,NY,urban,Broker,monthly,1,58.2,151369.63,500000,1612.25,268.71,0,3,746.69,0.0,0,0,0
P10142,2023-02-01,2018-10-01,active,Universal Life,NY,urban,Broker,monthly,1,58.3,151369.63,500000,1612.25,268.71,0,2,625.52,0.0,0,0,0
P10142,2023-03-01,2018-10-01,active,Universal Life,NY,urban,Broker,monthly,1,58.4,151369.63,500000,1612.25,403.06,0,3,742.84,0.0,0,0,0
P10142,2023-04-01,2018-10-01,active,Universal Life,NY,urban,Broker,monthly,1,58.5,151369.63,500000,1612.25,403.06,0,3,864.93,0.0,0,0,0
P10142,2023-05-01,2018-10-01,active,Universal Life,NY,urban,Broker,monthly,1,58.6,151369.63,500000,1612.25,403.06,0,4,883.6,0.0,0,0,0
P10142,2023-06-01,2018-10-01,active,Universal Life,NY,urban,Broker,monthly,1,58.7,151369.63,500000,1612.25,403.06,0,3,1018.6,0.0,0,0,0
P10142,2023-07-01,2018-10-01,active,Universal Life,NY,urban,Broker,monthly,1,58.8,151369.63,500000,1612.25,403.06,0,2,937.64,0.0,0,0,0
P10142,2023-08-01,2018-10-01,active,Universal Life,NY,urban,Broker,monthly,1,58.8,151369.63,500000,1612.25,403.06,0,3,1030.24,606.96,0,0,0
P10142,2023-09-01,2018-10-01,active,Universal Life,NY,urban,Broker,monthly,1,58.9,151369.63,500000,1612.25,403.06,0,2,931.87,0.0,1,0,1
P10142,2023-10-01,2018-10-01,lapsed,Universal Life,NY,urban,Broker,monthly,1,59.0,151369.63,500000,1612.25,403.06,0,3,730.69,0.0,0,0,0
P10143,2023-01-01,2021-01-01,active,Term Life,AZ,urban,Agent,monthly,0,71.0,70475.85,100000,685.36,114.23,0,0,0.0,0.0,0,0,0
P10143,2023-02-01,2021-01-01,active,Term Life,AZ,urban,Agent,monthly,0,71.1,70475.85,100000,685.36,171.34,0,2,0.0,0.0,0,0,0
P10143,2023-03-01,2021-01-01,active,Term Life,AZ,urban,Agent,monthly,0,71.2,70475.85,100000,685.36,171.34,0,0,0.0,0.0,0,0,0
P10143,2023-04-01,2021-01-01,active,Term Life,AZ,urban,Agent,monthly,0,71.2,70475.85,100000,685.36,171.34,0,0,0.0,0.0,0,0,0
P10143,2023-05-01,2021-01-01,active,Term Life,AZ,urban,Agent,monthly,0,71.3,70475.85,100000,685.36,114.23,0,0,0.0,0.0,0,0,0
P10143,2023-06-01,2021-01-01,active,Term Life,AZ,urban,Agent,monthly,0,71.4,70475.85,100000,685.36,171.34,0,0,0.0,0.0,0,0,0
P10143,2023-07-01,2021-01-01,active,Term Life,AZ,urban,Agent,monthly,0,71.5,70475.85,100000,685.36,171.34,0,3,0.0,0.0,0,0,0
P10143,2023-08-01,2021-01-01,active,Term Life,AZ,urban,Agent,monthly,0,71.6,70475.85,100000,685.36,114.23,0,0,0.0,0.0,0,0,0
P10143,2023-09-01,2021-01-01,active,Term Life,AZ,urban,Agent,monthly,0,71.7,70475.85,100000,685.36,171.34,0,0,0.0,0.0,1,0,0
P10143,2023-10-01,2021-01-01,active,Term Life,AZ,urban,Agent,monthly,0,71.8,70475.85,100000,685.36,171.34,0,1,0.0,0.0,0,0,0
P10143,2023-11-01,2021-01-01,active,Term Life,AZ,urban,Agent,monthly,0,71.8,70475.85,100000,685.36,114.23,0,1,0.0,0.0,0,0,0
P10143,2023-12-01,2021-01-01,active,Term Life,AZ,urban,Agent,monthly,0,71.9,70475.85,100000,685.36,171.34,0,1,0.0,0.0,0,0,0
P10143,2024-01-01,2021-01-01,active,Term Life,AZ,urban,Agent,monthly,0,72.0,70475.85,100000,685.36,171.34,0,0,0.0,0.0,0,0,0
P10143,2024-02-01,2021-01-01,active,Term Life,AZ,urban,Agent,monthly,0,72.1,70475.85,100000,685.36,171.34,0,2,0.0,0.0,0,0,0
P10143,2024-03-01,2021-01-01,active,Term Life,AZ,urban,Agent,monthly,0,72.2,70475.85,100000,685.36,171.34,1,0,0.0,0.0,0,0,0
P10143,2024-04-01,2021-01-01,active,Term Life,AZ,urban,Agent,monthly,0,72.2,70475.85,100000,685.36,171.34,0,0,0.0,0.0,0,0,0
P10143,2024-05-01,2021-01-01,active,Term Life,AZ,urban,Agent,monthly,0,72.3,70475.85,100000,685.36,171.34,0,0,0.0,0.0,0,0,0
P10143,2024-06-01,2021-01-01,active,Term Life,AZ,urban,Agent,monthly,0,72.4,70475.85,100000,685.36,171.34,0,0,0.0,0.0,0,0,0
P10143,2024-07-01,2021-01-01,active,Term Life,AZ,urban,Agent,monthly,0,72.5,70475.85,100000,685.36,171.34,0,3,0.0,0.0,0,0,0
P10143,2024-08-01,2021-01-01,active,Term Life,AZ,urban,Agent,monthly,0,72.6,70475.85,100000,685.36,171.34,1,3,0.0,0.0,0,0,0
P10143,2024-09-01,2021-01-01,active,Term Life,AZ,urban,Agent,monthly,0,72.7,70475.85,100000,685.36,114.23,1,1,0.0,0.0,1,0,0
P10143,2024-10-01,2021-01-01,active,Term Life,AZ,urban,Agent,monthly,0,72.8,70475.85,100000,685.36,171.34,1,1,0.0,0.0,0,0,0
P10143,2024-11-01,2021-01-01,active,Term Life,AZ,urban,Agent,monthly,0,72.8,70475.85,100000,685.36,114.23,1,0,0.0,0.0,0,0,0
P10143,2024-12-01,2021-01-01,active,Term Life,AZ,urban,Agent,monthly,0,72.9,70475.85,100000,685.36,114.23,0,0,0.0,0.0,0,0,0
P10144,2023-01-01,2015-05-01,active,Whole Life,AZ,urban,Broker,monthly,1,69.7,44771.43,100000,608.07,152.02,0,2,762.9,0.0,0,0,0
P10144,2023-02-01,2015-05-01,active,Whole Life,AZ,urban,Broker,monthly,1,69.8,44771.43,100000,608.07,152.02,0,1,666.26,211.34,0,0,0
P10144,2023-03-01,2015-05-01,active,Whole Life,AZ,urban,Broker,monthly,1,69.8,44771.43,100000,608.07,152.02,0,1,476.41,0.0,0,0,0
P10144,2023-04-01,2015-05-01,active,Whole Life,AZ,urban,Broker,monthly,1,69.9,44771.43,100000,608.07,152.02,0,1,413.25,0.0,0,0,0
P10144,2023-05-01,2015-05-01,active,Whole Life,AZ,urban,Broker,monthly,1,70.0,44771.43,100000,608.07,152.02,0,2,634.21,0.0,0,0,0
P10144,2023-06-01,2015-05-01,active,Whole Life,AZ,urban,Broker,monthly,1,70.1,44771.43,100000,608.07,152.02,0,1,618.33,0.0,0,0,0
P10144,2023-07-01,2015-05-01,active,Whole Life,AZ,urban,Broker,monthly,1,70.2,44771.43,100000,608.07,152.02,0,2,712.33,346.81,0,0,0
P10144,2023-08-01,2015-05-01,active,Whole Life,AZ,urban,Broker,monthly,1,70.2,44771.43,100000,608.07,152.02,1,2,324.87,0.0,0,0,0
P10144,2023-09-01,2015-05-01,active,Whole Life,AZ,urban,Broker,monthly,1,70.3,44771.43,100000,608.07,152.02,1,3,715.79,0.0,0,0,0
P10144,2023-10-01,2015-05-01,active,Whole Life,AZ,urban,Broker,monthly,1,70.4,44771.43,100000,608.07,101.35,1,2,489.91,0.0,0,0,0
P10144,2023-11-01,2015-05-01,active,Whole Life,AZ,urban,Broker,monthly,1,70.5,44771.43,100000,608.07,152.02,1,2,471.33,0.0,0,1,0
P10144,2023-12-01,2015-05-01,active,Whole Life,AZ,urban,Broker,monthly,1,70.6,44771.43,100000,608.07,152.02,1,1,558.81,0.0,0,0,0
P10144,2024-01-01,2015-05-01,active,Whole Life,AZ,urban,Broker,monthly,1,70.7,44771.43,100000,608.07,101.35,1,1,343.11,0.0,0,0,0
P10144,2024-02-01,2015-05-01,active,Whole Life,AZ,urban,Broker,monthly,1,70.8,44771.43,100000,608.07,152.02,2,1,455.31,0.0,0,0,0
P10144,2024-03-01,2015-05-01,active,Whole Life,AZ,urban,Broker,monthly,1,70.8,44771.43,100000,608.07,152.02,2,1,935.26,0.0,0,0,0
P10144,2024-04-01,2015-05-01,active,Whole Life,AZ,urban,Broker,monthly,1,70.9,44771.43,100000,608.07,152.02,2,2,534.16,0.0,0,0,0
P10144,2024-05-01,2015-05-01,active,Whole Life,AZ,urban,Broker,monthly,1,71.0,44771.43,100000,608.07,152.02,2,2,799.2,0.0,0,0,0
P10144,2024-06-01,2015-05-01,active,Whole Life,AZ,urban,Broker,monthly,1,71.1,44771.43,100000,608.07,152.02,1,1,841.01,0.0,0,0,0
P10144,2024-07-01,2015-05-01,active,Whole Life,AZ,urban,Broker,monthly,1,71.2,44771.43,100000,608.07,152.02,1,1,919.97,0.0,0,0,0
P10144,2024-08-01,2015-05-01,active,Whole Life,AZ,urban,Broker,monthly,1,71.2,44771.43,100000,608.07,152.02,1,1,368.84,0.0,1,0,0
P10144,2024-09-01,2015-05-01,active,Whole Life,AZ,urban,Broker,monthly,1,71.3,44771.43,100000,608.07,152.02,1,4,824.74,0.0,0,0,0
P10144,2024-10-01,2015-05-01,active,Whole Life,AZ,urban,Broker,monthly,1,71.4,44771.43,100000,608.07,152.02,1,2,743.45,0.0,0,0,0
P10144,2024-11-01,2015-05-01,active,Whole Life,AZ,urban,Broker,monthly,1,71.5,44771.43,100000,608.07,101.35,1,1,794.86,0.0,0,0,0
P10144,2024-12-01,2015-05-01,active,Whole Life,AZ,urban,Broker,monthly,1,71.6,44771.43,100000,608.07,101.35,1,1,968.69,0.0,0,0,0
P10145,2023-01-01,2017-08-01,active,Indexed Universal Life,FL,urban,Broker,annual,0,51.4,144864.77,150000,87.99,263.96,0,1,396.72,0.0,0,0,0
P10145,2023-02-01,2017-08-01,active,Indexed Universal Life,FL,urban,Broker,annual,0,51.5,144864.77,150000,87.99,175.98,0,1,771.44,0.0,0,0,0
P10145,2023-03-01,2017-08-01,active,Indexed Universal Life,FL,urban,Broker,annual,0,51.6,144864.77,150000,87.99,263.96,0,1,789.64,0.0,0,0,0
P10145,2023-04-01,2017-08-01,active,Indexed Universal Life,FL,urban,Broker,annual,0,51.7,144864.77,150000,87.99,263.96,0,1,657.73,0.0,0,0,0
P10145,2023-05-01,2017-08-01,active,Indexed Universal Life,FL,urban,Broker,annual,0,51.8,144864.77,150000,87.99,263.96,0,2,822.44,0.0,0,0,0
P10145,2023-06-01,2017-08-01,active,Indexed Universal Life,FL,urban,Broker,annual,0,51.8,144864.77,150000,87.99,175.98,0,1,732.32,0.0,0,0,0
P10145,2023-07-01,2017-08-01,active,Indexed Universal Life,FL,urban,Broker,annual,0,51.9,144864.77,150000,87.99,263.96,0,1,524.95,0.0,0,0,0
P10145,2023-08-01,2017-08-01,active,Indexed Universal Life,FL,urban,Broker,annual,0,52.0,144864.77,150000,87.99,263.96,0,2,746.94,0.0,0,0,0
P10145,2023-09-01,2017-08-01,active,Indexed Universal Life,FL,urban,Broker,annual,0,52.1,144864.77,150000,87.99,263.96,0,3,748.51,133.61,0,0,0
P10145,2023-10-01,2017-08-01,active,Indexed Universal Life,FL,urban,Broker,annual,0,52.2,144864.77,150000,87.99,175.98,0,2,620.7,0.0,0,0,0
P10145,2023-11-01,2017-08-01,active,Indexed Universal Life,FL,urban,Broker,annual,0,52.2,144864.77,150000,87.99,263.96,0,4,417.3,0.0,0,0,0
P10145,2023-12-01,2017-08-01,active,Indexed Universal Life,FL,urban,Broker,annual,0,52.3,144864.77,150000,87.99,263.96,0,2,729.77,0.0,0,0,0
P10145,2024-01-01,2017-08-01,active,Indexed Universal Life,FL,urban,Broker,annual,0,52.4,144864.77,150000,87.99,263.96,0,1,806.6,0.0,0,0,0
P10145,2024-02-01,2017-08-01,active,Indexed Universal Life,FL,urban,Broker,annual,0,52.5,144864.77,150000,87.99,263.96,0,1,647.33,88.56,0,0,0
P10145,2024-03-01,2017-08-01,active,Indexed Universal Life,FL,urban,Broker,annual,0,52.6,144864.77,150000,87.99,263.96,0,1,533.9,0.0,0,0,0
P10145,2024-04-01,2017-08-01,active,Indexed Universal Life,FL,urban,Broker,annual,0,52.7,144864.77,150000,87.99,263.96,0,1,801.01,0.0,0,0,0
P10145,2024-05-01,2017-08-01,active,Indexed Universal Life,FL,urban,Broker,annual,0,52.8,144864.77,150000,87.99,263.96,0,1,969.74,0.0,0,0,0
P10145,2024-06-01,2017-08-01,active,Indexed Universal Life,FL,urban,Broker,annual,0,52.8,144864.77,150000,87.99,263.96,0,1,939.8,0.0,0,0,0
P10145,2024-07-01,2017-08-01,active,Indexed Universal Life,FL,urban,Broker,annual,0,52.9,144864.77,150000,87.99,175.98,0,2,1032.13,0.0,0,0,0
P10145,2024-08-01,2017-08-01,active,Indexed Universal Life,FL,urban,Broker,annual,0,53.0,144864.77,150000,87.99,263.96,0,1,1175.19,0.0,0,0,0
P10145,2024-09-01,2017-08-01,active,Indexed Universal Life,FL,urban,Broker,annual,0,53.1,144864.77,150000,87.99,263.96,0,1,1052.92,0.0,0,0,0
P10145,2024-10-01,2017-08-01,active,Indexed Universal Life,FL,urban,Broker,annual,0,53.2,144864.77,150000,87.99,263.96,0,2,857.67,0.0,0,0,0
P10145,2024-11-01,2017-08-01,active,Indexed Universal Life,FL,urban,Broker,annual,0,53.2,144864.77,150000,87.99,263.96,0,2,1033.51,0.0,0,0,0
P10145,2024-12-01,2017-08-01,active,Indexed Universal Life,FL,urban,Broker,annual,0,53.3,144864.77,150000,87.99,263.96,0,1,654.96,0.0,0,0,0
P10146,2023-01-01,2022-10-01,active,Indexed Universal Life,FL,urban,Broker,monthly,0,52.2,157643.05,500000,1425.9,356.48,0,2,32.78,0.0,0,0,0
P10146,2023-02-01,2022-10-01,active,Indexed Universal Life,FL,urban,Broker,monthly,0,52.3,157643.05,500000,1425.9,356.48,0,2,66.68,0.0,0,0,0
P10146,2023-03-01,2022-10-01,active,Indexed Universal Life,FL,urban,Broker,monthly,0,52.4,157643.05,500000,1425.9,356.48,0,2,84.73,0.0,0,1,0
P10146,2023-04-01,2022-10-01,active,Indexed Universal Life,FL,urban,Broker,monthly,0,52.5,157643.05,500000,1425.9,237.65,0,2,45.22,0.0,0,0,0
P10146,2023-05-01,2022-10-01,active,Indexed Universal Life,FL,urban,Broker,monthly,0,52.6,157643.05,500000,1425.9,237.65,0,2,112.45,0.0,0,0,0
P10146,2023-06-01,2022-10-01,active,Indexed Universal Life,FL,urban,Broker,monthly,0,52.7,157643.05,500000,1425.9,356.48,0,2,86.63,0.0,0,0,0
P10146,2023-07-01,2022-10-01,active,Indexed Universal Life,FL,urban,Broker,monthly,0,52.8,157643.05,500000,1425.9,356.48,0,2,71.89,39.14,0,0,0
P10146,2023-08-01,2022-10-01,active,Indexed Universal Life,FL,urban,Broker,monthly,0,52.8,157643.05,500000,1425.9,356.48,0,5,75.59,0.0,0,0,0
P10146,2023-09-01,2022-10-01,active,Indexed Universal Life,FL,urban,Broker,monthly,0,52.9,157643.05,500000,1425.9,237.65,0,4,96.46,0.0,0,0,0
P10146,2023-10-01,2022-10-01,active,Indexed Universal Life,FL,urban,Broker,monthly,0,53.0,157643.05,500000,1425.9,356.48,0,2,238.59,0.0,0,0,0
P10146,2023-11-01,2022-10-01,active,Indexed Universal Life,FL,urban,Broker,monthly,0,53.1,157643.05,500000,1425.9,356.48,0,3,133.2,0.0,0,0,0
P10146,2023-12-01,2022-10-01,active,Indexed Universal Life,FL,urban,Broker,monthly,0,53.2,157643.05,500000,1425.9,356.48,0,2,167.97,0.0,0,0,0
P10146,2024-01-01,2022-10-01,active,Indexed Universal Life,FL,urban,Broker,monthly,0,53.2,157643.05,500000,1425.9,356.48,0,2,198.09,0.0,0,0,0
P10146,2024-02-01,2022-10-01,active,Indexed Universal Life,FL,urban,Broker,monthly,0,53.3,157643.05,500000,1425.9,356.48,1,2,309.56,0.0,0,0,0
P10146,2024-03-01,2022-10-01,active,Indexed Universal Life,FL,urban,Broker,monthly,0,53.4,157643.05,500000,1425.9,356.48,0,2,259.23,0.0,0,0,0
P10146,2024-04-01,2022-10-01,active,Indexed Universal Life,FL,urban,Broker,monthly,0,53.5,157643.05,500000,1425.9,356.48,1,3,291.02,0.0,0,0,0
P10146,2024-05-01,2022-10-01,active,Indexed Universal Life,FL,urban,Broker,monthly,0,53.6,157643.05,500000,1425.9,356.48,2,2,302.5,0.0,1,0,0
P10146,2024-06-01,2022-10-01,active,Indexed Universal Life,FL,urban,Broker,monthly,0,53.7,157643.05,500000,1425.9,356.48,3,4,353.56,0.0,0,0,0
P10146,2024-07-01,2022-10-01,active,Indexed Universal Life,FL,urban,Broker,monthly,0,53.8,157643.05,500000,1425.9,356.48,3,3,409.12,0.0,0,0,0
P10146,2024-08-01,2022-10-01,active,Indexed Universal Life,FL,urban,Broker,monthly,0,53.8,157643.05,500000,1425.9,356.48,4,4,443.11,0.0,0,0,0
P10146,2024-09-01,2022-10-01,active,Indexed Universal Life,FL,urban,Broker,monthly,0,53.9,157643.05,500000,1425.9,356.48,5,2,362.19,0.0,0,0,0
P10146,2024-10-01,2022-10-01,active,Indexed Universal Life,FL,urban,Broker,monthly,0,54.0,157643.05,500000,1425.9,356.48,5,4,406.6,0.0,0,0,0
P10146,2024-11-01,2022-10-01,active,Indexed Universal Life,FL,urban,Broker,monthly,0,54.1,157643.05,500000,1425.9,356.48,5,4,226.88,0.0,0,0,0
P10146,2024-12-01,2022-10-01,active,Indexed Universal Life,FL,urban,Broker,monthly,0,54.2,157643.05,500000,1425.9,356.48,6,2,358.97,0.0,0,0,0
P10147,2023-01-01,2023-11-01,active,Term Life,CA,rural,Agent,quarterly,1,37.0,132559.52,250000,185.92,92.96,0,1,0.0,0.0,0,0,0
P10147,2023-02-01,2023-11-01,active,Term Life,CA,rural,Agent,quarterly,1,37.0,132559.52,250000,185.92,139.44,1,1,0.0,0.0,0,0,0
P10147,2023-03-01,2023-11-01,active,Term Life,CA,rural,Agent,quarterly,1,37.0,132559.52,250000,185.92,139.44,1,0,0.0,0.0,0,0,0
P10147,2023-04-01,2023-11-01,active,Term Life,CA,rural,Agent,quarterly,1,37.0,132559.52,250000,185.92,139.44,1,1,0.0,0.0,0,0,0
P10147,2023-05-01,2023-11-01,active,Term Life,CA,rural,Agent,quarterly,1,37.0,132559.52,250000,185.92,139.44,0,2,0.0,0.0,0,0,0
P10147,2023-06-01,2023-11-01,active,Term Life,CA,rural,Agent,quarterly,1,37.0,132559.52,250000,185.92,139.44,0,1,0.0,0.0,0,0,0
P10147,2023-07-01,2023-11-01,active,Term Life,CA,rural,Agent,quarterly,1,37.0,132559.52,250000,185.92,139.44,0,0,0.0,0.0,0,0,0
P10147,2023-08-01,2023-11-01,active,Term Life,CA,rural,Agent,quarterly,1,37.0,132559.52,250000,185.92,139.44,0,2,0.0,0.0,0,0,0
P10147,2023-09-01,2023-11-01,active,Term Life,CA,rural,Agent,quarterly,1,37.0,132559.52,250000,185.92,139.44,0,1,0.0,0.0,0,0,0
P10147,2023-10-01,2023-11-01,active,Term Life,CA,rural,Agent,quarterly,1,37.0,132559.52,250000,185.92,139.44,0,0,0.0,0.0,0,0,0
P10147,2023-11-01,2023-11-01,active,Term Life,CA,rural,Agent,quarterly,1,37.0,132559.52,250000,185.92,139.44,0,0,0.0,0.0,0,0,0
P10147,2023-12-01,2023-11-01,active,Term Life,CA,rural,Agent,quarterly,1,37.1,132559.52,250000,185.92,139.44,0,2,0.0,0.0,0,0,0
P10147,2024-01-01,2023-11-01,active,Term Life,CA,rural,Agent,quarterly,1,37.2,132559.52,250000,185.92,139.44,0,0,0.0,0.0,0,0,0
P10147,2024-02-01,2023-11-01,active,Term Life,CA,rural,Agent,quarterly,1,37.2,132559.52,250000,185.92,139.44,0,1,0.0,0.0,0,0,0
P10147,2024-03-01,2023-11-01,active,Term Life,CA,rural,Agent,quarterly,1,37.3,132559.52,250000,185.92,139.44,0,1,0.0,0.0,0,0,0
P10147,2024-04-01,2023-11-01,active,Term Life,CA,rural,Agent,quarterly,1,37.4,132559.52,250000,185.92,139.44,0,0,0.0,0.0,0,0,0
P10147,2024-05-01,2023-11-01,active,Term Life,CA,rural,Agent,quarterly,1,37.5,132559.52,250000,185.92,139.44,0,1,0.0,0.0,0,0,0
P10147,2024-06-01,2023-11-01,active,Term Life,CA,rural,Agent,quarterly,1,37.6,132559.52,250000,185.92,139.44,0,0,0.0,0.0,0,0,0
P10147,2024-07-01,2023-11-01,active,Term Life,CA,rural,Agent,quarterly,1,37.7,132559.52,250000,185.92,139.44,0,0,0.0,0.0,0,0,0
P10147,2024-08-01,2023-11-01,active,Term Life,CA,rural,Agent,quarterly,1,37.8,132559.52,250000,185.92,139.44,0,1,0.0,0.0,0,1,0
P10147,2024-09-01,2023-11-01,active,Term Life,CA,rural,Agent,quarterly,1,37.8,132559.52,250000,185.92,139.44,0,0,0.0,0.0,0,0,0
P10147,2024-10-01,2023-11-01,active,Term Life,CA,rural,Agent,quarterly,1,37.9,132559.52,250000,185.92,139.44,1,0,0.0,0.0,0,0,0
P10147,2024-11-01,2023-11-01,active,Term Life,CA,rural,Agent,quarterly,1,38.0,132559.52,250000,185.92,139.44,1,0,0.0,0.0,0,0,0
P10147,2024-12-01,2023-11-01,active,Term Life,CA,rural,Agent,quarterly,1,38.1,132559.52,250000,185.92,139.44,0,0,0.0,0.0,0,0,0
P10148,2023-01-01,2020-09-01,active,Universal Life,FL,urban,Broker,monthly,0,70.3,265350.45,500000,4972.61,828.77,0,6,1206.95,0.0,0,0,0
P10148,2023-02-01,2020-09-01,active,Universal Life,FL,urban,Broker,monthly,0,70.4,265350.45,500000,4972.61,1243.15,0,5,1911.32,0.0,0,0,0
P10148,2023-03-01,2020-09-01,active,Universal Life,FL,urban,Broker,monthly,0,70.5,265350.45,500000,4972.61,1243.15,0,4,1564.83,0.0,0,0,0
P10148,2023-04-01,2020-09-01,active,Universal Life,FL,urban,Broker,monthly,0,70.6,265350.45,500000,4972.61,1243.15,0,7,1115.11,0.0,0,0,0
P10148,2023-05-01,2020-09-01,active,Universal Life,FL,urban,Broker,monthly,0,70.7,265350.45,500000,4972.61,1243.15,0,6,2365.14,0.0,0,0,0
P10148,2023-06-01,2020-09-01,active,Universal Life,FL,urban,Broker,monthly,0,70.8,265350.45,500000,4972.61,1243.15,0,4,1824.16,0.0,0,0,0
P10148,2023-07-01,2020-09-01,active,Universal Life,FL,urban,Broker,monthly,0,70.8,265350.45,500000,4972.61,828.77,0,4,2399.66,477.32,0,0,0
P10148,2023-08-01,2020-09-01,active,Universal Life,FL,urban,Broker,monthly,0,70.9,265350.45,500000,4972.61,1243.15,0,5,2050.14,0.0,1,0,0
P10148,2023-09-01,2020-09-01,active,Universal Life,FL,urban,Broker,monthly,0,71.0,265350.45,500000,4972.61,1243.15,0,5,1529.21,0.0,0,0,0
P10148,2023-10-01,2020-09-01,active,Universal Life,FL,urban,Broker,monthly,0,71.1,265350.45,500000,4972.61,1243.15,0,5,1472.4,784.21,0,0,0
P10148,2023-11-01,2020-09-01,active,Universal Life,FL,urban,Broker,monthly,0,71.2,265350.45,500000,4972.61,1243.15,0,4,1715.45,0.0,0,0,0
P10148,2023-12-01,2020-09-01,active,Universal Life,FL,urban,Broker,monthly,0,71.2,265350.45,500000,4972.61,1243.15,0,4,1196.43,0.0,0,0,0
P10148,2024-01-01,2020-09-01,active,Universal Life,FL,urban,Broker,monthly,0,71.3,265350.45,500000,4972.61,828.77,0,5,2423.14,0.0,0,0,0
P10148,2024-02-01,2020-09-01,active,Universal Life,FL,urban,Broker,monthly,0,71.4,265350.45,500000,4972.61,1243.15,0,4,1949.49,0.0,0,0,0
P10148,2024-03-01,2020-09-01,active,Universal Life,FL,urban,Broker,monthly,0,71.5,265350.45,500000,4972.61,1243.15,0,5,2254.96,0.0,0,0,0
P10148,2024-04-01,2020-09-01,active,Universal Life,FL,urban,Broker,monthly,0,71.6,265350.45,500000,4972.61,1243.15,0,5,3137.99,0.0,0,0,0
P10148,2024-05-01,2020-09-01,active,Universal Life,FL,urban,Broker,monthly,0,71.7,265350.45,500000,4972.61,828.77,1,4,2101.64,0.0,0,0,0
P10148,2024-06-01,2020-09-01,active,Universal Life,FL,urban,Broker,monthly,0,71.8,265350.45,500000,4972.61,1243.15,1,4,2621.42,0.0,0,1,0
P10148,2024-07-01,2020-09-01,active,Universal Life,FL,urban,Broker,monthly,0,71.8,265350.45,500000,4972.61,1243.15,0,4,3393.35,0.0,0,0,0
P10148,2024-08-01,2020-09-01,active,Universal Life,FL,urban,Broker,monthly,0,71.9,265350.45,500000,4972.61,1243.15,0,5,2787.53,0.0,0,0,0
P10148,2024-09-01,2020-09-01,active,Universal Life,FL,urban,Broker,monthly,0,72.0,265350.45,500000,4972.61,1243.15,0,4,3446.34,0.0,0,0,0
P10148,2024-10-01,2020-09-01,active,Universal Life,FL,urban,Broker,monthly,0,72.1,265350.45,500000,4972.61,1243.15,0,4,1928.06,0.0,0,0,0
P10148,2024-11-01,2020-09-01,active,Universal Life,FL,urban,Broker,monthly,0,72.2,265350.45,500000,4972.61,1243.15,0,5,2822.82,0.0,0,0,0
P10148,2024-12-01,2020-09-01,active,Universal Life,FL,urban,Broker,monthly,0,72.2,265350.45,500000,4972.61,1243.15,0,6,1762.81,0.0,0,0,0
P10149,2023-01-01,2019-04-01,active,Whole Life,NY,suburban,Broker,monthly,1,40.8,84100.2,100000,353.75,88.44,0,2,132.81,0.0,0,0,0
P10149,2023-02-01,2019-04-01,active,Whole Life,NY,suburban,Broker,monthly,1,40.8,84100.2,100000,353.75,88.44,0,0,102.55,0.0,0,0,0
P10149,2023-03-01,2019-04-01,active,Whole Life,NY,suburban,Broker,monthly,1,40.9,84100.2,100000,353.75,88.44,0,0,216.37,0.0,0,0,0
P10149,2023-04-01,2019-04-01,active,Whole Life,NY,suburban,Broker,monthly,1,41.0,84100.2,100000,353.75,88.44,0,1,201.5,51.38,0,0,0
P10149,2023-05-01,2019-04-01,active,Whole Life,NY,suburban,Broker,monthly,1,41.1,84100.2,100000,353.75,88.44,0,2,242.37,0.0,0,0,0
P10149,2023-06-01,2019-04-01,active,Whole Life,NY,suburban,Broker,monthly,1,41.2,84100.2,100000,353.75,88.44,0,1,178.93,0.0,0,0,0
P10149,2023-07-01,2019-04-01,active,Whole Life,NY,suburban,Broker,monthly,1,41.2,84100.2,100000,353.75,88.44,0,0,255.31,0.0,0,0,0
P10149,2023-08-01,2019-04-01,active,Whole Life,NY,suburban,Broker,monthly,1,41.3,84100.2,100000,353.75,58.96,0,2,250.87,0.0,0,0,0
P10149,2023-09-01,2019-04-01,active,Whole Life,NY,suburban,Broker,monthly,1,41.4,84100.2,100000,353.75,88.44,0,0,143.27,0.0,0,0,0
P10149,2023-10-01,2019-04-01,active,Whole Life,NY,suburban,Broker,monthly,1,41.5,84100.2,100000,353.75,88.44,0,0,270.03,0.0,0,0,0
P10149,2023-11-01,2019-04-01,active,Whole Life,NY,suburban,Broker,monthly,1,41.6,84100.2,100000,353.75,88.44,0,1,266.95,0.0,0,0,0
P10149,2023-12-01,2019-04-01,active,Whole Life,NY,suburban,Broker,monthly,1,41.7,84100.2,100000,353.75,88.44,0,2,291.64,0.0,0,0,0
P10149,2024-01-01,2019-04-01,active,Whole Life,NY,suburban,Broker,monthly,1,41.8,84100.2,100000,353.75,88.44,0,0,104.48,0.0,0,0,0
P10149,2024-02-01,2019-04-01,active,Whole Life,NY,suburban,Broker,monthly,1,41.8,84100.2,100000,353.75,88.44,0,1,171.14,0.0,0,0,0
P10149,2024-03-01,2019-04-01,active,Whole Life,NY,suburban,Broker,monthly,1,41.9,84100.2,100000,353.75,88.44,0,0,241.72,0.0,1,0,0
P10149,2024-04-01,2019-04-01,active,Whole Life,NY,suburban,Broker,monthly,1,42.0,84100.2,100000,353.75,88.44,0,1,125.1,59.74,0,0,0
P10149,2024-05-01,2019-04-01,active,Whole Life,NY,suburban,Broker,monthly,1,42.1,84100.2,100000,353.75,88.44,0,0,228.91,0.0,0,0,0
P10149,2024-06-01,2019-04-01,active,Whole Life,NY,suburban,Broker,monthly,1,42.2,84100.2,100000,353.75,58.96,0,0,153.64,0.0,0,0,0
P10149,2024-07-01,2019-04-01,active,Whole Life,NY,suburban,Broker,monthly,1,42.2,84100.2,100000,353.75,88.44,0,0,313.0,0.0,0,0,0
P10149,2024-08-01,2019-04-01,active,Whole Life,NY,suburban,Broker,monthly,1,42.3,84100.2,100000,353.75,58.96,0,0,337.17,0.0,0,0,0
P10149,2024-09-01,2019-04-01,active,Whole Life,NY,suburban,Broker,monthly,1,42.4,84100.2,100000,353.75,88.44,0,0,283.51,0.0,0,0,0
P10149,2024-10-01,2019-04-01,active,Whole Life,NY,suburban,Broker,monthly,1,42.5,84100.2,100000,353.75,58.96,0,0,162.24,0.0,0,0,0
P10149,2024-11-01,2019-04-01,active,Whole Life,NY,suburban,Broker,monthly,1,42.6,84100.2,100000,353.75,88.44,0,0,240.85,0.0,1,0,0
P10149,2024-12-01,2019-04-01,active,Whole Life,NY,suburban,Broker,monthly,1,42.7,84100.2,100000,353.75,88.44,0,1,182.14,0.0,0,0,0
P10150,2023-01-01,2016-03-01,active,Whole Life,NJ,rural,Agent,monthly,1,37.8,55650.12,1000000,6263.56,1565.89,0,0,7157.77,0.0,0,0,0
P10150,2023-02-01,2016-03-01,active,Whole Life,NJ,rural,Agent,monthly,1,37.9,55650.12,1000000,6263.56,1565.89,0,0,4595.34,0.0,1,0,0
P10150,2023-03-01,2016-03-01,active,Whole Life,NJ,rural,Agent,monthly,1,38.0,55650.12,1000000,6263.56,1565.89,0,0,6714.0,3743.63,0,0,0
P10150,2023-04-01,2016-03-01,active,Whole Life,NJ,rural,Agent,monthly,1,38.1,55650.12,1000000,6263.56,1565.89,0,0,7542.02,0.0,0,0,0
P10150,2023-05-01,2016-03-01,active,Whole Life,NJ,rural,Agent,monthly,1,38.2,55650.12,1000000,6263.56,1565.89,1,1,4257.13,0.0,0,0,0
P10150,2023-06-01,2016-03-01,active,Whole Life,NJ,rural,Agent,monthly,1,38.2,55650.12,1000000,6263.56,1565.89,1,2,7225.83,0.0,0,0,0
P10150,2023-07-01,2016-03-01,active,Whole Life,NJ,rural,Agent,monthly,1,38.3,55650.12,1000000,6263.56,1565.89,2,0,7709.47,0.0,0,0,0
P10150,2023-08-01,2016-03-01,active,Whole Life,NJ,rural,Agent,monthly,1,38.4,55650.12,1000000,6263.56,1043.93,1,1,6422.92,0.0,0,0,0
P10150,2023-09-01,2016-03-01,active,Whole Life,NJ,rural,Agent,monthly,1,38.5,55650.12,1000000,6263.56,1565.89,1,1,6270.55,0.0,0,0,0
P10150,2023-10-01,2016-03-01,active,Whole Life,NJ,rural,Agent,monthly,1,38.6,55650.12,1000000,6263.56,1565.89,2,1,7704.7,0.0,0,0,0
P10150,2023-11-01,2016-03-01,active,Whole Life,NJ,rural,Agent,monthly,1,38.7,55650.12,1000000,6263.56,1565.89,1,0,4371.51,0.0,0,0,0
P10150,2023-12-01,2016-03-01,active,Whole Life,NJ,rural,Agent,monthly,1,38.8,55650.12,1000000,6263.56,1565.89,1,0,7984.14,0.0,0,0,0
P10150,2024-01-01,2016-03-01,active,Whole Life,NJ,rural,Agent,monthly,1,38.8,55650.12,1000000,6263.56,1565.89,1,1,8432.08,0.0,0,1,0
P10150,2024-02-01,2016-03-01,active,Whole Life,NJ,rural,Agent,monthly,1,38.9,55650.12,1000000,6263.56,1565.89,1,0,7864.52,0.0,0,0,0
P10150,2024-03-01,2016-03-01,active,Whole Life,NJ,rural,Agent,monthly,1,39.0,55650.12,1000000,6263.56,1565.89,0,0,6293.64,0.0,0,0,0
P10150,2024-04-01,2016-03-01,active,Whole Life,NJ,rural,Agent,monthly,1,39.1,55650.12,1000000,6263.56,1565.89,0,1,7597.12,0.0,0,0,0
P10150,2024-05-01,2016-03-01,active,Whole Life,NJ,rural,Agent,monthly,1,39.2,55650.12,1000000,6263.56,1565.89,0,0,5029.29,0.0,0,0,0
P10150,2024-06-01,2016-03-01,active,Whole Life,NJ,rural,Agent,monthly,1,39.2,55650.12,1000000,6263.56,1565.89,0,0,5870.43,1464.86,0,0,0
P10150,2024-07-01,2016-03-01,active,Whole Life,NJ,rural,Agent,monthly,1,39.3,55650.12,1000000,6263.56,1565.89,0,0,3175.9,0.0,0,1,0
P10150,2024-08-01,2016-03-01,active,Whole Life,NJ,rural,Agent,monthly,1,39.4,55650.12,1000000,6263.56,1565.89,1,0,9118.83,0.0,0,0,0
P10150,2024-09-01,2016-03-01,active,Whole Life,NJ,rural,Agent,monthly,1,39.5,55650.12,1000000,6263.56,1565.89,0,0,5077.57,0.0,0,0,0
P10150,2024-10-01,2016-03-01,active,Whole Life,NJ,rural,Agent,monthly,1,39.6,55650.12,1000000,6263.56,1565.89,0,0,6189.78,0.0,0,0,0
P10150,2024-11-01,2016-03-01,active,Whole Life,NJ,rural,Agent,monthly,1,39.7,55650.12,1000000,6263.56,1565.89,0,1,7853.34,0.0,1,0,0
P10150,2024-12-01,2016-03-01,active,Whole Life,NJ,rural,Agent,monthly,1,39.8,55650.12,1000000,6263.56,1565.89,0,0,6589.18,0.0,0,0,0
P10151,2023-01-01,2022-09-01,active,Term Life,CA,suburban,Bank,annual,1,35.3,32788.4,150000,59.71,119.42,0,1,0.0,0.0,0,0,0
P10151,2023-02-01,2022-09-01,active,Term Life,CA,suburban,Bank,annual,1,35.4,32788.4,150000,59.71,179.13,0,0,0.0,0.0,0,0,0
P10151,2023-03-01,2022-09-01,active,Term Life,CA,suburban,Bank,annual,1,35.5,32788.4,150000,59.71,179.13,0,1,0.0,0.0,0,0,0
P10151,2023-04-01,2022-09-01,active,Term Life,CA,suburban,Bank,annual,1,35.6,32788.4,150000,59.71,179.13,0,0,0.0,0.0,0,0,1
P10151,2023-05-01,2022-09-01,lapsed,Term Life,CA,suburban,Bank,annual,1,35.7,32788.4,150000,59.71,119.42,0,0,0.0,0.0,0,0,0
P10152,2023-01-01,2016-02-01,active,Universal Life,CA,suburban,Direct,monthly,0,40.9,61931.47,150000,642.69,160.67,0,2,567.15,0.0,0,0,0
P10152,2023-02-01,2016-02-01,active,Universal Life,CA,suburban,Direct,monthly,0,41.0,61931.47,150000,642.69,160.67,0,2,598.22,0.0,0,0,0
P10152,2023-03-01,2016-02-01,active,Universal Life,CA,suburban,Direct,monthly,0,41.1,61931.47,150000,642.69,160.67,0,2,781.13,0.0,0,0,0
P10152,2023-04-01,2016-02-01,active,Universal Life,CA,suburban,Direct,monthly,0,41.2,61931.47,150000,642.69,160.67,0,2,672.88,0.0,1,0,0
P10152,2023-05-01,2016-02-01,active,Universal Life,CA,suburban,Direct,monthly,0,41.2,61931.47,150000,642.69,160.67,1,2,372.76,0.0,0,0,0
P10152,2023-06-01,2016-02-01,active,Universal Life,CA,suburban,Direct,monthly,0,41.3,61931.47,150000,642.69,160.67,1,3,557.08,0.0,0,0,0
P10152,2023-07-01,2016-02-01,active,Universal Life,CA,suburban,Direct,monthly,0,41.4,61931.47,150000,642.69,160.67,1,3,416.33,0.0,0,0,0
P10152,2023-08-01,2016-02-01,active,Universal Life,CA,suburban,Direct,monthly,0,41.5,61931.47,150000,642.69,160.67,1,3,396.6,0.0,0,0,0
P10152,2023-09-01,2016-02-01,active,Universal Life,CA,suburban,Direct,monthly,0,41.6,61931.47,150000,642.69,107.12,1,2,478.47,0.0,0,0,0
P10152,2023-10-01,2016-02-01,active,Universal Life,CA,suburban,Direct,monthly,0,41.7,61931.47,150000,642.69,160.67,1,3,602.34,0.0,0,0,0
P10152,2023-11-01,2016-02-01,active,Universal Life,CA,suburban,Direct,monthly,0,41.8,61931.47,150000,642.69,160.67,1,3,404.62,0.0,0,0,0
P10152,2023-12-01,2016-02-01,active,Universal Life,CA,suburban,Direct,monthly,0,41.8,61931.47,150000,642.69,160.67,1,3,813.94,0.0,1,0,0
P10152,2024-01-01,2016-02-01,active,Universal Life,CA,suburban,Direct,monthly,0,41.9,61931.47,150000,642.69,107.12,1,2,698.27,0.0,0,0,0
P10152,2024-02-01,2016-02-01,active,Universal Life,CA,suburban,Direct,monthly,0,42.0,61931.47,150000,642.69,160.67,1,2,812.3,338.56,0,0,0
P10152,2024-03-01,2016-02-01,active,Universal Life,CA,suburban,Direct,monthly,0,42.1,61931.47,150000,642.69,107.12,0,3,529.9,0.0,0,0,0
P10152,2024-04-01,2016-02-01,active,Universal Life,CA,suburban,Direct,monthly,0,42.2,61931.47,150000,642.69,107.12,0,2,598.85,0.0,0,0,0
P10152,2024-05-01,2016-02-01,active,Universal Life,CA,suburban,Direct,monthly,0,42.2,61931.47,150000,642.69,160.67,0,2,360.75,0.0,0,0,0
P10152,2024-06-01,2016-02-01,active,Universal Life,CA,suburban,Direct,monthly,0,42.3,61931.47,150000,642.69,160.67,0,3,715.71,0.0,0,0,0
P10152,2024-07-01,2016-02-01,active,Universal Life,CA,suburban,Direct,monthly,0,42.4,61931.47,150000,642.69,160.67,0,3,904.4,0.0,0,0,0
P10152,2024-08-01,2016-02-01,active,Universal Life,CA,suburban,Direct,monthly,0,42.5,61931.47,150000,642.69,160.67,0,3,616.0,0.0,0,0,0
P10152,2024-09-01,2016-02-01,active,Universal Life,CA,suburban,Direct,monthly,0,42.6,61931.47,150000,642.69,160.67,0,2,531.82,0.0,0,0,0
P10152,2024-10-01,2016-02-01,active,Universal Life,CA,suburban,Direct,monthly,0,42.7,61931.47,150000,642.69,160.67,0,2,397.32,0.0,0,1,0
P10152,2024-11-01,2016-02-01,active,Universal Life,CA,suburban,Direct,monthly,0,42.8,61931.47,150000,642.69,107.12,0,2,734.97,0.0,0,0,0
P10152,2024-12-01,2016-02-01,active,Universal Life,CA,suburban,Direct,monthly,0,42.8,61931.47,150000,642.69,160.67,0,2,781.8,0.0,0,0,0
P10153,2023-01-01,2019-08-01,active,Term Life,CA,suburban,Agent,monthly,0,77.4,38165.67,150000,694.1,173.52,0,2,0.0,0.0,0,0,0
P10153,2023-02-01,2019-08-01,active,Term Life,CA,suburban,Agent,monthly,0,77.5,38165.67,150000,694.1,173.52,0,1,0.0,0.0,0,1,0
P10153,2023-03-01,2019-08-01,active,Term Life,CA,suburban,Agent,monthly,0,77.6,38165.67,150000,694.1,115.68,1,3,0.0,0.0,0,0,0
P10153,2023-04-01,2019-08-01,active,Term Life,CA,suburban,Agent,monthly,0,77.7,38165.67,150000,694.1,173.52,1,5,0.0,0.0,1,0,0
P10153,2023-05-01,2019-08-01,active,Term Life,CA,suburban,Agent,monthly,0,77.8,38165.67,150000,694.1,115.68,1,1,0.0,0.0,1,0,0
P10153,2023-06-01,2019-08-01,active,Term Life,CA,suburban,Agent,monthly,0,77.8,38165.67,150000,694.1,173.52,1,2,0.0,0.0,0,1,0
P10153,2023-07-01,2019-08-01,active,Term Life,CA,suburban,Agent,monthly,0,77.9,38165.67,150000,694.1,173.52,0,3,0.0,0.0,0,0,0
P10153,2023-08-01,2019-08-01,active,Term Life,CA,suburban,Agent,monthly,0,78.0,38165.67,150000,694.1,173.52,0,2,0.0,0.0,0,0,0
P10153,2023-09-01,2019-08-01,active,Term Life,CA,suburban,Agent,monthly,0,78.1,38165.67,150000,694.1,173.52,0,1,0.0,0.0,0,0,0
P10153,2023-10-01,2019-08-01,active,Term Life,CA,suburban,Agent,monthly,0,78.2,38165.67,150000,694.1,173.52,0,4,0.0,0.0,0,0,0
P10153,2023-11-01,2019-08-01,active,Term Life,CA,suburban,Agent,monthly,0,78.2,38165.67,150000,694.1,173.52,0,3,0.0,0.0,0,1,0
P10153,2023-12-01,2019-08-01,active,Term Life,CA,suburban,Agent,monthly,0,78.3,38165.67,150000,694.1,173.52,0,2,0.0,0.0,0,0,0
P10153,2024-01-01,2019-08-01,active,Term Life,CA,suburban,Agent,monthly,0,78.4,38165.67,150000,694.1,115.68,1,1,0.0,0.0,0,0,0
P10153,2024-02-01,2019-08-01,active,Term Life,CA,suburban,Agent,monthly,0,78.5,38165.67,150000,694.1,173.52,1,3,0.0,0.0,0,0,0
P10153,2024-03-01,2019-08-01,active,Term Life,CA,suburban,Agent,monthly,0,78.6,38165.67,150000,694.1,173.52,1,3,0.0,0.0,0,0,0
P10153,2024-04-01,2019-08-01,active,Term Life,CA,suburban,Agent,monthly,0,78.7,38165.67,150000,694.1,173.52,2,2,0.0,0.0,0,0,0
P10153,2024-05-01,2019-08-01,active,Term Life,CA,suburban,Agent,monthly,0,78.8,38165.67,150000,694.1,173.52,2,1,0.0,0.0,0,0,0
P10153,2024-06-01,2019-08-01,active,Term Life,CA,suburban,Agent,monthly,0,78.8,38165.67,150000,694.1,173.52,2,1,0.0,0.0,0,0,0
P10153,2024-07-01,2019-08-01,active,Term Life,CA,suburban,Agent,monthly,0,78.9,38165.67,150000,694.1,173.52,2,3,0.0,0.0,0,0,0
P10153,2024-08-01,2019-08-01,active,Term Life,CA,suburban,Agent,monthly,0,79.0,38165.67,150000,694.1,115.68,2,2,0.0,0.0,0,1,0
P10153,2024-09-01,2019-08-01,active,Term Life,CA,suburban,Agent,monthly,0,79.1,38165.67,150000,694.1,173.52,2,1,0.0,0.0,0,0,0
P10153,2024-10-01,2019-08-01,active,Term Life,CA,suburban,Agent,monthly,0,79.2,38165.67,150000,694.1,173.52,3,1,0.0,0.0,0,0,0
P10153,2024-11-01,2019-08-01,active,Term Life,CA,suburban,Agent,monthly,0,79.2,38165.67,150000,694.1,173.52,2,1,0.0,0.0,1,0,0
P10153,2024-12-01,2019-08-01,active,Term Life,CA,suburban,Agent,monthly,0,79.3,38165.67,150000,694.1,173.52,3,2,0.0,0.0,0,0,0
P10154,2023-01-01,2015-10-01,active,Universal Life,OH,urban,Broker,annual,1,71.2,19049.57,250000,120.54,361.62,0,2,1246.37,0.0,0,1,0
P10154,2023-02-01,2015-10-01,active,Universal Life,OH,urban,Broker,annual,1,71.3,19049.57,250000,120.54,361.62,0,1,839.98,0.0,0,0,0
P10154,2023-03-01,2015-10-01,active,Universal Life,OH,urban,Broker,annual,1,71.4,19049.57,250000,120.54,361.62,1,3,1029.29,0.0,0,0,0
P10154,2023-04-01,2015-10-01,active,Universal Life,OH,urban,Broker,annual,1,71.5,19049.57,250000,120.54,361.62,1,1,1923.43,0.0,0,0,0
P10154,2023-05-01,2015-10-01,active,Universal Life,OH,urban,Broker,annual,1,71.6,19049.57,250000,120.54,361.62,1,1,933.48,0.0,0,0,0
P10154,2023-06-01,2015-10-01,active,Universal Life,OH,urban,Broker,annual,1,71.7,19049.57,250000,120.54,241.08,0,1,1041.86,0.0,0,0,0
P10154,2023-07-01,2015-10-01,active,Universal Life,OH,urban,Broker,annual,1,71.8,19049.57,250000,120.54,361.62,0,3,1882.9,0.0,0,0,0
P10154,2023-08-01,2015-10-01,active,Universal Life,OH,urban,Broker,annual,1,71.8,19049.57,250000,120.54,241.08,0,1,1596.37,0.0,0,0,0
P10154,2023-09-01,2015-10-01,active,Universal Life,OH,urban,Broker,annual,1,71.9,19049.57,250000,120.54,361.62,0,2,1388.65,0.0,0,0,0
P10154,2023-10-01,2015-10-01,active,Universal Life,OH,urban,Broker,annual,1,72.0,19049.57,250000,120.54,361.62,0,4,1132.69,0.0,0,0,0
P10154,2023-11-01,2015-10-01,active,Universal Life,OH,urban,Broker,annual,1,72.1,19049.57,250000,120.54,361.62,0,1,1276.55,0.0,0,0,0
P10154,2023-12-01,2015-10-01,active,Universal Life,OH,urban,Broker,annual,1,72.2,19049.57,250000,120.54,361.62,0,1,1047.51,0.0,0,0,0
P10154,2024-01-01,2015-10-01,active,Universal Life,OH,urban,Broker,annual,1,72.2,19049.57,250000,120.54,241.08,0,2,734.74,0.0,0,0,0
P10154,2024-02-01,2015-10-01,active,Universal Life,OH,urban,Broker,annual,1,72.3,19049.57,250000,120.54,361.62,0,2,967.9,0.0,0,0,0
P10154,2024-03-01,2015-10-01,active,Universal Life,OH,urban,Broker,annual,1,72.4,19049.57,250000,120.54,241.08,0,1,2139.82,0.0,0,0,0
P10154,2024-04-01,2015-10-01,active,Universal Life,OH,urban,Broker,annual,1,72.5,19049.57,250000,120.54,361.62,0,1,952.63,0.0,0,0,0
P10154,2024-05-01,2015-10-01,active,Universal Life,OH,urban,Broker,annual,1,72.6,19049.57,250000,120.54,241.08,0,3,1973.44,0.0,0,0,0
P10154,2024-06-01,2015-10-01,active,Universal Life,OH,urban,Broker,annual,1,72.7,19049.57,250000,120.54,241.08,0,1,1523.08,0.0,0,0,0
P10154,2024-07-01,2015-10-01,active,Universal Life,OH,urban,Broker,annual,1,72.8,19049.57,250000,120.54,361.62,0,1,1848.54,0.0,0,0,0
P10154,2024-08-01,2015-10-01,active,Universal Life,OH,urban,Broker,annual,1,72.8,19049.57,250000,120.54,361.62,0,2,1463.18,0.0,0,0,0
P10154,2024-09-01,2015-10-01,active,Universal Life,OH,urban,Broker,annual,1,72.9,19049.57,250000,120.54,361.62,0,1,1688.49,0.0,1,0,0
P10154,2024-10-01,2015-10-01,active,Universal Life,OH,urban,Broker,annual,1,73.0,19049.57,250000,120.54,361.62,0,1,1357.18,0.0,0,0,0
P10154,2024-11-01,2015-10-01,active,Universal Life,OH,urban,Broker,annual,1,73.1,19049.57,250000,120.54,361.62,0,1,1185.2,0.0,1,0,0
P10154,2024-12-01,2015-10-01,active,Universal Life,OH,urban,Broker,annual,1,73.2,19049.57,250000,120.54,361.62,0,1,1175.61,0.0,0,0,0
P10155,2023-01-01,2019-07-01,active,Term Life,GA,suburban,Agent,monthly,1,33.5,69777.22,750000,1668.47,417.12,0,1,0.0,0.0,0,0,0
P10155,2023-02-01,2019-07-01,active,Term Life,GA,suburban,Agent,monthly,1,33.6,69777.22,750000,1668.47,417.12,0,2,0.0,0.0,0,0,0
P10155,2023-03-01,2019-07-01,active,Term Life,GA,suburban,Agent,monthly,1,33.7,69777.22,750000,1668.47,417.12,0,2,0.0,0.0,0,0,0
P10155,2023-04-01,2019-07-01,active,Term Life,GA,suburban,Agent,monthly,1,33.8,69777.22,750000,1668.47,417.12,0,1,0.0,0.0,0,0,0
P10155,2023-05-01,2019-07-01,active,Term Life,GA,suburban,Agent,monthly,1,33.8,69777.22,750000,1668.47,417.12,0,2,0.0,0.0,0,0,0
P10155,2023-06-01,2019-07-01,active,Term Life,GA,suburban,Agent,monthly,1,33.9,69777.22,750000,1668.47,417.12,0,2,0.0,0.0,0,0,0
P10155,2023-07-01,2019-07-01,active,Term Life,GA,suburban,Agent,monthly,1,34.0,69777.22,750000,1668.47,278.08,0,1,0.0,0.0,0,0,0
P10155,2023-08-01,2019-07-01,active,Term Life,GA,suburban,Agent,monthly,1,34.1,69777.22,750000,1668.47,417.12,0,2,0.0,0.0,0,0,0
P10155,2023-09-01,2019-07-01,active,Term Life,GA,suburban,Agent,monthly,1,34.2,69777.22,750000,1668.47,417.12,0,3,0.0,0.0,0,0,0
P10155,2023-10-01,2019-07-01,active,Term Life,GA,suburban,Agent,monthly,1,34.2,69777.22,750000,1668.47,417.12,0,1,0.0,0.0,0,0,0
P10155,2023-11-01,2019-07-01,active,Term Life,GA,suburban,Agent,monthly,1,34.3,69777.22,750000,1668.47,417.12,0,2,0.0,0.0,0,0,0
P10155,2023-12-01,2019-07-01,active,Term Life,GA,suburban,Agent,monthly,1,34.4,69777.22,750000,1668.47,417.12,0,1,0.0,0.0,0,0,0
P10155,2024-01-01,2019-07-01,active,Term Life,GA,suburban,Agent,monthly,1,34.5,69777.22,750000,1668.47,417.12,0,2,0.0,0.0,0,0,0
P10155,2024-02-01,2019-07-01,active,Term Life,GA,suburban,Agent,monthly,1,34.6,69777.22,750000,1668.47,417.12,1,1,0.0,0.0,0,0,0
P10155,2024-03-01,2019-07-01,active,Term Life,GA,suburban,Agent,monthly,1,34.7,69777.22,750000,1668.47,417.12,1,1,0.0,0.0,0,1,0
P10155,2024-04-01,2019-07-01,active,Term Life,GA,suburban,Agent,monthly,1,34.8,69777.22,750000,1668.47,417.12,0,3,0.0,0.0,0,0,0
P10155,2024-05-01,2019-07-01,active,Term Life,GA,suburban,Agent,monthly,1,34.8,69777.22,750000,1668.47,417.12,0,2,0.0,0.0,0,0,0
P10155,2024-06-01,2019-07-01,active,Term Life,GA,suburban,Agent,monthly,1,34.9,69777.22,750000,1668.47,417.12,0,2,0.0,0.0,0,1,0
P10155,2024-07-01,2019-07-01,active,Term Life,GA,suburban,Agent,monthly,1,35.0,69777.22,750000,1668.47,278.08,0,1,0.0,0.0,0,0,0
P10155,2024-08-01,2019-07-01,active,Term Life,GA,suburban,Agent,monthly,1,35.1,69777.22,750000,1668.47,417.12,0,2,0.0,0.0,1,1,0
P10155,2024-09-01,2019-07-01,active,Term Life,GA,suburban,Agent,monthly,1,35.2,69777.22,750000,1668.47,417.12,0,1,0.0,0.0,0,0,0
P10155,2024-10-01,2019-07-01,active,Term Life,GA,suburban,Agent,monthly,1,35.2,69777.22,750000,1668.47,417.12,0,2,0.0,0.0,0,0,0
P10155,2024-11-01,2019-07-01,active,Term Life,GA,suburban,Agent,monthly,1,35.3,69777.22,750000,1668.47,417.12,0,1,0.0,0.0,1,0,0
P10155,2024-12-01,2019-07-01,active,Term Life,GA,suburban,Agent,monthly,1,35.4,69777.22,750000,1668.47,278.08,0,3,0.0,0.0,0,0,0
P10156,2023-01-01,2022-04-01,active,Whole Life,TX,urban,Broker,monthly,1,27.8,28925.51,250000,1613.29,403.32,0,0,151.79,82.65,0,0,0
P10156,2023-02-01,2022-04-01,active,Whole Life,TX,urban,Broker,monthly,1,27.8,28925.51,250000,1613.29,403.32,0,1,97.29,0.0,0,0,0
P10156,2023-03-01,2022-04-01,active,Whole Life,TX,urban,Broker,monthly,1,27.9,28925.51,250000,1613.29,403.32,0,3,246.16,0.0,0,0,0
P10156,2023-04-01,2022-04-01,active,Whole Life,TX,urban,Broker,monthly,1,28.0,28925.51,250000,1613.29,403.32,0,1,102.26,0.0,0,0,0
P10156,2023-05-01,2022-04-01,active,Whole Life,TX,urban,Broker,monthly,1,28.1,28925.51,250000,1613.29,403.32,0,0,153.78,0.0,0,0,0
P10156,2023-06-01,2022-04-01,active,Whole Life,TX,urban,Broker,monthly,1,28.2,28925.51,250000,1613.29,268.88,0,1,150.53,0.0,0,0,0
P10156,2023-07-01,2022-04-01,active,Whole Life,TX,urban,Broker,monthly,1,28.2,28925.51,250000,1613.29,403.32,0,0,155.57,0.0,0,0,0
P10156,2023-08-01,2022-04-01,active,Whole Life,TX,urban,Broker,monthly,1,28.3,28925.51,250000,1613.29,403.32,0,0,216.42,0.0,0,0,0
P10156,2023-09-01,2022-04-01,active,Whole Life,TX,urban,Broker,monthly,1,28.4,28925.51,250000,1613.29,403.32,0,0,259.36,0.0,0,0,0
P10156,2023-10-01,2022-04-01,active,Whole Life,TX,urban,Broker,monthly,1,28.5,28925.51,250000,1613.29,403.32,0,1,361.24,0.0,1,0,0
P10156,2023-11-01,2022-04-01,active,Whole Life,TX,urban,Broker,monthly,1,28.6,28925.51,250000,1613.29,403.32,0,0,344.99,0.0,0,0,0
P10156,2023-12-01,2022-04-01,active,Whole Life,TX,urban,Broker,monthly,1,28.7,28925.51,250000,1613.29,403.32,1,0,320.44,0.0,0,1,0
P10156,2024-01-01,2022-04-01,active,Whole Life,TX,urban,Broker,monthly,1,28.8,28925.51,250000,1613.29,268.88,0,0,180.49,0.0,0,0,0
P10156,2024-02-01,2022-04-01,active,Whole Life,TX,urban,Broker,monthly,1,28.8,28925.51,250000,1613.29,268.88,0,0,287.92,0.0,0,0,0
P10156,2024-03-01,2022-04-01,active,Whole Life,TX,urban,Broker,monthly,1,28.9,28925.51,250000,1613.29,403.32,0,0,251.43,0.0,0,0,0
P10156,2024-04-01,2022-04-01,active,Whole Life,TX,urban,Broker,monthly,1,29.0,28925.51,250000,1613.29,403.32,0,2,339.9,0.0,0,0,0
P10156,2024-05-01,2022-04-01,active,Whole Life,TX,urban,Broker,monthly,1,29.1,28925.51,250000,1613.29,403.32,0,1,232.52,0.0,0,0,1
P10156,2024-06-01,2022-04-01,lapsed,Whole Life,TX,urban,Broker,monthly,1,29.2,28925.51,250000,1613.29,403.32,0,0,579.37,0.0,0,0,0
P10157,2023-01-01,2018-07-01,active,Whole Life,NY,suburban,Broker,monthly,1,48.5,49862.35,150000,941.84,235.46,0,4,585.11,0.0,0,0,0
P10157,2023-02-01,2018-07-01,active,Whole Life,NY,suburban,Broker,monthly,1,48.6,49862.35,150000,941.84,235.46,0,6,604.89,0.0,0,0,0
P10157,2023-03-01,2018-07-01,active,Whole Life,NY,suburban,Broker,monthly,1,48.7,49862.35,150000,941.84,156.97,0,3,367.48,0.0,1,0,0
P10157,2023-04-01,2018-07-01,active,Whole Life,NY,suburban,Broker,monthly,1,48.8,49862.35,150000,941.84,156.97,1,3,405.18,0.0,0,0,0
P10157,2023-05-01,2018-07-01,active,Whole Life,NY,suburban,Broker,monthly,1,48.8,49862.35,150000,941.84,235.46,0,3,298.76,0.0,0,0,0
P10157,2023-06-01,2018-07-01,active,Whole Life,NY,suburban,Broker,monthly,1,48.9,49862.35,150000,941.84,156.97,0,3,677.75,0.0,0,0,0
P10157,2023-07-01,2018-07-01,active,Whole Life,NY,suburban,Broker,monthly,1,49.0,49862.35,150000,941.84,235.46,0,3,600.75,0.0,0,0,0
P10157,2023-08-01,2018-07-01,active,Whole Life,NY,suburban,Broker,monthly,1,49.1,49862.35,150000,941.84,156.97,0,4,338.05,0.0,0,0,0
P10157,2023-09-01,2018-07-01,active,Whole Life,NY,suburban,Broker,monthly,1,49.2,49862.35,150000,941.84,235.46,0,3,859.94,0.0,0,0,0
P10157,2023-10-01,2018-07-01,active,Whole Life,NY,suburban,Broker,monthly,1,49.2,49862.35,150000,941.84,156.97,0,3,726.93,0.0,1,0,0
P10157,2023-11-01,2018-07-01,active,Whole Life,NY,suburban,Broker,monthly,1,49.3,49862.35,150000,941.84,235.46,0,4,643.27,0.0,0,0,0
P10157,2023-12-01,2018-07-01,active,Whole Life,NY,suburban,Broker,monthly,1,49.4,49862.35,150000,941.84,235.46,0,3,603.76,0.0,0,1,0
P10157,2024-01-01,2018-07-01,active,Whole Life,NY,suburban,Broker,monthly,1,49.5,49862.35,150000,941.84,235.46,0,4,509.75,0.0,1,0,0
P10157,2024-02-01,2018-07-01,active,Whole Life,NY,suburban,Broker,monthly,1,49.6,49862.35,150000,941.84,235.46,0,4,725.9,0.0,0,0,0
P10157,2024-03-01,2018-07-01,active,Whole Life,NY,suburban,Broker,monthly,1,49.7,49862.35,150000,941.84,235.46,0,4,689.37,0.0,0,1,0
P10157,2024-04-01,2018-07-01,active,Whole Life,NY,suburban,Broker,monthly,1,49.8,49862.35,150000,941.84,156.97,0,3,582.38,142.19,0,0,0
P10157,2024-05-01,2018-07-01,active,Whole Life,NY,suburban,Broker,monthly,1,49.8,49862.35,150000,941.84,235.46,1,4,481.43,0.0,0,0,0
P10157,2024-06-01,2018-07-01,active,Whole Life,NY,suburban,Broker,monthly,1,49.9,49862.35,150000,941.84,235.46,0,5,397.43,0.0,0,0,0
P10157,2024-07-01,2018-07-01,active,Whole Life,NY,suburban,Broker,monthly,1,50.0,49862.35,150000,941.84,235.46,0,3,572.26,0.0,0,0,0
P10157,2024-08-01,2018-07-01,active,Whole Life,NY,suburban,Broker,monthly,1,50.1,49862.35,150000,941.84,235.46,0,3,858.08,0.0,0,0,0
P10157,2024-09-01,2018-07-01,active,Whole Life,NY,suburban,Broker,monthly,1,50.2,49862.35,150000,941.84,156.97,0,4,682.91,0.0,0,0,0
P10157,2024-10-01,2018-07-01,active,Whole Life,NY,suburban,Broker,monthly,1,50.2,49862.35,150000,941.84,156.97,0,3,913.76,0.0,0,0,0
P10157,2024-11-01,2018-07-01,active,Whole Life,NY,suburban,Broker,monthly,1,50.3,49862.35,150000,941.84,235.46,0,4,1005.46,0.0,1,0,0
P10157,2024-12-01,2018-07-01,active,Whole Life,NY,suburban,Broker,monthly,1,50.4,49862.35,150000,941.84,235.46,0,3,888.98,0.0,0,0,0
P10158,2023-01-01,2016-07-01,active,Universal Life,IL,rural,Broker,monthly,1,59.5,53749.55,500000,3413.87,853.47,0,0,2490.88,0.0,0,0,0
P10158,2023-02-01,2016-07-01,active,Universal Life,IL,rural,Broker,monthly,1,59.6,53749.55,500000,3413.87,853.47,0,0,3129.64,0.0,0,0,0
P10158,2023-03-01,2016-07-01,active,Universal Life,IL,rural,Broker,monthly,1,59.7,53749.55,500000,3413.87,853.47,0,2,2681.73,0.0,0,0,0
P10158,2023-04-01,2016-07-01,active,Universal Life,IL,rural,Broker,monthly,1,59.8,53749.55,500000,3413.87,853.47,0,1,2009.65,0.0,0,0,0
P10158,2023-05-01,2016-07-01,active,Universal Life,IL,rural,Broker,monthly,1,59.8,53749.55,500000,3413.87,853.47,0,1,2324.55,0.0,0,0,0
P10158,2023-06-01,2016-07-01,active,Universal Life,IL,rural,Broker,monthly,1,59.9,53749.55,500000,3413.87,568.98,0,0,3337.73,0.0,0,0,0
P10158,2023-07-01,2016-07-01,active,Universal Life,IL,rural,Broker,monthly,1,60.0,53749.55,500000,3413.87,853.47,0,0,2678.44,0.0,0,0,0
P10158,2023-08-01,2016-07-01,active,Universal Life,IL,rural,Broker,monthly,1,60.1,53749.55,500000,3413.87,853.47,0,1,4346.04,0.0,0,0,0
P10158,2023-09-01,2016-07-01,active,Universal Life,IL,rural,Broker,monthly,1,60.2,53749.55,500000,3413.87,853.47,0,0,2187.25,0.0,0,0,0
P10158,2023-10-01,2016-07-01,active,Universal Life,IL,rural,Broker,monthly,1,60.2,53749.55,500000,3413.87,853.47,0,1,2506.13,0.0,0,0,0
P10158,2023-11-01,2016-07-01,active,Universal Life,IL,rural,Broker,monthly,1,60.3,53749.55,500000,3413.87,853.47,0,0,2858.59,639.37,0,0,0
P10158,2023-12-01,2016-07-01,active,Universal Life,IL,rural,Broker,monthly,1,60.4,53749.55,500000,3413.87,853.47,0,0,3543.18,0.0,0,0,0
P10158,2024-01-01,2016-07-01,active,Universal Life,IL,rural,Broker,monthly,1,60.5,53749.55,500000,3413.87,853.47,0,2,3182.06,0.0,0,0,0
P10158,2024-02-01,2016-07-01,active,Universal Life,IL,rural,Broker,monthly,1,60.6,53749.55,500000,3413.87,853.47,0,1,4149.67,0.0,0,0,0
P10158,2024-03-01,2016-07-01,active,Universal Life,IL,rural,Broker,monthly,1,60.7,53749.55,500000,3413.87,853.47,0,1,2759.88,1568.35,0,0,0
P10158,2024-04-01,2016-07-01,active,Universal Life,IL,rural,Broker,monthly,1,60.8,53749.55,500000,3413.87,853.47,0,0,2937.23,0.0,0,0,0
P10158,2024-05-01,2016-07-01,active,Universal Life,IL,rural,Broker,monthly,1,60.8,53749.55,500000,3413.87,853.47,0,0,2062.99,0.0,0,0,0
P10158,2024-06-01,2016-07-01,active,Universal Life,IL,rural,Broker,monthly,1,60.9,53749.55,500000,3413.87,853.47,0,2,4726.76,0.0,0,0,0
P10158,2024-07-01,2016-07-01,active,Universal Life,IL,rural,Broker,monthly,1,61.0,53749.55,500000,3413.87,853.47,0,0,4382.15,1172.0,0,0,0
P10158,2024-08-01,2016-07-01,active,Universal Life,IL,rural,Broker,monthly,1,61.1,53749.55,500000,3413.87,853.47,0,0,4431.77,0.0,0,0,0
P10158,2024-09-01,2016-07-01,active,Universal Life,IL,rural,Broker,monthly,1,61.2,53749.55,500000,3413.87,853.47,0,3,4352.32,1582.85,0,1,0
P10158,2024-10-01,2016-07-01,active,Universal Life,IL,rural,Broker,monthly,1,61.2,53749.55,500000,3413.87,853.47,0,1,1697.9,0.0,0,0,0
P10158,2024-11-01,2016-07-01,active,Universal Life,IL,rural,Broker,monthly,1,61.3,53749.55,500000,3413.87,853.47,0,0,1944.21,0.0,0,0,0
P10158,2024-12-01,2016-07-01,active,Universal Life,IL,rural,Broker,monthly,1,61.4,53749.55,500000,3413.87,853.47,0,0,3638.05,1489.59,0,0,0
P10159,2023-01-01,2023-10-01,active,Term Life,OH,suburban,Direct,monthly,0,62.0,160218.17,500000,2993.97,748.49,1,4,0.0,0.0,0,0,0
P10159,2023-02-01,2023-10-01,active,Term Life,OH,suburban,Direct,monthly,0,62.0,160218.17,500000,2993.97,748.49,0,3,0.0,0.0,0,0,0
P10159,2023-03-01,2023-10-01,active,Term Life,OH,suburban,Direct,monthly,0,62.0,160218.17,500000,2993.97,499.0,0,2,0.0,0.0,0,0,0
P10159,2023-04-01,2023-10-01,active,Term Life,OH,suburban,Direct,monthly,0,62.0,160218.17,500000,2993.97,748.49,0,2,0.0,0.0,0,0,1
P10159,2023-05-01,2023-10-01,lapsed,Term Life,OH,suburban,Direct,monthly,0,62.0,160218.17,500000,2993.97,748.49,0,3,0.0,0.0,0,0,0
P10160,2023-01-01,2018-02-01,active,Whole Life,GA,rural,Agent,monthly,1,44.9,60271.27,250000,1407.95,351.99,0,0,907.32,451.44,0,0,0
P10160,2023-02-01,2018-02-01,active,Whole Life,GA,rural,Agent,monthly,1,45.0,60271.27,250000,1407.95,234.66,1,0,548.07,0.0,0,0,1
P10160,2023-03-01,2018-02-01,lapsed,Whole Life,GA,rural,Agent,monthly,1,45.1,60271.27,250000,1407.95,351.99,1,1,1220.06,0.0,0,0,0
P10161,2023-01-01,2020-02-01,active,Universal Life,OH,suburban,Broker,monthly,0,33.9,98062.71,250000,1611.16,402.79,0,4,404.85,0.0,0,0,0
P10161,2023-02-01,2020-02-01,active,Universal Life,OH,suburban,Broker,monthly,0,34.0,98062.71,250000,1611.16,402.79,0,5,833.59,0.0,0,0,0
P10161,2023-03-01,2020-02-01,active,Universal Life,OH,suburban,Broker,monthly,0,34.1,98062.71,250000,1611.16,402.79,0,3,509.13,0.0,0,0,0
P10161,2023-04-01,2020-02-01,active,Universal Life,OH,suburban,Broker,monthly,0,34.2,98062.71,250000,1611.16,402.79,0,3,571.99,0.0,0,0,0
P10161,2023-05-01,2020-02-01,active,Universal Life,OH,suburban,Broker,monthly,0,34.2,98062.71,250000,1611.16,402.79,0,4,809.14,0.0,0,0,0
P10161,2023-06-01,2020-02-01,active,Universal Life,OH,suburban,Broker,monthly,0,34.3,98062.71,250000,1611.16,402.79,0,4,780.92,0.0,0,0,0
P10161,2023-07-01,2020-02-01,active,Universal Life,OH,suburban,Broker,monthly,0,34.4,98062.71,250000,1611.16,402.79,1,5,769.62,0.0,0,0,0
P10161,2023-08-01,2020-02-01,active,Universal Life,OH,suburban,Broker,monthly,0,34.5,98062.71,250000,1611.16,268.53,1,3,701.45,0.0,0,0,0
P10161,2023-09-01,2020-02-01,active,Universal Life,OH,suburban,Broker,monthly,0,34.6,98062.71,250000,1611.16,402.79,2,3,612.63,0.0,0,0,0
P10161,2023-10-01,2020-02-01,active,Universal Life,OH,suburban,Broker,monthly,0,34.7,98062.71,250000,1611.16,268.53,2,4,900.67,0.0,0,0,0
P10161,2023-11-01,2020-02-01,active,Universal Life,OH,suburban,Broker,monthly,0,34.8,98062.71,250000,1611.16,268.53,2,4,759.48,176.96,0,1,0
P10161,2023-12-01,2020-02-01,active,Universal Life,OH,suburban,Broker,monthly,0,34.8,98062.71,250000,1611.16,402.79,2,5,371.98,126.77,0,0,0
P10161,2024-01-01,2020-02-01,active,Universal Life,OH,suburban,Broker,monthly,0,34.9,98062.71,250000,1611.16,402.79,2,4,1125.64,0.0,0,0,0
P10161,2024-02-01,2020-02-01,active,Universal Life,OH,suburban,Broker,monthly,0,35.0,98062.71,250000,1611.16,402.79,2,3,698.97,0.0,0,0,0
P10161,2024-03-01,2020-02-01,active,Universal Life,OH,suburban,Broker,monthly,0,35.1,98062.71,250000,1611.16,402.79,2,5,649.69,0.0,0,0,0
P10161,2024-04-01,2020-02-01,active,Universal Life,OH,suburban,Broker,monthly,0,35.2,98062.71,250000,1611.16,402.79,1,3,1205.59,263.0,0,0,0
P10161,2024-05-01,2020-02-01,active,Universal Life,OH,suburban,Broker,monthly,0,35.2,98062.71,250000,1611.16,402.79,2,3,1127.91,328.86,0,0,0
P10161,2024-06-01,2020-02-01,active,Universal Life,OH,suburban,Broker,monthly,0,35.3,98062.71,250000,1611.16,402.79,2,3,1096.3,0.0,0,0,0
P10161,2024-07-01,2020-02-01,active,Universal Life,OH,suburban,Broker,monthly,0,35.4,98062.71,250000,1611.16,402.79,2,4,925.48,0.0,0,0,0
P10161,2024-08-01,2020-02-01,active,Universal Life,OH,suburban,Broker,monthly,0,35.5,98062.71,250000,1611.16,402.79,2,3,1059.78,0.0,0,0,0
P10161,2024-09-01,2020-02-01,active,Universal Life,OH,suburban,Broker,monthly,0,35.6,98062.71,250000,1611.16,402.79,2,3,563.35,0.0,0,0,0
P10161,2024-10-01,2020-02-01,active,Universal Life,OH,suburban,Broker,monthly,0,35.7,98062.71,250000,1611.16,402.79,2,3,668.86,0.0,0,0,0
P10161,2024-11-01,2020-02-01,active,Universal Life,OH,suburban,Broker,monthly,0,35.8,98062.71,250000,1611.16,402.79,1,3,1083.64,0.0,0,0,0
P10161,2024-12-01,2020-02-01,active,Universal Life,OH,suburban,Broker,monthly,0,35.8,98062.71,250000,1611.16,402.79,0,4,693.44,0.0,0,0,0
P10162,2023-01-01,2015-06-01,active,Term Life,NJ,urban,Bank,monthly,0,43.6,21812.75,500000,1059.76,264.94,0,0,0.0,0.0,0,0,0
P10162,2023-02-01,2015-06-01,active,Term Life,NJ,urban,Bank,monthly,0,43.7,21812.75,500000,1059.76,176.63,0,0,0.0,0.0,0,1,0
P10162,2023-03-01,2015-06-01,active,Term Life,NJ,urban,Bank,monthly,0,43.8,21812.75,500000,1059.76,264.94,0,2,0.0,0.0,0,0,0
P10162,2023-04-01,2015-06-01,active,Term Life,NJ,urban,Bank,monthly,0,43.8,21812.75,500000,1059.76,176.63,0,1,0.0,0.0,0,0,0
P10162,2023-05-01,2015-06-01,active,Term Life,NJ,urban,Bank,monthly,0,43.9,21812.75,500000,1059.76,176.63,0,0,0.0,0.0,0,0,0
P10162,2023-06-01,2015-06-01,active,Term Life,NJ,urban,Bank,monthly,0,44.0,21812.75,500000,1059.76,264.94,0,0,0.0,0.0,0,0,0
P10162,2023-07-01,2015-06-01,active,Term Life,NJ,urban,Bank,monthly,0,44.1,21812.75,500000,1059.76,264.94,0,0,0.0,0.0,1,0,0
P10162,2023-08-01,2015-06-01,active,Term Life,NJ,urban,Bank,monthly,0,44.2,21812.75,500000,1059.76,176.63,0,0,0.0,0.0,0,0,0
P10162,2023-09-01,2015-06-01,active,Term Life,NJ,urban,Bank,monthly,0,44.2,21812.75,500000,1059.76,176.63,0,1,0.0,0.0,0,0,0
P10162,2023-10-01,2015-06-01,active,Term Life,NJ,urban,Bank,monthly,0,44.3,21812.75,500000,1059.76,264.94,0,0,0.0,0.0,0,0,0
P10162,2023-11-01,2015-06-01,active,Term Life,NJ,urban,Bank,monthly,0,44.4,21812.75,500000,1059.76,264.94,0,2,0.0,0.0,0,0,0
P10162,2023-12-01,2015-06-01,active,Term Life,NJ,urban,Bank,monthly,0,44.5,21812.75,500000,1059.76,264.94,0,0,0.0,0.0,0,0,0
P10162,2024-01-01,2015-06-01,active,Term Life,NJ,urban,Bank,monthly,0,44.6,21812.75,500000,1059.76,264.94,0,3,0.0,0.0,0,0,0
P10162,2024-02-01,2015-06-01,active,Term Life,NJ,urban,Bank,monthly,0,44.7,21812.75,500000,1059.76,264.94,0,0,0.0,0.0,0,0,0
P10162,2024-03-01,2015-06-01,active,Term Life,NJ,urban,Bank,monthly,0,44.8,21812.75,500000,1059.76,264.94,0,1,0.0,0.0,0,0,0
P10162,2024-04-01,2015-06-01,active,Term Life,NJ,urban,Bank,monthly,0,44.8,21812.75,500000,1059.76,264.94,0,0,0.0,0.0,0,0,0
P10162,2024-05-01,2015-06-01,active,Term Life,NJ,urban,Bank,monthly,0,44.9,21812.75,500000,1059.76,264.94,0,2,0.0,0.0,0,0,0
P10162,2024-06-01,2015-06-01,active,Term Life,NJ,urban,Bank,monthly,0,45.0,21812.75,500000,1059.76,264.94,0,0,0.0,0.0,0,0,0
P10162,2024-07-01,2015-06-01,active,Term Life,NJ,urban,Bank,monthly,0,45.1,21812.75,500000,1059.76,264.94,0,1,0.0,0.0,0,0,0
P10162,2024-08-01,2015-06-01,active,Term Life,NJ,urban,Bank,monthly,0,45.2,21812.75,500000,1059.76,264.94,0,2,0.0,0.0,0,0,0
P10162,2024-09-01,2015-06-01,active,Term Life,NJ,urban,Bank,monthly,0,45.2,21812.75,500000,1059.76,264.94,0,0,0.0,0.0,0,0,0
P10162,2024-10-01,2015-06-01,active,Term Life,NJ,urban,Bank,monthly,0,45.3,21812.75,500000,1059.76,264.94,0,0,0.0,0.0,0,0,0
P10162,2024-11-01,2015-06-01,active,Term Life,NJ,urban,Bank,monthly,0,45.4,21812.75,500000,1059.76,264.94,0,1,0.0,0.0,0,0,0
P10162,2024-12-01,2015-06-01,active,Term Life,NJ,urban,Bank,monthly,0,45.5,21812.75,500000,1059.76,264.94,0,1,0.0,0.0,0,0,0
P10163,2023-01-01,2022-12-01,active,Term Life,CA,rural,Agent,annual,1,58.1,85578.21,250000,171.72,515.17,0,0,0.0,0.0,0,0,0
P10163,2023-02-01,2022-12-01,active,Term Life,CA,rural,Agent,annual,1,58.2,85578.21,250000,171.72,515.17,0,2,0.0,0.0,0,0,0
P10163,2023-03-01,2022-12-01,active,Term Life,CA,rural,Agent,annual,1,58.2,85578.21,250000,171.72,343.44,0,2,0.0,0.0,0,0,0
P10163,2023-04-01,2022-12-01,active,Term Life,CA,rural,Agent,annual,1,58.3,85578.21,250000,171.72,515.17,0,0,0.0,0.0,0,0,0
P10163,2023-05-01,2022-12-01,active,Term Life,CA,rural,Agent,annual,1,58.4,85578.21,250000,171.72,343.44,0,1,0.0,0.0,0,0,0
P10163,2023-06-01,2022-12-01,active,Term Life,CA,rural,Agent,annual,1,58.5,85578.21,250000,171.72,515.17,0,2,0.0,0.0,0,1,0
P10163,2023-07-01,2022-12-01,active,Term Life,CA,rural,Agent,annual,1,58.6,85578.21,250000,171.72,515.17,0,0,0.0,0.0,0,0,0
P10163,2023-08-01,2022-12-01,active,Term Life,CA,rural,Agent,annual,1,58.7,85578.21,250000,171.72,515.17,1,0,0.0,0.0,0,0,0
P10163,2023-09-01,2022-12-01,active,Term Life,CA,rural,Agent,annual,1,58.8,85578.21,250000,171.72,515.17,1,2,0.0,0.0,0,0,0
P10163,2023-10-01,2022-12-01,active,Term Life,CA,rural,Agent,annual,1,58.8,85578.21,250000,171.72,515.17,1,1,0.0,0.0,0,0,0
P10163,2023-11-01,2022-12-01,active,Term Life,CA,rural,Agent,annual,1,58.9,85578.21,250000,171.72,515.17,1,2,0.0,0.0,0,0,0
P10163,2023-12-01,2022-12-01,active,Term Life,CA,rural,Agent,annual,1,59.0,85578.21,250000,171.72,515.17,1,2,0.0,0.0,0,0,0
P10163,2024-01-01,2022-12-01,active,Term Life,CA,rural,Agent,annual,1,59.1,85578.21,250000,171.72,515.17,1,1,0.0,0.0,0,0,0
P10163,2024-02-01,2022-12-01,active,Term Life,CA,rural,Agent,annual,1,59.2,85578.21,250000,171.72,515.17,0,1,0.0,0.0,0,1,0
P10163,2024-03-01,2022-12-01,active,Term Life,CA,rural,Agent,annual,1,59.2,85578.21,250000,171.72,515.17,0,1,0.0,0.0,0,0,0
P10163,2024-04-01,2022-12-01,active,Term Life,CA,rural,Agent,annual,1,59.3,85578.21,250000,171.72,515.17,0,1,0.0,0.0,0,0,0
P10163,2024-05-01,2022-12-01,active,Term Life,CA,rural,Agent,annual,1,59.4,85578.21,250000,171.72,515.17,1,0,0.0,0.0,0,1,0
P10163,2024-06-01,2022-12-01,active,Term Life,CA,rural,Agent,annual,1,59.5,85578.21,250000,171.72,515.17,1,0,0.0,0.0,0,0,0
P10163,2024-07-01,2022-12-01,active,Term Life,CA,rural,Agent,annual,1,59.6,85578.21,250000,171.72,515.17,1,0,0.0,0.0,0,1,0
P10163,2024-08-01,2022-12-01,active,Term Life,CA,rural,Agent,annual,1,59.7,85578.21,250000,171.72,515.17,0,2,0.0,0.0,1,0,0
P10163,2024-09-01,2022-12-01,active,Term Life,CA,rural,Agent,annual,1,59.8,85578.21,250000,171.72,515.17,0,1,0.0,0.0,0,0,0
P10163,2024-10-01,2022-12-01,active,Term Life,CA,rural,Agent,annual,1,59.8,85578.21,250000,171.72,515.17,0,1,0.0,0.0,0,0,0
P10163,2024-11-01,2022-12-01,active,Term Life,CA,rural,Agent,annual,1,59.9,85578.21,250000,171.72,515.17,0,0,0.0,0.0,0,0,0
P10163,2024-12-01,2022-12-01,active,Term Life,CA,rural,Agent,annual,1,60.0,85578.21,250000,171.72,515.17,0,2,0.0,0.0,0,0,0
P10164,2023-01-01,2023-09-01,active,Term Life,AZ,urban,Agent,monthly,1,32.0,43065.72,100000,669.63,167.41,0,3,0.0,0.0,0,0,0
P10164,2023-02-01,2023-09-01,active,Term Life,AZ,urban,Agent,monthly,1,32.0,43065.72,100000,669.63,167.41,0,2,0.0,0.0,0,0,0
P10164,2023-03-01,2023-09-01,active,Term Life,AZ,urban,Agent,monthly,1,32.0,43065.72,100000,669.63,167.41,0,2,0.0,0.0,0,0,0
P10164,2023-04-01,2023-09-01,active,Term Life,AZ,urban,Agent,monthly,1,32.0,43065.72,100000,669.63,167.41,0,5,0.0,0.0,0,0,0
P10164,2023-05-01,2023-09-01,active,Term Life,AZ,urban,Agent,monthly,1,32.0,43065.72,100000,669.63,167.41,0,3,0.0,0.0,0,0,0
P10164,2023-06-01,2023-09-01,active,Term Life,AZ,urban,Agent,monthly,1,32.0,43065.72,100000,669.63,167.41,0,3,0.0,0.0,0,0,0
P10164,2023-07-01,2023-09-01,active,Term Life,AZ,urban,Agent,monthly,1,32.0,43065.72,100000,669.63,167.41,0,2,0.0,0.0,0,0,0
P10164,2023-08-01,2023-09-01,active,Term Life,AZ,urban,Agent,monthly,1,32.0,43065.72,100000,669.63,167.41,0,3,0.0,0.0,0,0,0
P10164,2023-09-01,2023-09-01,active,Term Life,AZ,urban,Agent,monthly,1,32.0,43065.72,100000,669.63,167.41,0,2,0.0,0.0,0,0,0
P10164,2023-10-01,2023-09-01,active,Term Life,AZ,urban,Agent,monthly,1,32.1,43065.72,100000,669.63,167.41,0,3,0.0,0.0,0,0,0
P10164,2023-11-01,2023-09-01,active,Term Life,AZ,urban,Agent,monthly,1,32.2,43065.72,100000,669.63,167.41,0,2,0.0,0.0,0,0,0
P10164,2023-12-01,2023-09-01,active,Term Life,AZ,urban,Agent,monthly,1,32.2,43065.72,100000,669.63,111.61,0,3,0.0,0.0,0,0,0
P10164,2024-01-01,2023-09-01,active,Term Life,AZ,urban,Agent,monthly,1,32.3,43065.72,100000,669.63,167.41,0,3,0.0,0.0,0,0,0
P10164,2024-02-01,2023-09-01,active,Term Life,AZ,urban,Agent,monthly,1,32.4,43065.72,100000,669.63,167.41,0,3,0.0,0.0,1,0,0
P10164,2024-03-01,2023-09-01,active,Term Life,AZ,urban,Agent,monthly,1,32.5,43065.72,100000,669.63,167.41,0,2,0.0,0.0,1,0,0
P10164,2024-04-01,2023-09-01,active,Term Life,AZ,urban,Agent,monthly,1,32.6,43065.72,100000,669.63,167.41,0,3,0.0,0.0,0,0,0
P10164,2024-05-01,2023-09-01,active,Term Life,AZ,urban,Agent,monthly,1,32.7,43065.72,100000,669.63,167.41,0,4,0.0,0.0,0,0,0
P10164,2024-06-01,2023-09-01,active,Term Life,AZ,urban,Agent,monthly,1,32.8,43065.72,100000,669.63,167.41,0,3,0.0,0.0,1,1,0
P10164,2024-07-01,2023-09-01,active,Term Life,AZ,urban,Agent,monthly,1,32.8,43065.72,100000,669.63,167.41,0,3,0.0,0.0,0,0,0
P10164,2024-08-01,2023-09-01,active,Term Life,AZ,urban,Agent,monthly,1,32.9,43065.72,100000,669.63,167.41,0,2,0.0,0.0,0,0,0
P10164,2024-09-01,2023-09-01,active,Term Life,AZ,urban,Agent,monthly,1,33.0,43065.72,100000,669.63,167.41,0,2,0.0,0.0,0,0,0
P10164,2024-10-01,2023-09-01,active,Term Life,AZ,urban,Agent,monthly,1,33.1,43065.72,100000,669.63,167.41,0,2,0.0,0.0,0,0,0
P10164,2024-11-01,2023-09-01,active,Term Life,AZ,urban,Agent,monthly,1,33.2,43065.72,100000,669.63,111.61,0,3,0.0,0.0,0,0,0
P10164,2024-12-01,2023-09-01,active,Term Life,AZ,urban,Agent,monthly,1,33.2,43065.72,100000,669.63,167.41,0,2,0.0,0.0,0,0,0
P10165,2023-01-01,2014-06-01,active,Term Life,CA,suburban,Broker,monthly,0,83.6,93406.58,750000,2926.49,731.62,0,0,0.0,0.0,0,0,0
P10165,2023-02-01,2014-06-01,active,Term Life,CA,suburban,Broker,monthly,0,83.7,93406.58,750000,2926.49,487.75,0,0,0.0,0.0,0,0,0
P10165,2023-03-01,2014-06-01,active,Term Life,CA,suburban,Broker,monthly,0,83.8,93406.58,750000,2926.49,731.62,0,3,0.0,0.0,1,0,0
P10165,2023-04-01,2014-06-01,active,Term Life,CA,suburban,Broker,monthly,0,83.8,93406.58,750000,2926.49,731.62,0,1,0.0,0.0,0,1,0
P10165,2023-05-01,2014-06-01,active,Term Life,CA,suburban,Broker,monthly,0,83.9,93406.58,750000,2926.49,731.62,0,0,0.0,0.0,0,0,0
P10165,2023-06-01,2014-06-01,active,Term Life,CA,suburban,Broker,monthly,0,84.0,93406.58,750000,2926.49,731.62,0,0,0.0,0.0,0,0,0
P10165,2023-07-01,2014-06-01,active,Term Life,CA,suburban,Broker,monthly,0,84.1,93406.58,750000,2926.49,731.62,0,0,0.0,0.0,0,0,0
P10165,2023-08-01,2014-06-01,active,Term Life,CA,suburban,Broker,monthly,0,84.2,93406.58,750000,2926.49,731.62,0,0,0.0,0.0,0,0,0
P10165,2023-09-01,2014-06-01,active,Term Life,CA,suburban,Broker,monthly,0,84.2,93406.58,750000,2926.49,731.62,0,1,0.0,0.0,0,0,0
P10165,2023-10-01,2014-06-01,active,Term Life,CA,suburban,Broker,monthly,0,84.3,93406.58,750000,2926.49,731.62,0,0,0.0,0.0,1,0,0
P10165,2023-11-01,2014-06-01,active,Term Life,CA,suburban,Broker,monthly,0,84.4,93406.58,750000,2926.49,731.62,0,0,0.0,0.0,0,0,0
P10165,2023-12-01,2014-06-01,active,Term Life,CA,suburban,Broker,monthly,0,84.5,93406.58,750000,2926.49,731.62,1,0,0.0,0.0,0,0,0
P10165,2024-01-01,2014-06-01,active,Term Life,CA,suburban,Broker,monthly,0,84.6,93406.58,750000,2926.49,487.75,2,1,0.0,0.0,0,0,0
P10165,2024-02-01,2014-06-01,active,Term Life,CA,suburban,Broker,monthly,0,84.7,93406.58,750000,2926.49,731.62,2,1,0.0,0.0,0,0,0
P10165,2024-03-01,2014-06-01,active,Term Life,CA,suburban,Broker,monthly,0,84.8,93406.58,750000,2926.49,487.75,3,0,0.0,0.0,0,0,0
P10165,2024-04-01,2014-06-01,active,Term Life,CA,suburban,Broker,monthly,0,84.8,93406.58,750000,2926.49,487.75,3,0,0.0,0.0,0,0,0
P10165,2024-05-01,2014-06-01,active,Term Life,CA,suburban,Broker,monthly,0,84.9,93406.58,750000,2926.49,731.62,3,1,0.0,0.0,0,0,0
P10165,2024-06-01,2014-06-01,active,Term Life,CA,suburban,Broker,monthly,0,85.0,93406.58,750000,2926.49,731.62,3,1,0.0,0.0,0,0,0
P10165,2024-07-01,2014-06-01,active,Term Life,CA,suburban,Broker,monthly,0,85.1,93406.58,750000,2926.49,731.62,3,0,0.0,0.0,0,0,0
P10165,2024-08-01,2014-06-01,active,Term Life,CA,suburban,Broker,monthly,0,85.2,93406.58,750000,2926.49,731.62,3,0,0.0,0.0,0,0,0
P10165,2024-09-01,2014-06-01,active,Term Life,CA,suburban,Broker,monthly,0,85.2,93406.58,750000,2926.49,487.75,3,2,0.0,0.0,0,0,0
P10165,2024-10-01,2014-06-01,active,Term Life,CA,suburban,Broker,monthly,0,85.3,93406.58,750000,2926.49,731.62,2,0,0.0,0.0,0,0,0
P10165,2024-11-01,2014-06-01,active,Term Life,CA,suburban,Broker,monthly,0,85.4,93406.58,750000,2926.49,731.62,2,3,0.0,0.0,0,0,0
P10165,2024-12-01,2014-06-01,active,Term Life,CA,suburban,Broker,monthly,0,85.5,93406.58,750000,2926.49,487.75,2,3,0.0,0.0,0,0,0
P10166,2023-01-01,2015-09-01,active,Universal Life,NY,suburban,Bank,monthly,1,76.3,50429.33,500000,4141.13,1035.28,0,3,4786.17,1649.12,1,0,0
P10166,2023-02-01,2015-09-01,active,Universal Life,NY,suburban,Bank,monthly,1,76.4,50429.33,500000,4141.13,690.19,0,3,3764.07,0.0,0,0,0
P10166,2023-03-01,2015-09-01,active,Universal Life,NY,suburban,Bank,monthly,1,76.5,50429.33,500000,4141.13,690.19,0,2,5035.38,0.0,0,0,0
P10166,2023-04-01,2015-09-01,active,Universal Life,NY,suburban,Bank,monthly,1,76.6,50429.33,500000,4141.13,1035.28,0,5,4589.11,0.0,0,0,0
P10166,2023-05-01,2015-09-01,active,Universal Life,NY,suburban,Bank,monthly,1,76.7,50429.33,500000,4141.13,1035.28,0,2,5565.17,0.0,0,0,0
P10166,2023-06-01,2015-09-01,active,Universal Life,NY,suburban,Bank,monthly,1,76.8,50429.33,500000,4141.13,1035.28,1,2,2547.11,0.0,0,0,0
P10166,2023-07-01,2015-09-01,active,Universal Life,NY,suburban,Bank,monthly,1,76.8,50429.33,500000,4141.13,690.19,1,2,5666.85,0.0,1,0,0
P10166,2023-08-01,2015-09-01,active,Universal Life,NY,suburban,Bank,monthly,1,76.9,50429.33,500000,4141.13,1035.28,0,3,3877.04,0.0,0,0,0
P10166,2023-09-01,2015-09-01,active,Universal Life,NY,suburban,Bank,monthly,1,77.0,50429.33,500000,4141.13,1035.28,0,3,5795.88,0.0,0,0,0
P10166,2023-10-01,2015-09-01,active,Universal Life,NY,suburban,Bank,monthly,1,77.1,50429.33,500000,4141.13,1035.28,0,2,3795.95,0.0,0,0,0
P10166,2023-11-01,2015-09-01,active,Universal Life,NY,suburban,Bank,monthly,1,77.2,50429.33,500000,4141.13,1035.28,0,3,2631.35,0.0,0,0,0
P10166,2023-12-01,2015-09-01,active,Universal Life,NY,suburban,Bank,monthly,1,77.2,50429.33,500000,4141.13,1035.28,0,4,4115.11,727.69,0,0,0
P10166,2024-01-01,2015-09-01,active,Universal Life,NY,suburban,Bank,monthly,1,77.3,50429.33,500000,4141.13,1035.28,0,2,4616.87,0.0,0,0,0
P10166,2024-02-01,2015-09-01,active,Universal Life,NY,suburban,Bank,monthly,1,77.4,50429.33,500000,4141.13,1035.28,0,3,2998.74,0.0,0,0,0
P10166,2024-03-01,2015-09-01,active,Universal Life,NY,suburban,Bank,monthly,1,77.5,50429.33,500000,4141.13,1035.28,0,2,4532.22,0.0,0,0,0
P10166,2024-04-01,2015-09-01,active,Universal Life,NY,suburban,Bank,monthly,1,77.6,50429.33,500000,4141.13,690.19,0,2,4069.64,0.0,0,0,0
P10166,2024-05-01,2015-09-01,active,Universal Life,NY,suburban,Bank,monthly,1,77.7,50429.33,500000,4141.13,690.19,0,3,4331.55,0.0,0,0,0
P10166,2024-06-01,2015-09-01,active,Universal Life,NY,suburban,Bank,monthly,1,77.8,50429.33,500000,4141.13,1035.28,0,2,5256.06,0.0,0,0,0
P10166,2024-07-01,2015-09-01,active,Universal Life,NY,suburban,Bank,monthly,1,77.8,50429.33,500000,4141.13,1035.28,0,2,3998.39,0.0,0,0,0
P10166,2024-08-01,2015-09-01,active,Universal Life,NY,suburban,Bank,monthly,1,77.9,50429.33,500000,4141.13,1035.28,1,2,5491.42,2026.97,0,0,0
P10166,2024-09-01,2015-09-01,active,Universal Life,NY,suburban,Bank,monthly,1,78.0,50429.33,500000,4141.13,690.19,1,2,6443.05,0.0,0,0,0
P10166,2024-10-01,2015-09-01,active,Universal Life,NY,suburban,Bank,monthly,1,78.1,50429.33,500000,4141.13,1035.28,1,2,3141.34,0.0,0,0,0
P10166,2024-11-01,2015-09-01,active,Universal Life,NY,suburban,Bank,monthly,1,78.2,50429.33,500000,4141.13,1035.28,1,3,4812.85,0.0,0,0,0
P10166,2024-12-01,2015-09-01,active,Universal Life,NY,suburban,Bank,monthly,1,78.2,50429.33,500000,4141.13,1035.28,1,4,4050.78,2414.14,0,0,0
P10167,2023-01-01,2019-08-01,active,Whole Life,CA,suburban,Broker,monthly,1,45.4,64024.73,1000000,4085.09,1021.27,0,4,1369.72,0.0,0,0,0
P10167,2023-02-01,2019-08-01,active,Whole Life,CA,suburban,Broker,monthly,1,45.5,64024.73,1000000,4085.09,1021.27,0,4,2176.35,0.0,0,0,0
P10167,2023-03-01,2019-08-01,active,Whole Life,CA,suburban,Broker,monthly,1,45.6,64024.73,1000000,4085.09,680.85,0,3,1504.09,0.0,0,0,0
P10167,2023-04-01,2019-08-01,active,Whole Life,CA,suburban,Broker,monthly,1,45.7,64024.73,1000000,4085.09,1021.27,0,2,2441.26,0.0,0,0,0
P10167,2023-05-01,2019-08-01,active,Whole Life,CA,suburban,Broker,monthly,1,45.8,64024.73,1000000,4085.09,1021.27,0,2,2077.36,0.0,0,0,0
P10167,2023-06-01,2019-08-01,active,Whole Life,CA,suburban,Broker,monthly,1,45.8,64024.73,1000000,4085.09,1021.27,0,2,1546.95,0.0,0,0,0
P10167,2023-07-01,2019-08-01,active,Whole Life,CA,suburban,Broker,monthly,1,45.9,64024.73,1000000,4085.09,1021.27,0,2,1052.81,0.0,0,0,0
P10167,2023-08-01,2019-08-01,active,Whole Life,CA,suburban,Broker,monthly,1,46.0,64024.73,1000000,4085.09,1021.27,0,2,1039.23,0.0,0,0,0
P10167,2023-09-01,2019-08-01,active,Whole Life,CA,suburban,Broker,monthly,1,46.1,64024.73,1000000,4085.09,680.85,0,3,1085.92,0.0,0,0,0
P10167,2023-10-01,2019-08-01,active,Whole Life,CA,suburban,Broker,monthly,1,46.2,64024.73,1000000,4085.09,1021.27,0,3,1225.83,188.41,0,0,0
P10167,2023-11-01,2019-08-01,active,Whole Life,CA,suburban,Broker,monthly,1,46.2,64024.73,1000000,4085.09,680.85,0,2,1846.53,0.0,0,0,0
P10167,2023-12-01,2019-08-01,active,Whole Life,CA,suburban,Broker,monthly,1,46.3,64024.73,1000000,4085.09,1021.27,0,4,2101.67,0.0,0,0,0
P10167,2024-01-01,2019-08-01,active,Whole Life,CA,suburban,Broker,monthly,1,46.4,64024.73,1000000,4085.09,1021.27,0,3,2003.75,0.0,0,0,0
P10167,2024-02-01,2019-08-01,active,Whole Life,CA,suburban,Broker,monthly,1,46.5,64024.73,1000000,4085.09,1021.27,0,3,2067.97,0.0,0,0,0
P10167,2024-03-01,2019-08-01,active,Whole Life,CA,suburban,Broker,monthly,1,46.6,64024.73,1000000,4085.09,680.85,0,2,2413.23,1142.84,0,0,0
P10167,2024-04-01,2019-08-01,active,Whole Life,CA,suburban,Broker,monthly,1,46.7,64024.73,1000000,4085.09,1021.27,0,3,3280.19,0.0,0,0,0
P10167,2024-05-01,2019-08-01,active,Whole Life,CA,suburban,Broker,monthly,1,46.8,64024.73,1000000,4085.09,680.85,0,4,3205.41,0.0,0,0,0
P10167,2024-06-01,2019-08-01,active,Whole Life,CA,suburban,Broker,monthly,1,46.8,64024.73,1000000,4085.09,1021.27,0,2,2606.57,0.0,0,0,0
P10167,2024-07-01,2019-08-01,active,Whole Life,CA,suburban,Broker,monthly,1,46.9,64024.73,1000000,4085.09,680.85,0,3,2148.4,0.0,0,0,0
P10167,2024-08-01,2019-08-01,active,Whole Life,CA,suburban,Broker,monthly,1,47.0,64024.73,1000000,4085.09,1021.27,1,4,1980.5,501.74,1,0,0
P10167,2024-09-01,2019-08-01,active,Whole Life,CA,suburban,Broker,monthly,1,47.1,64024.73,1000000,4085.09,680.85,1,2,3256.69,0.0,0,0,0
P10167,2024-10-01,2019-08-01,active,Whole Life,CA,suburban,Broker,monthly,1,47.2,64024.73,1000000,4085.09,1021.27,0,2,2488.25,0.0,0,0,0
P10167,2024-11-01,2019-08-01,active,Whole Life,CA,suburban,Broker,monthly,1,47.2,64024.73,1000000,4085.09,1021.27,1,3,3147.69,0.0,0,0,0
P10167,2024-12-01,2019-08-01,active,Whole Life,CA,suburban,Broker,monthly,1,47.3,64024.73,1000000,4085.09,1021.27,2,2,1873.55,0.0,0,0,0
P10168,2023-01-01,2021-07-01,active,Indexed Universal Life,AZ,urban,Broker,quarterly,1,41.5,92356.47,250000,207.19,155.39,0,4,132.03,0.0,0,0,0
P10168,2023-02-01,2021-07-01,active,Indexed Universal Life,AZ,urban,Broker,quarterly,1,41.6,92356.47,250000,207.19,155.39,0,4,138.6,0.0,0,0,0
P10168,2023-03-01,2021-07-01,active,Indexed Universal Life,AZ,urban,Broker,quarterly,1,41.7,92356.47,250000,207.19,155.39,0,5,139.34,0.0,0,0,0
P10168,2023-04-01,2021-07-01,active,Indexed Universal Life,AZ,urban,Broker,quarterly,1,41.8,92356.47,250000,207.19,155.39,0,9,106.83,57.66,0,0,0
P10168,2023-05-01,2021-07-01,active,Indexed Universal Life,AZ,urban,Broker,quarterly,1,41.8,92356.47,250000,207.19,103.6,0,6,193.76,0.0,1,0,0
P10168,2023-06-01,2021-07-01,active,Indexed Universal Life,AZ,urban,Broker,quarterly,1,41.9,92356.47,250000,207.19,155.39,0,4,120.06,0.0,1,0,0
P10168,2023-07-01,2021-07-01,active,Indexed Universal Life,AZ,urban,Broker,quarterly,1,42.0,92356.47,250000,207.19,155.39,0,7,79.5,0.0,0,0,0
P10168,2023-08-01,2021-07-01,active,Indexed Universal Life,AZ,urban,Broker,quarterly,1,42.1,92356.47,250000,207.19,155.39,0,4,202.11,0.0,0,0,0
P10168,2023-09-01,2021-07-01,active,Indexed Universal Life,AZ,urban,Broker,quarterly,1,42.2,92356.47,250000,207.19,155.39,0,4,102.47,0.0,0,0,0
P10168,2023-10-01,2021-07-01,active,Indexed Universal Life,AZ,urban,Broker,quarterly,1,42.2,92356.47,250000,207.19,155.39,0,4,97.82,0.0,0,0,0
P10168,2023-11-01,2021-07-01,active,Indexed Universal Life,AZ,urban,Broker,quarterly,1,42.3,92356.47,250000,207.19,155.39,0,4,133.78,0.0,0,0,0
P10168,2023-12-01,2021-07-01,active,Indexed Universal Life,AZ,urban,Broker,quarterly,1,42.4,92356.47,250000,207.19,155.39,0,5,137.63,0.0,0,0,0
P10168,2024-01-01,2021-07-01,active,Indexed Universal Life,AZ,urban,Broker,quarterly,1,42.5,92356.47,250000,207.19,155.39,0,4,241.48,64.18,0,0,0
P10168,2024-02-01,2021-07-01,active,Indexed Universal Life,AZ,urban,Broker,quarterly,1,42.6,92356.47,250000,207.19,155.39,0,4,189.49,0.0,0,1,0
P10168,2024-03-01,2021-07-01,active,Indexed Universal Life,AZ,urban,Broker,quarterly,1,42.7,92356.47,250000,207.19,155.39,0,6,243.1,0.0,0,0,0
P10168,2024-04-01,2021-07-01,active,Indexed Universal Life,AZ,urban,Broker,quarterly,1,42.8,92356.47,250000,207.19,155.39,0,4,233.09,0.0,0,0,0
P10168,2024-05-01,2021-07-01,active,Indexed Universal Life,AZ,urban,Broker,quarterly,1,42.8,92356.47,250000,207.19,155.39,1,4,236.0,0.0,0,1,0
P10168,2024-06-01,2021-07-01,active,Indexed Universal Life,AZ,urban,Broker,quarterly,1,42.9,92356.47,250000,207.19,103.6,1,5,312.88,0.0,1,0,0
P10168,2024-07-01,2021-07-01,active,Indexed Universal Life,AZ,urban,Broker,quarterly,1,43.0,92356.47,250000,207.19,155.39,1,4,280.75,0.0,0,0,0
P10168,2024-08-01,2021-07-01,active,Indexed Universal Life,AZ,urban,Broker,quarterly,1,43.1,92356.47,250000,207.19,155.39,1,4,217.6,0.0,0,0,0
P10168,2024-09-01,2021-07-01,active,Indexed Universal Life,AZ,urban,Broker,quarterly,1,43.2,92356.47,250000,207.19,155.39,1,5,139.42,0.0,0,0,0
P10168,2024-10-01,2021-07-01,active,Indexed Universal Life,AZ,urban,Broker,quarterly,1,43.2,92356.47,250000,207.19,155.39,0,4,141.26,0.0,0,1,0
P10168,2024-11-01,2021-07-01,active,Indexed Universal Life,AZ,urban,Broker,quarterly,1,43.3,92356.47,250000,207.19,155.39,0,4,129.42,0.0,0,0,0
P10168,2024-12-01,2021-07-01,active,Indexed Universal Life,AZ,urban,Broker,quarterly,1,43.4,92356.47,250000,207.19,155.39,0,5,273.94,152.57,0,0,0
P10169,2023-01-01,2016-08-01,active,Universal Life,GA,urban,Agent,monthly,1,42.4,90632.93,100000,300.0,75.0,0,1,261.19,0.0,1,0,0
P10169,2023-02-01,2016-08-01,active,Universal Life,GA,urban,Agent,monthly,1,42.5,90632.93,100000,300.0,75.0,0,1,293.99,0.0,0,0,0
P10169,2023-03-01,2016-08-01,active,Universal Life,GA,urban,Agent,monthly,1,42.6,90632.93,100000,300.0,75.0,0,1,197.82,0.0,0,0,0
P10169,2023-04-01,2016-08-01,active,Universal Life,GA,urban,Agent,monthly,1,42.7,90632.93,100000,300.0,75.0,0,1,323.6,0.0,0,0,0
P10169,2023-05-01,2016-08-01,active,Universal Life,GA,urban,Agent,monthly,1,42.8,90632.93,100000,300.0,75.0,1,5,183.8,0.0,0,0,0
P10169,2023-06-01,2016-08-01,active,Universal Life,GA,urban,Agent,monthly,1,42.8,90632.93,100000,300.0,75.0,1,2,274.62,0.0,1,0,0
P10169,2023-07-01,2016-08-01,active,Universal Life,GA,urban,Agent,monthly,1,42.9,90632.93,100000,300.0,75.0,1,1,305.43,0.0,0,0,0
P10169,2023-08-01,2016-08-01,active,Universal Life,GA,urban,Agent,monthly,1,43.0,90632.93,100000,300.0,75.0,1,1,304.36,0.0,0,0,0
P10169,2023-09-01,2016-08-01,active,Universal Life,GA,urban,Agent,monthly,1,43.1,90632.93,100000,300.0,75.0,1,2,220.16,0.0,0,0,0
P10169,2023-10-01,2016-08-01,active,Universal Life,GA,urban,Agent,monthly,1,43.2,90632.93,100000,300.0,75.0,1,1,221.3,0.0,0,0,0
P10169,2023-11-01,2016-08-01,active,Universal Life,GA,urban,Agent,monthly,1,43.2,90632.93,100000,300.0,75.0,1,1,137.21,0.0,0,0,0
P10169,2023-12-01,2016-08-01,active,Universal Life,GA,urban,Agent,monthly,1,43.3,90632.93,100000,300.0,50.0,1,1,307.86,0.0,0,0,0
P10169,2024-01-01,2016-08-01,active,Universal Life,GA,urban,Agent,monthly,1,43.4,90632.93,100000,300.0,75.0,1,2,316.03,0.0,0,0,0
P10169,2024-02-01,2016-08-01,active,Universal Life,GA,urban,Agent,monthly,1,43.5,90632.93,100000,300.0,75.0,0,1,279.11,0.0,1,0,0
P10169,2024-03-01,2016-08-01,active,Universal Life,GA,urban,Agent,monthly,1,43.6,90632.93,100000,300.0,75.0,0,1,189.63,0.0,0,0,0
P10169,2024-04-01,2016-08-01,active,Universal Life,GA,urban,Agent,monthly,1,43.7,90632.93,100000,300.0,75.0,0,1,352.56,0.0,1,0,0
P10169,2024-05-01,2016-08-01,active,Universal Life,GA,urban,Agent,monthly,1,43.8,90632.93,100000,300.0,75.0,0,2,403.94,0.0,0,0,0
P10169,2024-06-01,2016-08-01,active,Universal Life,GA,urban,Agent,monthly,1,43.8,90632.93,100000,300.0,75.0,0,3,318.94,0.0,0,0,0
P10169,2024-07-01,2016-08-01,active,Universal Life,GA,urban,Agent,monthly,1,43.9,90632.93,100000,300.0,75.0,0,5,283.3,0.0,0,0,0
P10169,2024-08-01,2016-08-01,active,Universal Life,GA,urban,Agent,monthly,1,44.0,90632.93,100000,300.0,50.0,0,3,304.05,0.0,0,0,0
P10169,2024-09-01,2016-08-01,active,Universal Life,GA,urban,Agent,monthly,1,44.1,90632.93,100000,300.0,75.0,0,1,145.88,0.0,0,0,0
P10169,2024-10-01,2016-08-01,active,Universal Life,GA,urban,Agent,monthly,1,44.2,90632.93,100000,300.0,75.0,0,3,348.44,146.83,0,0,0
P10169,2024-11-01,2016-08-01,active,Universal Life,GA,urban,Agent,monthly,1,44.2,90632.93,100000,300.0,50.0,0,2,217.42,0.0,0,0,0
P10169,2024-12-01,2016-08-01,active,Universal Life,GA,urban,Agent,monthly,1,44.3,90632.93,100000,300.0,75.0,0,1,426.15,0.0,1,0,0
P10170,2023-01-01,2015-02-01,active,Term Life,NY,urban,Bank,monthly,1,33.9,39901.92,150000,941.82,235.45,0,0,0.0,0.0,0,0,0
P10170,2023-02-01,2015-02-01,active,Term Life,NY,urban,Bank,monthly,1,34.0,39901.92,150000,941.82,235.45,1,1,0.0,0.0,0,0,0
P10170,2023-03-01,2015-02-01,active,Term Life,NY,urban,Bank,monthly,1,34.1,39901.92,150000,941.82,235.45,1,0,0.0,0.0,0,0,0
P10170,2023-04-01,2015-02-01,active,Term Life,NY,urban,Bank,monthly,1,34.2,39901.92,150000,941.82,235.45,1,0,0.0,0.0,0,0,0
P10170,2023-05-01,2015-02-01,active,Term Life,NY,urban,Bank,monthly,1,34.2,39901.92,150000,941.82,235.45,0,0,0.0,0.0,0,0,0
P10170,2023-06-01,2015-02-01,active,Term Life,NY,urban,Bank,monthly,1,34.3,39901.92,150000,941.82,235.45,0,0,0.0,0.0,0,0,0
P10170,2023-07-01,2015-02-01,active,Term Life,NY,urban,Bank,monthly,1,34.4,39901.92,150000,941.82,235.45,0,0,0.0,0.0,0,0,0
P10170,2023-08-01,2015-02-01,active,Term Life,NY,urban,Bank,monthly,1,34.5,39901.92,150000,941.82,156.97,0,0,0.0,0.0,0,0,0
P10170,2023-09-01,2015-02-01,active,Term Life,NY,urban,Bank,monthly,1,34.6,39901.92,150000,941.82,235.45,0,0,0.0,0.0,0,0,0
P10170,2023-10-01,2015-02-01,active,Term Life,NY,urban,Bank,monthly,1,34.7,39901.92,150000,941.82,235.45,0,2,0.0,0.0,1,0,0
P10170,2023-11-01,2015-02-01,active,Term Life,NY,urban,Bank,monthly,1,34.8,39901.92,150000,941.82,235.45,0,1,0.0,0.0,0,0,0
P10170,2023-12-01,2015-02-01,active,Term Life,NY,urban,Bank,monthly,1,34.8,39901.92,150000,941.82,156.97,0,1,0.0,0.0,0,0,0
P10170,2024-01-01,2015-02-01,active,Term Life,NY,urban,Bank,monthly,1,34.9,39901.92,150000,941.82,235.45,0,1,0.0,0.0,0,0,0
P10170,2024-02-01,2015-02-01,active,Term Life,NY,urban,Bank,monthly,1,35.0,39901.92,150000,941.82,235.45,0,0,0.0,0.0,0,0,0
P10170,2024-03-01,2015-02-01,active,Term Life,NY,urban,Bank,monthly,1,35.1,39901.92,150000,941.82,235.45,0,2,0.0,0.0,0,0,0
P10170,2024-04-01,2015-02-01,active,Term Life,NY,urban,Bank,monthly,1,35.2,39901.92,150000,941.82,235.45,0,0,0.0,0.0,0,0,0
P10170,2024-05-01,2015-02-01,active,Term Life,NY,urban,Bank,monthly,1,35.2,39901.92,150000,941.82,235.45,0,0,0.0,0.0,0,0,0
P10170,2024-06-01,2015-02-01,active,Term Life,NY,urban,Bank,monthly,1,35.3,39901.92,150000,941.82,235.45,0,0,0.0,0.0,0,0,0
P10170,2024-07-01,2015-02-01,active,Term Life,NY,urban,Bank,monthly,1,35.4,39901.92,150000,941.82,156.97,0,1,0.0,0.0,0,0,0
P10170,2024-08-01,2015-02-01,active,Term Life,NY,urban,Bank,monthly,1,35.5,39901.92,150000,941.82,235.45,0,0,0.0,0.0,0,0,0
P10170,2024-09-01,2015-02-01,active,Term Life,NY,urban,Bank,monthly,1,35.6,39901.92,150000,941.82,235.45,0,1,0.0,0.0,0,0,0
P10170,2024-10-01,2015-02-01,active,Term Life,NY,urban,Bank,monthly,1,35.7,39901.92,150000,941.82,235.45,0,0,0.0,0.0,0,0,0
P10170,2024-11-01,2015-02-01,active,Term Life,NY,urban,Bank,monthly,1,35.8,39901.92,150000,941.82,235.45,0,0,0.0,0.0,0,0,0
P10170,2024-12-01,2015-02-01,active,Term Life,NY,urban,Bank,monthly,1,35.8,39901.92,150000,941.82,235.45,1,1,0.0,0.0,0,0,0
P10171,2023-01-01,2023-04-01,active,Universal Life,CA,suburban,Broker,quarterly,1,66.0,43487.79,100000,216.19,162.14,0,1,0.0,0.0,0,0,0
P10171,2023-02-01,2023-04-01,active,Universal Life,CA,suburban,Broker,quarterly,1,66.0,43487.79,100000,216.19,162.14,0,0,0.0,0.0,0,0,0
P10171,2023-03-01,2023-04-01,active,Universal Life,CA,suburban,Broker,quarterly,1,66.0,43487.79,100000,216.19,162.14,0,0,0.0,0.0,0,0,0
P10171,2023-04-01,2023-04-01,active,Universal Life,CA,suburban,Broker,quarterly,1,66.0,43487.79,100000,216.19,162.14,0,1,0.0,0.0,0,0,0
P10171,2023-05-01,2023-04-01,active,Universal Life,CA,suburban,Broker,quarterly,1,66.1,43487.79,100000,216.19,162.14,1,0,8.79,0.0,0,0,0
P10171,2023-06-01,2023-04-01,active,Universal Life,CA,suburban,Broker,quarterly,1,66.2,43487.79,100000,216.19,162.14,0,0,15.1,0.0,0,0,0
P10171,2023-07-01,2023-04-01,active,Universal Life,CA,suburban,Broker,quarterly,1,66.2,43487.79,100000,216.19,162.14,0,1,13.34,0.0,0,0,0
P10171,2023-08-01,2023-04-01,active,Universal Life,CA,suburban,Broker,quarterly,1,66.3,43487.79,100000,216.19,162.14,0,0,13.76,0.0,0,0,0
P10171,2023-09-01,2023-04-01,active,Universal Life,CA,suburban,Broker,quarterly,1,66.4,43487.79,100000,216.19,162.14,1,0,26.71,15.74,0,0,0
P10171,2023-10-01,2023-04-01,active,Universal Life,CA,suburban,Broker,quarterly,1,66.5,43487.79,100000,216.19,162.14,0,0,23.25,0.0,0,0,0
P10171,2023-11-01,2023-04-01,active,Universal Life,CA,suburban,Broker,quarterly,1,66.6,43487.79,100000,216.19,162.14,0,0,24.63,0.0,0,0,0
P10171,2023-12-01,2023-04-01,active,Universal Life,CA,suburban,Broker,quarterly,1,66.7,43487.79,100000,216.19,162.14,1,0,26.97,0.0,0,0,0
P10171,2024-01-01,2023-04-01,active,Universal Life,CA,suburban,Broker,quarterly,1,66.8,43487.79,100000,216.19,108.09,1,0,51.16,0.0,0,0,0
P10171,2024-02-01,2023-04-01,active,Universal Life,CA,suburban,Broker,quarterly,1,66.8,43487.79,100000,216.19,108.09,0,1,79.76,0.0,0,0,0
P10171,2024-03-01,2023-04-01,active,Universal Life,CA,suburban,Broker,quarterly,1,66.9,43487.79,100000,216.19,162.14,0,0,95.15,0.0,0,0,0
P10171,2024-04-01,2023-04-01,active,Universal Life,CA,suburban,Broker,quarterly,1,67.0,43487.79,100000,216.19,108.09,0,2,92.01,0.0,0,0,0
P10171,2024-05-01,2023-04-01,active,Universal Life,CA,suburban,Broker,quarterly,1,67.1,43487.79,100000,216.19,162.14,1,0,94.44,0.0,0,0,0
P10171,2024-06-01,2023-04-01,active,Universal Life,CA,suburban,Broker,quarterly,1,67.2,43487.79,100000,216.19,162.14,0,2,52.38,0.0,0,1,0
P10171,2024-07-01,2023-04-01,active,Universal Life,CA,suburban,Broker,quarterly,1,67.2,43487.79,100000,216.19,108.09,0,1,131.81,49.58,0,0,0
P10171,2024-08-01,2023-04-01,active,Universal Life,CA,suburban,Broker,quarterly,1,67.3,43487.79,100000,216.19,162.14,0,2,81.19,0.0,0,0,0
P10171,2024-09-01,2023-04-01,active,Universal Life,CA,suburban,Broker,quarterly,1,67.4,43487.79,100000,216.19,162.14,0,0,90.79,0.0,0,0,0
P10171,2024-10-01,2023-04-01,active,Universal Life,CA,suburban,Broker,quarterly,1,67.5,43487.79,100000,216.19,162.14,0,2,156.21,0.0,0,0,0
P10171,2024-11-01,2023-04-01,active,Universal Life,CA,suburban,Broker,quarterly,1,67.6,43487.79,100000,216.19,108.09,0,1,168.09,0.0,0,0,0
P10171,2024-12-01,2023-04-01,active,Universal Life,CA,suburban,Broker,quarterly,1,67.7,43487.79,100000,216.19,162.14,0,1,190.34,0.0,0,0,0
P10172,2023-01-01,2019-08-01,active,Whole Life,IL,suburban,Agent,monthly,0,78.4,70134.5,100000,340.25,85.06,0,0,158.4,0.0,0,0,0
P10172,2023-02-01,2019-08-01,active,Whole Life,IL,suburban,Agent,monthly,0,78.5,70134.5,100000,340.25,85.06,0,2,116.04,0.0,0,0,0
P10172,2023-03-01,2019-08-01,active,Whole Life,IL,suburban,Agent,monthly,0,78.6,70134.5,100000,340.25,56.71,1,2,211.13,0.0,1,0,0
P10172,2023-04-01,2019-08-01,active,Whole Life,IL,suburban,Agent,monthly,0,78.7,70134.5,100000,340.25,85.06,1,0,208.55,0.0,0,0,0
P10172,2023-05-01,2019-08-01,active,Whole Life,IL,suburban,Agent,monthly,0,78.8,70134.5,100000,340.25,85.06,1,1,85.82,0.0,0,0,0
P10172,2023-06-01,2019-08-01,active,Whole Life,IL,suburban,Agent,monthly,0,78.8,70134.5,100000,340.25,85.06,1,1,170.47,0.0,0,0,0
P10172,2023-07-01,2019-08-01,active,Whole Life,IL,suburban,Agent,monthly,0,78.9,70134.5,100000,340.25,85.06,1,1,227.57,23.82,0,0,0
P10172,2023-08-01,2019-08-01,active,Whole Life,IL,suburban,Agent,monthly,0,79.0,70134.5,100000,340.25,56.71,1,0,158.8,93.01,0,0,0
P10172,2023-09-01,2019-08-01,active,Whole Life,IL,suburban,Agent,monthly,0,79.1,70134.5,100000,340.25,56.71,2,2,210.02,0.0,0,0,0
P10172,2023-10-01,2019-08-01,active,Whole Life,IL,suburban,Agent,monthly,0,79.2,70134.5,100000,340.25,56.71,1,2,190.21,0.0,0,0,0
P10172,2023-11-01,2019-08-01,active,Whole Life,IL,suburban,Agent,monthly,0,79.2,70134.5,100000,340.25,85.06,1,2,245.33,0.0,0,0,0
P10172,2023-12-01,2019-08-01,active,Whole Life,IL,suburban,Agent,monthly,0,79.3,70134.5,100000,340.25,85.06,2,0,174.16,0.0,0,0,0
P10172,2024-01-01,2019-08-01,active,Whole Life,IL,suburban,Agent,monthly,0,79.4,70134.5,100000,340.25,85.06,2,1,163.88,0.0,0,0,0
P10172,2024-02-01,2019-08-01,active,Whole Life,IL,suburban,Agent,monthly,0,79.5,70134.5,100000,340.25,85.06,2,0,274.85,0.0,0,0,0
P10172,2024-03-01,2019-08-01,active,Whole Life,IL,suburban,Agent,monthly,0,79.6,70134.5,100000,340.25,85.06,3,1,191.42,0.0,0,0,0
P10172,2024-04-01,2019-08-01,active,Whole Life,IL,suburban,Agent,monthly,0,79.7,70134.5,100000,340.25,56.71,3,1,173.16,0.0,0,0,0
P10172,2024-05-01,2019-08-01,active,Whole Life,IL,suburban,Agent,monthly,0,79.8,70134.5,100000,340.25,56.71,3,0,186.47,0.0,0,0,0
P10172,2024-06-01,2019-08-01,active,Whole Life,IL,suburban,Agent,monthly,0,79.8,70134.5,100000,340.25,56.71,4,1,145.83,0.0,0,0,0
P10172,2024-07-01,2019-08-01,active,Whole Life,IL,suburban,Agent,monthly,0,79.9,70134.5,100000,340.25,56.71,4,0,229.68,0.0,0,0,0
P10172,2024-08-01,2019-08-01,active,Whole Life,IL,suburban,Agent,monthly,0,80.0,70134.5,100000,340.25,56.71,4,2,240.99,0.0,0,0,0
P10172,2024-09-01,2019-08-01,active,Whole Life,IL,suburban,Agent,monthly,0,80.1,70134.5,100000,340.25,56.71,4,1,137.11,0.0,0,0,0
P10172,2024-10-01,2019-08-01,active,Whole Life,IL,suburban,Agent,monthly,0,80.2,70134.5,100000,340.25,85.06,5,1,129.26,0.0,0,0,0
P10172,2024-11-01,2019-08-01,active,Whole Life,IL,suburban,Agent,monthly,0,80.2,70134.5,100000,340.25,85.06,6,0,201.13,0.0,0,0,0
P10172,2024-12-01,2019-08-01,active,Whole Life,IL,suburban,Agent,monthly,0,80.3,70134.5,100000,340.25,85.06,6,1,256.73,0.0,0,0,0
P10173,2023-01-01,2017-02-01,active,Indexed Universal Life,IL,urban,Broker,monthly,1,35.9,48640.85,500000,2507.58,626.9,0,2,1986.12,0.0,0,0,0
P10173,2023-02-01,2017-02-01,active,Indexed Universal Life,IL,urban,Broker,monthly,1,36.0,48640.85,500000,2507.58,417.93,1,3,1722.63,0.0,1,0,0
P10173,2023-03-01,2017-02-01,active,Indexed Universal Life,IL,urban,Broker,monthly,1,36.1,48640.85,500000,2507.58,417.93,1,2,1321.74,642.45,0,0,0
P10173,2023-04-01,2017-02-01,active,Indexed Universal Life,IL,urban,Broker,monthly,1,36.2,48640.85,500000,2507.58,626.9,1,2,1821.12,800.96,0,0,0
P10173,2023-05-01,2017-02-01,active,Indexed Universal Life,IL,urban,Broker,monthly,1,36.2,48640.85,500000,2507.58,626.9,1,2,2370.39,0.0,0,0,0
P10173,2023-06-01,2017-02-01,active,Indexed Universal Life,IL,urban,Broker,monthly,1,36.3,48640.85,500000,2507.58,626.9,1,2,2141.37,0.0,0,0,0
P10173,2023-07-01,2017-02-01,active,Indexed Universal Life,IL,urban,Broker,monthly,1,36.4,48640.85,500000,2507.58,626.9,1,2,2624.01,0.0,0,0,0
P10173,2023-08-01,2017-02-01,active,Indexed Universal Life,IL,urban,Broker,monthly,1,36.5,48640.85,500000,2507.58,626.9,0,4,2663.41,0.0,1,0,0
P10173,2023-09-01,2017-02-01,active,Indexed Universal Life,IL,urban,Broker,monthly,1,36.6,48640.85,500000,2507.58,626.9,0,2,2960.78,0.0,1,0,0
P10173,2023-10-01,2017-02-01,active,Indexed Universal Life,IL,urban,Broker,monthly,1,36.7,48640.85,500000,2507.58,626.9,0,2,1491.71,0.0,0,0,0
P10173,2023-11-01,2017-02-01,active,Indexed Universal Life,IL,urban,Broker,monthly,1,36.8,48640.85,500000,2507.58,626.9,0,3,1081.62,0.0,0,0,0
P10173,2023-12-01,2017-02-01,active,Indexed Universal Life,IL,urban,Broker,monthly,1,36.8,48640.85,500000,2507.58,626.9,0,4,3075.75,0.0,0,0,0
P10173,2024-01-01,2017-02-01,active,Indexed Universal Life,IL,urban,Broker,monthly,1,36.9,48640.85,500000,2507.58,626.9,1,3,1812.52,0.0,0,0,0
P10173,2024-02-01,2017-02-01,active,Indexed Universal Life,IL,urban,Broker,monthly,1,37.0,48640.85,500000,2507.58,626.9,1,3,1531.69,0.0,0,0,0
P10173,2024-03-01,2017-02-01,active,Indexed Universal Life,IL,urban,Broker,monthly,1,37.1,48640.85,500000,2507.58,626.9,0,4,2793.71,0.0,0,0,0
P10173,2024-04-01,2017-02-01,active,Indexed Universal Life,IL,urban,Broker,monthly,1,37.2,48640.85,500000,2507.58,626.9,0,3,3022.81,0.0,0,0,0
P10173,2024-05-01,2017-02-01,active,Indexed Universal Life,IL,urban,Broker,monthly,1,37.2,48640.85,500000,2507.58,626.9,0,2,3155.6,0.0,1,0,0
P10173,2024-06-01,2017-02-01,active,Indexed Universal Life,IL,urban,Broker,monthly,1,37.3,48640.85,500000,2507.58,626.9,0,2,3128.38,0.0,0,0,0
P10173,2024-07-01,2017-02-01,active,Indexed Universal Life,IL,urban,Broker,monthly,1,37.4,48640.85,500000,2507.58,626.9,0,3,2804.46,969.58,0,0,0
P10173,2024-08-01,2017-02-01,active,Indexed Universal Life,IL,urban,Broker,monthly,1,37.5,48640.85,500000,2507.58,626.9,0,2,2566.59,0.0,0,0,0
P10173,2024-09-01,2017-02-01,active,Indexed Universal Life,IL,urban,Broker,monthly,1,37.6,48640.85,500000,2507.58,626.9,0,3,1242.14,0.0,0,0,0
P10173,2024-10-01,2017-02-01,active,Indexed Universal Life,IL,urban,Broker,monthly,1,37.7,48640.85,500000,2507.58,626.9,0,2,3398.96,772.7,0,0,0
P10173,2024-11-01,2017-02-01,active,Indexed Universal Life,IL,urban,Broker,monthly,1,37.8,48640.85,500000,2507.58,626.9,0,2,2496.37,421.57,0,0,0
P10173,2024-12-01,2017-02-01,active,Indexed Universal Life,IL,urban,Broker,monthly,1,37.8,48640.85,500000,2507.58,626.9,0,3,1370.08,0.0,0,0,0
P10174,2023-01-01,2014-11-01,active,Universal Life,AZ,suburban,Broker,monthly,0,39.2,76594.67,100000,565.24,141.31,0,1,301.78,174.45,0,0,0
P10174,2023-02-01,2014-11-01,active,Universal Life,AZ,suburban,Broker,monthly,0,39.2,76594.67,100000,565.24,141.31,0,2,703.87,279.94,0,0,0
P10174,2023-03-01,2014-11-01,active,Universal Life,AZ,suburban,Broker,monthly,0,39.3,76594.67,100000,565.24,141.31,0,1,787.33,0.0,0,0,0
P10174,2023-04-01,2014-11-01,active,Universal Life,AZ,suburban,Broker,monthly,0,39.4,76594.67,100000,565.24,94.21,0,1,671.69,0.0,0,0,0
P10174,2023-05-01,2014-11-01,active,Universal Life,AZ,suburban,Broker,monthly,0,39.5,76594.67,100000,565.24,141.31,1,1,708.03,0.0,0,0,0
P10174,2023-06-01,2014-11-01,active,Universal Life,AZ,suburban,Broker,monthly,0,39.6,76594.67,100000,565.24,94.21,0,3,301.97,0.0,0,0,0
P10174,2023-07-01,2014-11-01,active,Universal Life,AZ,suburban,Broker,monthly,0,39.7,76594.67,100000,565.24,94.21,0,2,434.61,0.0,0,0,0
P10174,2023-08-01,2014-11-01,active,Universal Life,AZ,suburban,Broker,monthly,0,39.8,76594.67,100000,565.24,94.21,0,1,659.37,0.0,0,0,0
P10174,2023-09-01,2014-11-01,active,Universal Life,AZ,suburban,Broker,monthly,0,39.8,76594.67,100000,565.24,141.31,0,2,637.78,0.0,1,0,0
P10174,2023-10-01,2014-11-01,active,Universal Life,AZ,suburban,Broker,monthly,0,39.9,76594.67,100000,565.24,141.31,0,1,486.44,0.0,0,0,0
P10174,2023-11-01,2014-11-01,active,Universal Life,AZ,suburban,Broker,monthly,0,40.0,76594.67,100000,565.24,94.21,0,2,322.4,0.0,0,0,0
P10174,2023-12-01,2014-11-01,active,Universal Life,AZ,suburban,Broker,monthly,0,40.1,76594.67,100000,565.24,141.31,0,1,643.05,0.0,0,0,0
P10174,2024-01-01,2014-11-01,active,Universal Life,AZ,suburban,Broker,monthly,0,40.2,76594.67,100000,565.24,141.31,0,1,778.02,0.0,0,0,0
P10174,2024-02-01,2014-11-01,active,Universal Life,AZ,suburban,Broker,monthly,0,40.2,76594.67,100000,565.24,141.31,0,3,929.56,0.0,0,0,0
P10174,2024-03-01,2014-11-01,active,Universal Life,AZ,suburban,Broker,monthly,0,40.3,76594.67,100000,565.24,94.21,0,2,703.09,0.0,0,0,0
P10174,2024-04-01,2014-11-01,active,Universal Life,AZ,suburban,Broker,monthly,0,40.4,76594.67,100000,565.24,141.31,0,2,603.81,0.0,0,0,0
P10174,2024-05-01,2014-11-01,active,Universal Life,AZ,suburban,Broker,monthly,0,40.5,76594.67,100000,565.24,94.21,0,2,372.19,0.0,0,0,0
P10174,2024-06-01,2014-11-01,active,Universal Life,AZ,suburban,Broker,monthly,0,40.6,76594.67,100000,565.24,141.31,0,1,827.65,0.0,0,0,0
P10174,2024-07-01,2014-11-01,active,Universal Life,AZ,suburban,Broker,monthly,0,40.7,76594.67,100000,565.24,94.21,0,1,861.06,0.0,0,0,0
P10174,2024-08-01,2014-11-01,active,Universal Life,AZ,suburban,Broker,monthly,0,40.8,76594.67,100000,565.24,94.21,0,4,865.13,0.0,0,0,0
P10174,2024-09-01,2014-11-01,active,Universal Life,AZ,suburban,Broker,monthly,0,40.8,76594.67,100000,565.24,141.31,0,4,633.7,0.0,0,0,0
P10174,2024-10-01,2014-11-01,active,Universal Life,AZ,suburban,Broker,monthly,0,40.9,76594.67,100000,565.24,141.31,0,1,522.38,0.0,0,0,0
P10174,2024-11-01,2014-11-01,active,Universal Life,AZ,suburban,Broker,monthly,0,41.0,76594.67,100000,565.24,141.31,0,2,824.33,0.0,0,0,0
P10174,2024-12-01,2014-11-01,active,Universal Life,AZ,suburban,Broker,monthly,0,41.1,76594.67,100000,565.24,141.31,1,3,360.06,0.0,0,0,0
P10175,2023-01-01,2017-01-01,active,Universal Life,FL,suburban,Agent,monthly,0,75.0,64882.34,500000,2147.33,357.89,0,2,1360.95,0.0,0,0,0
P10175,2023-02-01,2017-01-01,active,Universal Life,FL,suburban,Agent,monthly,0,75.1,64882.34,500000,2147.33,536.83,1,1,2186.97,0.0,0,0,0
P10175,2023-03-01,2017-01-01,active,Universal Life,FL,suburban,Agent,monthly,0,75.2,64882.34,500000,2147.33,536.83,2,1,1305.23,0.0,0,0,0
P10175,2023-04-01,2017-01-01,active,Universal Life,FL,suburban,Agent,monthly,0,75.2,64882.34,500000,2147.33,536.83,1,4,1240.68,0.0,0,0,0
P10175,2023-05-01,2017-01-01,active,Universal Life,FL,suburban,Agent,monthly,0,75.3,64882.34,500000,2147.33,536.83,1,4,1110.61,0.0,0,0,0
P10175,2023-06-01,2017-01-01,active,Universal Life,FL,suburban,Agent,monthly,0,75.4,64882.34,500000,2147.33,536.83,1,2,2279.69,0.0,0,0,0
P10175,2023-07-01,2017-01-01,active,Universal Life,FL,suburban,Agent,monthly,0,75.5,64882.34,500000,2147.33,536.83,0,2,1235.72,0.0,1,0,0
P10175,2023-08-01,2017-01-01,active,Universal Life,FL,suburban,Agent,monthly,0,75.6,64882.34,500000,2147.33,536.83,0,1,1242.8,0.0,0,0,0
P10175,2023-09-01,2017-01-01,active,Universal Life,FL,suburban,Agent,monthly,0,75.7,64882.34,500000,2147.33,536.83,0,2,2020.68,891.82,0,0,0
P10175,2023-10-01,2017-01-01,active,Universal Life,FL,suburban,Agent,monthly,0,75.8,64882.34,500000,2147.33,536.83,0,1,2042.6,0.0,0,0,0
P10175,2023-11-01,2017-01-01,active,Universal Life,FL,suburban,Agent,monthly,0,75.8,64882.34,500000,2147.33,357.89,0,1,1219.82,0.0,0,0,0
P10175,2023-12-01,2017-01-01,active,Universal Life,FL,suburban,Agent,monthly,0,75.9,64882.34,500000,2147.33,536.83,1,2,922.53,0.0,0,0,0
P10175,2024-01-01,2017-01-01,active,Universal Life,FL,suburban,Agent,monthly,0,76.0,64882.34,500000,2147.33,536.83,0,1,2652.48,0.0,0,0,0
P10175,2024-02-01,2017-01-01,active,Universal Life,FL,suburban,Agent,monthly,0,76.1,64882.34,500000,2147.33,536.83,1,2,1100.0,0.0,0,0,0
P10175,2024-03-01,2017-01-01,active,Universal Life,FL,suburban,Agent,monthly,0,76.2,64882.34,500000,2147.33,536.83,1,1,2762.9,0.0,0,0,0
P10175,2024-04-01,2017-01-01,active,Universal Life,FL,suburban,Agent,monthly,0,76.2,64882.34,500000,2147.33,536.83,2,2,1334.88,338.45,0,0,0
P10175,2024-05-01,2017-01-01,active,Universal Life,FL,suburban,Agent,monthly,0,76.3,64882.34,500000,2147.33,536.83,1,2,2059.45,0.0,0,1,0
P10175,2024-06-01,2017-01-01,active,Universal Life,FL,suburban,Agent,monthly,0,76.4,64882.34,500000,2147.33,357.89,1,3,2454.33,0.0,1,0,0
P10175,2024-07-01,2017-01-01,active,Universal Life,FL,suburban,Agent,monthly,0,76.5,64882.34,500000,2147.33,536.83,0,3,1183.38,0.0,0,0,0
P10175,2024-08-01,2017-01-01,active,Universal Life,FL,suburban,Agent,monthly,0,76.6,64882.34,500000,2147.33,536.83,0,2,2846.26,735.5,0,0,0
P10175,2024-09-01,2017-01-01,active,Universal Life,FL,suburban,Agent,monthly,0,76.7,64882.34,500000,2147.33,536.83,0,1,1541.66,0.0,0,0,0
P10175,2024-10-01,2017-01-01,active,Universal Life,FL,suburban,Agent,monthly,0,76.8,64882.34,500000,2147.33,536.83,0,4,2090.26,0.0,0,0,0
P10175,2024-11-01,2017-01-01,active,Universal Life,FL,suburban,Agent,monthly,0,76.8,64882.34,500000,2147.33,357.89,0,1,1337.96,0.0,0,0,0
P10175,2024-12-01,2017-01-01,active,Universal Life,FL,suburban,Agent,monthly,0,76.9,64882.34,500000,2147.33,536.83,0,2,2233.98,0.0,0,0,0
P10176,2023-01-01,2016-11-01,active,Whole Life,PA,urban,Agent,annual,1,63.2,34952.64,100000,75.4,150.81,0,2,771.6,0.0,0,0,0
P10176,2023-02-01,2016-11-01,active,Whole Life,PA,urban,Agent,annual,1,63.2,34952.64,100000,75.4,226.21,0,1,758.76,0.0,0,0,0
P10176,2023-03-01,2016-11-01,active,Whole Life,PA,urban,Agent,annual,1,63.3,34952.64,100000,75.4,226.21,0,1,502.85,0.0,0,0,0
P10176,2023-04-01,2016-11-01,active,Whole Life,PA,urban,Agent,annual,1,63.4,34952.64,100000,75.4,226.21,0,1,733.44,0.0,0,0,0
P10176,2023-05-01,2016-11-01,active,Whole Life,PA,urban,Agent,annual,1,63.5,34952.64,100000,75.4,150.81,0,2,740.48,0.0,0,0,0
P10176,2023-06-01,2016-11-01,active,Whole Life,PA,urban,Agent,annual,1,63.6,34952.64,100000,75.4,226.21,0,2,889.75,0.0,0,0,0
P10176,2023-07-01,2016-11-01,active,Whole Life,PA,urban,Agent,annual,1,63.7,34952.64,100000,75.4,226.21,0,2,871.29,0.0,0,0,0
P10176,2023-08-01,2016-11-01,active,Whole Life,PA,urban,Agent,annual,1,63.8,34952.64,100000,75.4,226.21,0,1,570.53,101.62,0,0,0
P10176,2023-09-01,2016-11-01,active,Whole Life,PA,urban,Agent,annual,1,63.8,34952.64,100000,75.4,226.21,1,2,373.73,0.0,0,0,0
P10176,2023-10-01,2016-11-01,active,Whole Life,PA,urban,Agent,annual,1,63.9,34952.64,100000,75.4,226.21,1,1,413.53,0.0,0,0,0
P10176,2023-11-01,2016-11-01,active,Whole Life,PA,urban,Agent,annual,1,64.0,34952.64,100000,75.4,226.21,1,1,1097.68,533.49,0,1,0
P10176,2023-12-01,2016-11-01,active,Whole Life,PA,urban,Agent,annual,1,64.1,34952.64,100000,75.4,226.21,0,3,681.37,0.0,0,0,0
P10176,2024-01-01,2016-11-01,active,Whole Life,PA,urban,Agent,annual,1,64.2,34952.64,100000,75.4,226.21,0,1,656.54,0.0,0,0,0
P10176,2024-02-01,2016-11-01,active,Whole Life,PA,urban,Agent,annual,1,64.2,34952.64,100000,75.4,226.21,0,4,1127.0,0.0,0,0,0
P10176,2024-03-01,2016-11-01,active,Whole Life,PA,urban,Agent,annual,1,64.3,34952.64,100000,75.4,150.81,0,2,806.37,0.0,0,0,0
P10176,2024-04-01,2016-11-01,active,Whole Life,PA,urban,Agent,annual,1,64.4,34952.64,100000,75.4,226.21,0,3,434.47,0.0,0,0,0
P10176,2024-05-01,2016-11-01,active,Whole Life,PA,urban,Agent,annual,1,64.5,34952.64,100000,75.4,226.21,0,2,494.68,0.0,1,0,0
P10176,2024-06-01,2016-11-01,active,Whole Life,PA,urban,Agent,annual,1,64.6,34952.64,100000,75.4,226.21,0,3,505.64,181.73,0,0,0
P10176,2024-07-01,2016-11-01,active,Whole Life,PA,urban,Agent,annual,1,64.7,34952.64,100000,75.4,226.21,0,1,1184.38,231.77,0,0,0
P10176,2024-08-01,2016-11-01,active,Whole Life,PA,urban,Agent,annual,1,64.8,34952.64,100000,75.4,150.81,0,3,657.18,0.0,1,0,0
P10176,2024-09-01,2016-11-01,active,Whole Life,PA,urban,Agent,annual,1,64.8,34952.64,100000,75.4,226.21,0,2,1272.24,0.0,1,0,0
P10176,2024-10-01,2016-11-01,active,Whole Life,PA,urban,Agent,annual,1,64.9,34952.64,100000,75.4,226.21,0,1,789.95,0.0,0,0,0
P10176,2024-11-01,2016-11-01,active,Whole Life,PA,urban,Agent,annual,1,65.0,34952.64,100000,75.4,226.21,0,1,696.9,0.0,0,0,0
P10176,2024-12-01,2016-11-01,active,Whole Life,PA,urban,Agent,annual,1,65.1,34952.64,100000,75.4,226.21,0,1,448.99,0.0,0,0,0
P10177,2023-01-01,2018-03-01,active,Universal Life,TX,urban,Direct,annual,1,58.8,68299.62,100000,58.34,175.01,0,3,240.2,0.0,0,0,0
P10177,2023-02-01,2018-03-01,active,Universal Life,TX,urban,Direct,annual,1,58.9,68299.62,100000,58.34,175.01,0,3,451.87,0.0,0,0,0
P10177,2023-03-01,2018-03-01,active,Universal Life,TX,urban,Direct,annual,1,59.0,68299.62,100000,58.34,175.01,0,3,423.57,0.0,0,0,0
P10177,2023-04-01,2018-03-01,active,Universal Life,TX,urban,Direct,annual,1,59.1,68299.62,100000,58.34,175.01,0,3,556.92,0.0,0,0,0
P10177,2023-05-01,2018-03-01,active,Universal Life,TX,urban,Direct,annual,1,59.2,68299.62,100000,58.34,175.01,0,5,330.96,0.0,0,0,0
P10177,2023-06-01,2018-03-01,active,Universal Life,TX,urban,Direct,annual,1,59.2,68299.62,100000,58.34,175.01,0,3,588.03,0.0,0,0,0
P10177,2023-07-01,2018-03-01,active,Universal Life,TX,urban,Direct,annual,1,59.3,68299.62,100000,58.34,175.01,0,4,473.33,0.0,0,0,0
P10177,2023-08-01,2018-03-01,active,Universal Life,TX,urban,Direct,annual,1,59.4,68299.62,100000,58.34,175.01,0,4,668.21,0.0,0,0,0
P10177,2023-09-01,2018-03-01,active,Universal Life,TX,urban,Direct,annual,1,59.5,68299.62,100000,58.34,175.01,0,4,636.79,0.0,0,0,0
P10177,2023-10-01,2018-03-01,active,Universal Life,TX,urban,Direct,annual,1,59.6,68299.62,100000,58.34,175.01,0,4,465.99,0.0,0,0,0
P10177,2023-11-01,2018-03-01,active,Universal Life,TX,urban,Direct,annual,1,59.7,68299.62,100000,58.34,175.01,0,5,486.54,0.0,0,0,0
P10177,2023-12-01,2018-03-01,active,Universal Life,TX,urban,Direct,annual,1,59.8,68299.62,100000,58.34,175.01,0,3,585.35,0.0,0,0,0
P10177,2024-01-01,2018-03-01,active,Universal Life,TX,urban,Direct,annual,1,59.8,68299.62,100000,58.34,175.01,0,4,391.06,0.0,0,0,0
P10177,2024-02-01,2018-03-01,active,Universal Life,TX,urban,Direct,annual,1,59.9,68299.62,100000,58.34,175.01,0,3,421.97,0.0,0,0,0
P10177,2024-03-01,2018-03-01,active,Universal Life,TX,urban,Direct,annual,1,60.0,68299.62,100000,58.34,175.01,0,5,577.45,0.0,0,0,0
P10177,2024-04-01,2018-03-01,active,Universal Life,TX,urban,Direct,annual,1,60.1,68299.62,100000,58.34,116.67,0,3,592.12,0.0,0,0,0
P10177,2024-05-01,2018-03-01,active,Universal Life,TX,urban,Direct,annual,1,60.2,68299.62,100000,58.34,175.01,0,3,476.8,216.25,0,0,0
P10177,2024-06-01,2018-03-01,active,Universal Life,TX,urban,Direct,annual,1,60.2,68299.62,100000,58.34,175.01,0,3,401.99,0.0,0,1,0
P10177,2024-07-01,2018-03-01,active,Universal Life,TX,urban,Direct,annual,1,60.3,68299.62,100000,58.34,175.01,0,5,445.91,0.0,0,0,0
P10177,2024-08-01,2018-03-01,active,Universal Life,TX,urban,Direct,annual,1,60.4,68299.62,100000,58.34,175.01,0,5,334.27,0.0,1,0,0
P10177,2024-09-01,2018-03-01,active,Universal Life,TX,urban,Direct,annual,1,60.5,68299.62,100000,58.34,175.01,0,3,398.92,0.0,0,0,0
P10177,2024-10-01,2018-03-01,active,Universal Life,TX,urban,Direct,annual,1,60.6,68299.62,100000,58.34,175.01,0,4,361.25,0.0,0,0,0
P10177,2024-11-01,2018-03-01,active,Universal Life,TX,urban,Direct,annual,1,60.7,68299.62,100000,58.34,175.01,0,3,303.95,0.0,0,0,0
P10177,2024-12-01,2018-03-01,active,Universal Life,TX,urban,Direct,annual,1,60.8,68299.62,100000,58.34,175.01,0,5,792.27,0.0,0,0,0
P10178,2023-01-01,2017-02-01,active,Whole Life,OH,urban,Broker,quarterly,0,74.9,66846.72,250000,664.94,332.47,0,3,2038.68,566.04,0,0,0
P10178,2023-02-01,2017-02-01,active,Whole Life,OH,urban,Broker,quarterly,0,75.0,66846.72,250000,664.94,498.71,0,1,1519.76,0.0,0,0,0
P10178,2023-03-01,2017-02-01,active,Whole Life,OH,urban,Broker,quarterly,0,75.1,66846.72,250000,664.94,498.71,0,2,1173.43,0.0,0,0,0
P10178,2023-04-01,2017-02-01,active,Whole Life,OH,urban,Broker,quarterly,0,75.2,66846.72,250000,664.94,498.71,0,1,1562.56,0.0,0,0,0
P10178,2023-05-01,2017-02-01,active,Whole Life,OH,urban,Broker,quarterly,0,75.2,66846.72,250000,664.94,498.71,0,1,865.37,118.7,0,0,0
P10178,2023-06-01,2017-02-01,active,Whole Life,OH,urban,Broker,quarterly,0,75.3,66846.72,250000,664.94,498.71,0,2,1938.21,0.0,0,0,0
P10178,2023-07-01,2017-02-01,active,Whole Life,OH,urban,Broker,quarterly,0,75.4,66846.72,250000,664.94,498.71,0,1,1065.64,0.0,0,0,0
P10178,2023-08-01,2017-02-01,active,Whole Life,OH,urban,Broker,quarterly,0,75.5,66846.72,250000,664.94,332.47,0,1,1317.81,0.0,0,0,0
P10178,2023-09-01,2017-02-01,active,Whole Life,OH,urban,Broker,quarterly,0,75.6,66846.72,250000,664.94,498.71,1,2,1981.91,0.0,0,0,0
P10178,2023-10-01,2017-02-01,active,Whole Life,OH,urban,Broker,quarterly,0,75.7,66846.72,250000,664.94,332.47,2,1,1979.18,0.0,0,0,0
P10178,2023-11-01,2017-02-01,active,Whole Life,OH,urban,Broker,quarterly,0,75.8,66846.72,250000,664.94,498.71,2,3,1334.47,0.0,0,0,0
P10178,2023-12-01,2017-02-01,active,Whole Life,OH,urban,Broker,quarterly,0,75.8,66846.72,250000,664.94,498.71,2,3,1017.21,0.0,0,0,0
P10178,2024-01-01,2017-02-01,active,Whole Life,OH,urban,Broker,quarterly,0,75.9,66846.72,250000,664.94,332.47,2,2,1047.37,0.0,0,0,0
P10178,2024-02-01,2017-02-01,active,Whole Life,OH,urban,Broker,quarterly,0,76.0,66846.72,250000,664.94,498.71,3,2,1884.02,0.0,0,0,0
P10178,2024-03-01,2017-02-01,active,Whole Life,OH,urban,Broker,quarterly,0,76.1,66846.72,250000,664.94,332.47,2,1,1039.34,462.27,0,1,0
P10178,2024-04-01,2017-02-01,active,Whole Life,OH,urban,Broker,quarterly,0,76.2,66846.72,250000,664.94,332.47,2,2,1396.03,0.0,0,0,0
P10178,2024-05-01,2017-02-01,active,Whole Life,OH,urban,Broker,quarterly,0,76.2,66846.72,250000,664.94,498.71,2,1,1318.93,0.0,0,0,0
P10178,2024-06-01,2017-02-01,active,Whole Life,OH,urban,Broker,quarterly,0,76.3,66846.72,250000,664.94,498.71,2,2,1939.06,0.0,0,0,0
P10178,2024-07-01,2017-02-01,active,Whole Life,OH,urban,Broker,quarterly,0,76.4,66846.72,250000,664.94,498.71,2,1,1552.13,0.0,0,0,0
P10178,2024-08-01,2017-02-01,active,Whole Life,OH,urban,Broker,quarterly,0,76.5,66846.72,250000,664.94,498.71,2,3,2158.55,0.0,0,1,0
P10178,2024-09-01,2017-02-01,active,Whole Life,OH,urban,Broker,quarterly,0,76.6,66846.72,250000,664.94,332.47,2,1,1301.54,0.0,0,0,0
P10178,2024-10-01,2017-02-01,active,Whole Life,OH,urban,Broker,quarterly,0,76.7,66846.72,250000,664.94,498.71,2,1,2715.94,0.0,0,0,0
P10178,2024-11-01,2017-02-01,active,Whole Life,OH,urban,Broker,quarterly,0,76.8,66846.72,250000,664.94,332.47,2,3,2319.05,0.0,0,0,0
P10178,2024-12-01,2017-02-01,active,Whole Life,OH,urban,Broker,quarterly,0,76.8,66846.72,250000,664.94,498.71,2,1,1386.45,0.0,0,0,0
P10179,2023-01-01,2020-12-01,active,Term Life,OH,urban,Broker,monthly,1,53.1,52728.22,100000,368.46,92.12,0,2,0.0,0.0,0,0,0
P10179,2023-02-01,2020-12-01,active,Term Life,OH,urban,Broker,monthly,1,53.2,52728.22,100000,368.46,92.12,0,2,0.0,0.0,0,0,0
P10179,2023-03-01,2020-12-01,active,Term Life,OH,urban,Broker,monthly,1,53.2,52728.22,100000,368.46,61.41,1,1,0.0,0.0,0,0,0
P10179,2023-04-01,2020-12-01,active,Term Life,OH,urban,Broker,monthly,1,53.3,52728.22,100000,368.46,92.12,1,1,0.0,0.0,0,0,0
P10179,2023-05-01,2020-12-01,active,Term Life,OH,urban,Broker,monthly,1,53.4,52728.22,100000,368.46,92.12,1,1,0.0,0.0,0,0,0
P10179,2023-06-01,2020-12-01,active,Term Life,OH,urban,Broker,monthly,1,53.5,52728.22,100000,368.46,61.41,1,1,0.0,0.0,0,0,0
P10179,2023-07-01,2020-12-01,active,Term Life,OH,urban,Broker,monthly,1,53.6,52728.22,100000,368.46,92.12,1,2,0.0,0.0,0,1,0
P10179,2023-08-01,2020-12-01,active,Term Life,OH,urban,Broker,monthly,1,53.7,52728.22,100000,368.46,92.12,1,2,0.0,0.0,0,0,0
P10179,2023-09-01,2020-12-01,active,Term Life,OH,urban,Broker,monthly,1,53.8,52728.22,100000,368.46,92.12,1,2,0.0,0.0,0,0,0
P10179,2023-10-01,2020-12-01,active,Term Life,OH,urban,Broker,monthly,1,53.8,52728.22,100000,368.46,92.12,1,1,0.0,0.0,0,0,0
P10179,2023-11-01,2020-12-01,active,Term Life,OH,urban,Broker,monthly,1,53.9,52728.22,100000,368.46,92.12,0,3,0.0,0.0,0,0,0
P10179,2023-12-01,2020-12-01,active,Term Life,OH,urban,Broker,monthly,1,54.0,52728.22,100000,368.46,92.12,0,2,0.0,0.0,0,0,0
P10179,2024-01-01,2020-12-01,active,Term Life,OH,urban,Broker,monthly,1,54.1,52728.22,100000,368.46,92.12,0,3,0.0,0.0,0,0,0
P10179,2024-02-01,2020-12-01,active,Term Life,OH,urban,Broker,monthly,1,54.2,52728.22,100000,368.46,92.12,0,1,0.0,0.0,0,1,0
P10179,2024-03-01,2020-12-01,active,Term Life,OH,urban,Broker,monthly,1,54.2,52728.22,100000,368.46,92.12,0,2,0.0,0.0,0,0,0
P10179,2024-04-01,2020-12-01,active,Term Life,OH,urban,Broker,monthly,1,54.3,52728.22,100000,368.46,92.12,0,2,0.0,0.0,0,0,0
P10179,2024-05-01,2020-12-01,active,Term Life,OH,urban,Broker,monthly,1,54.4,52728.22,100000,368.46,92.12,0,1,0.0,0.0,0,0,0
P10179,2024-06-01,2020-12-01,active,Term Life,OH,urban,Broker,monthly,1,54.5,52728.22,100000,368.46,92.12,0,1,0.0,0.0,0,0,0
P10179,2024-07-01,2020-12-01,active,Term Life,OH,urban,Broker,monthly,1,54.6,52728.22,100000,368.46,92.12,0,1,0.0,0.0,0,0,0
P10179,2024-08-01,2020-12-01,active,Term Life,OH,urban,Broker,monthly,1,54.7,52728.22,100000,368.46,61.41,0,1,0.0,0.0,0,1,0
P10179,2024-09-01,2020-12-01,active,Term Life,OH,urban,Broker,monthly,1,54.8,52728.22,100000,368.46,92.12,0,3,0.0,0.0,0,0,0
P10179,2024-10-01,2020-12-01,active,Term Life,OH,urban,Broker,monthly,1,54.8,52728.22,100000,368.46,61.41,0,1,0.0,0.0,0,0,0
P10179,2024-11-01,2020-12-01,active,Term Life,OH,urban,Broker,monthly,1,54.9,52728.22,100000,368.46,61.41,0,1,0.0,0.0,0,0,0
P10179,2024-12-01,2020-12-01,active,Term Life,OH,urban,Broker,monthly,1,55.0,52728.22,100000,368.46,61.41,0,2,0.0,0.0,0,0,0
P10180,2023-01-01,2023-09-01,active,Term Life,AZ,suburban,Agent,monthly,0,40.0,48354.93,750000,4638.05,1159.51,0,3,0.0,0.0,0,0,0
P10180,2023-02-01,2023-09-01,active,Term Life,AZ,suburban,Agent,monthly,0,40.0,48354.93,750000,4638.05,773.01,0,2,0.0,0.0,0,0,0
P10180,2023-03-01,2023-09-01,active,Term Life,AZ,suburban,Agent,monthly,0,40.0,48354.93,750000,4638.05,1159.51,0,3,0.0,0.0,0,0,0
P10180,2023-04-01,2023-09-01,active,Term Life,AZ,suburban,Agent,monthly,0,40.0,48354.93,750000,4638.05,773.01,0,3,0.0,0.0,0,1,0
P10180,2023-05-01,2023-09-01,active,Term Life,AZ,suburban,Agent,monthly,0,40.0,48354.93,750000,4638.05,773.01,0,3,0.0,0.0,0,0,0
P10180,2023-06-01,2023-09-01,active,Term Life,AZ,suburban,Agent,monthly,0,40.0,48354.93,750000,4638.05,1159.51,0,2,0.0,0.0,0,0,0
P10180,2023-07-01,2023-09-01,active,Term Life,AZ,suburban,Agent,monthly,0,40.0,48354.93,750000,4638.05,1159.51,1,2,0.0,0.0,0,0,0
P10180,2023-08-01,2023-09-01,active,Term Life,AZ,suburban,Agent,monthly,0,40.0,48354.93,750000,4638.05,1159.51,0,3,0.0,0.0,0,0,0
P10180,2023-09-01,2023-09-01,active,Term Life,AZ,suburban,Agent,monthly,0,40.0,48354.93,750000,4638.05,1159.51,0,2,0.0,0.0,0,0,0
P10180,2023-10-01,2023-09-01,active,Term Life,AZ,suburban,Agent,monthly,0,40.1,48354.93,750000,4638.05,1159.51,0,3,0.0,0.0,0,0,0
P10180,2023-11-01,2023-09-01,active,Term Life,AZ,suburban,Agent,monthly,0,40.2,48354.93,750000,4638.05,1159.51,0,5,0.0,0.0,0,0,0
P10180,2023-12-01,2023-09-01,active,Term Life,AZ,suburban,Agent,monthly,0,40.2,48354.93,750000,4638.05,1159.51,0,4,0.0,0.0,0,0,0
P10180,2024-01-01,2023-09-01,active,Term Life,AZ,suburban,Agent,monthly,0,40.3,48354.93,750000,4638.05,1159.51,0,3,0.0,0.0,0,0,0
P10180,2024-02-01,2023-09-01,active,Term Life,AZ,suburban,Agent,monthly,0,40.4,48354.93,750000,4638.05,1159.51,0,2,0.0,0.0,0,0,0
P10180,2024-03-01,2023-09-01,active,Term Life,AZ,suburban,Agent,monthly,0,40.5,48354.93,750000,4638.05,773.01,0,4,0.0,0.0,0,1,0
P10180,2024-04-01,2023-09-01,active,Term Life,AZ,suburban,Agent,monthly,0,40.6,48354.93,750000,4638.05,773.01,0,2,0.0,0.0,0,0,0
P10180,2024-05-01,2023-09-01,active,Term Life,AZ,suburban,Agent,monthly,0,40.7,48354.93,750000,4638.05,1159.51,0,3,0.0,0.0,0,0,0
P10180,2024-06-01,2023-09-01,active,Term Life,AZ,suburban,Agent,monthly,0,40.8,48354.93,750000,4638.05,1159.51,0,3,0.0,0.0,0,0,0
P10180,2024-07-01,2023-09-01,active,Term Life,AZ,suburban,Agent,monthly,0,40.8,48354.93,750000,4638.05,1159.51,0,3,0.0,0.0,0,0,0
P10180,2024-08-01,2023-09-01,active,Term Life,AZ,suburban,Agent,monthly,0,40.9,48354.93,750000,4638.05,1159.51,0,2,0.0,0.0,1,0,0
P10180,2024-09-01,2023-09-01,active,Term Life,AZ,suburban,Agent,monthly,0,41.0,48354.93,750000,4638.05,773.01,0,2,0.0,0.0,0,0,0
P10180,2024-10-01,2023-09-01,active,Term Life,AZ,suburban,Agent,monthly,0,41.1,48354.93,750000,4638.05,1159.51,0,2,0.0,0.0,0,0,0
P10180,2024-11-01,2023-09-01,active,Term Life,AZ,suburban,Agent,monthly,0,41.2,48354.93,750000,4638.05,773.01,0,2,0.0,0.0,0,0,0
P10180,2024-12-01,2023-09-01,active,Term Life,AZ,suburban,Agent,monthly,0,41.2,48354.93,750000,4638.05,1159.51,0,6,0.0,0.0,0,0,0
P10181,2023-01-01,2015-02-01,active,Term Life,PA,rural,Broker,monthly,0,60.9,39626.25,750000,4223.15,703.86,0,2,0.0,0.0,0,0,0
P10181,2023-02-01,2015-02-01,active,Term Life,PA,rural,Broker,monthly,0,61.0,39626.25,750000,4223.15,1055.79,0,1,0.0,0.0,0,0,0
P10181,2023-03-01,2015-02-01,active,Term Life,PA,rural,Broker,monthly,0,61.1,39626.25,750000,4223.15,1055.79,0,1,0.0,0.0,0,0,0
P10181,2023-04-01,2015-02-01,active,Term Life,PA,rural,Broker,monthly,0,61.2,39626.25,750000,4223.15,1055.79,0,2,0.0,0.0,0,0,0
P10181,2023-05-01,2015-02-01,active,Term Life,PA,rural,Broker,monthly,0,61.2,39626.25,750000,4223.15,1055.79,1,1,0.0,0.0,0,0,0
P10181,2023-06-01,2015-02-01,active,Term Life,PA,rural,Broker,monthly,0,61.3,39626.25,750000,4223.15,703.86,1,1,0.0,0.0,0,0,0
P10181,2023-07-01,2015-02-01,active,Term Life,PA,rural,Broker,monthly,0,61.4,39626.25,750000,4223.15,703.86,1,5,0.0,0.0,0,0,0
P10181,2023-08-01,2015-02-01,active,Term Life,PA,rural,Broker,monthly,0,61.5,39626.25,750000,4223.15,1055.79,0,3,0.0,0.0,0,0,0
P10181,2023-09-01,2015-02-01,active,Term Life,PA,rural,Broker,monthly,0,61.6,39626.25,750000,4223.15,1055.79,0,1,0.0,0.0,0,0,0
P10181,2023-10-01,2015-02-01,active,Term Life,PA,rural,Broker,monthly,0,61.7,39626.25,750000,4223.15,1055.79,0,1,0.0,0.0,1,0,0
P10181,2023-11-01,2015-02-01,active,Term Life,PA,rural,Broker,monthly,0,61.8,39626.25,750000,4223.15,1055.79,0,1,0.0,0.0,0,1,0
P10181,2023-12-01,2015-02-01,active,Term Life,PA,rural,Broker,monthly,0,61.8,39626.25,750000,4223.15,1055.79,0,2,0.0,0.0,0,0,0
P10181,2024-01-01,2015-02-01,active,Term Life,PA,rural,Broker,monthly,0,61.9,39626.25,750000,4223.15,1055.79,0,1,0.0,0.0,0,0,0
P10181,2024-02-01,2015-02-01,active,Term Life,PA,rural,Broker,monthly,0,62.0,39626.25,750000,4223.15,703.86,0,1,0.0,0.0,0,0,0
P10181,2024-03-01,2015-02-01,active,Term Life,PA,rural,Broker,monthly,0,62.1,39626.25,750000,4223.15,1055.79,0,1,0.0,0.0,0,0,0
P10181,2024-04-01,2015-02-01,active,Term Life,PA,rural,Broker,monthly,0,62.2,39626.25,750000,4223.15,703.86,0,1,0.0,0.0,0,0,0
P10181,2024-05-01,2015-02-01,active,Term Life,PA,rural,Broker,monthly,0,62.2,39626.25,750000,4223.15,1055.79,0,1,0.0,0.0,0,0,0
P10181,2024-06-01,2015-02-01,active,Term Life,PA,rural,Broker,monthly,0,62.3,39626.25,750000,4223.15,1055.79,0,1,0.0,0.0,0,0,0
P10181,2024-07-01,2015-02-01,active,Term Life,PA,rural,Broker,monthly,0,62.4,39626.25,750000,4223.15,1055.79,0,1,0.0,0.0,0,0,0
P10181,2024-08-01,2015-02-01,active,Term Life,PA,rural,Broker,monthly,0,62.5,39626.25,750000,4223.15,703.86,0,1,0.0,0.0,0,0,0
P10181,2024-09-01,2015-02-01,active,Term Life,PA,rural,Broker,monthly,0,62.6,39626.25,750000,4223.15,1055.79,0,4,0.0,0.0,0,0,0
P10181,2024-10-01,2015-02-01,active,Term Life,PA,rural,Broker,monthly,0,62.7,39626.25,750000,4223.15,1055.79,0,2,0.0,0.0,0,0,0
P10181,2024-11-01,2015-02-01,active,Term Life,PA,rural,Broker,monthly,0,62.8,39626.25,750000,4223.15,1055.79,0,3,0.0,0.0,0,0,0
P10181,2024-12-01,2015-02-01,active,Term Life,PA,rural,Broker,monthly,0,62.8,39626.25,750000,4223.15,1055.79,1,3,0.0,0.0,0,0,0
P10182,2023-01-01,2021-02-01,active,Indexed Universal Life,OH,urban,Agent,monthly,1,71.9,30919.04,750000,5414.45,1353.61,0,6,1785.82,0.0,0,0,0
P10182,2023-02-01,2021-02-01,active,Indexed Universal Life,OH,urban,Agent,monthly,1,72.0,30919.04,750000,5414.45,1353.61,0,5,1034.63,0.0,0,0,0
P10182,2023-03-01,2021-02-01,active,Indexed Universal Life,OH,urban,Agent,monthly,1,72.1,30919.04,750000,5414.45,1353.61,0,6,909.53,0.0,1,1,0
P10182,2023-04-01,2021-02-01,active,Indexed Universal Life,OH,urban,Agent,monthly,1,72.2,30919.04,750000,5414.45,1353.61,0,4,1872.77,0.0,0,0,0
P10182,2023-05-01,2021-02-01,active,Indexed Universal Life,OH,urban,Agent,monthly,1,72.2,30919.04,750000,5414.45,1353.61,0,5,2170.24,0.0,1,0,0
P10182,2023-06-01,2021-02-01,active,Indexed Universal Life,OH,urban,Agent,monthly,1,72.3,30919.04,750000,5414.45,1353.61,0,7,1743.08,0.0,0,0,0
P10182,2023-07-01,2021-02-01,active,Indexed Universal Life,OH,urban,Agent,monthly,1,72.4,30919.04,750000,5414.45,1353.61,0,6,2205.95,0.0,0,1,0
P10182,2023-08-01,2021-02-01,active,Indexed Universal Life,OH,urban,Agent,monthly,1,72.5,30919.04,750000,5414.45,902.41,0,4,1765.22,0.0,0,0,0
P10182,2023-09-01,2021-02-01,active,Indexed Universal Life,OH,urban,Agent,monthly,1,72.6,30919.04,750000,5414.45,1353.61,0,6,2241.15,0.0,0,0,0
P10182,2023-10-01,2021-02-01,active,Indexed Universal Life,OH,urban,Agent,monthly,1,72.7,30919.04,750000,5414.45,1353.61,0,4,939.94,0.0,0,0,0
P10182,2023-11-01,2021-02-01,active,Indexed Universal Life,OH,urban,Agent,monthly,1,72.8,30919.04,750000,5414.45,902.41,0,4,1410.24,0.0,0,0,0
P10182,2023-12-01,2021-02-01,active,Indexed Universal Life,OH,urban,Agent,monthly,1,72.8,30919.04,750000,5414.45,1353.61,0,5,1540.95,0.0,0,0,0
P10182,2024-01-01,2021-02-01,active,Indexed Universal Life,OH,urban,Agent,monthly,1,72.9,30919.04,750000,5414.45,1353.61,1,4,1253.53,0.0,0,0,0
P10182,2024-02-01,2021-02-01,active,Indexed Universal Life,OH,urban,Agent,monthly,1,73.0,30919.04,750000,5414.45,1353.61,1,4,1516.16,0.0,0,0,0
P10182,2024-03-01,2021-02-01,active,Indexed Universal Life,OH,urban,Agent,monthly,1,73.1,30919.04,750000,5414.45,1353.61,1,4,2188.58,0.0,0,0,0
P10182,2024-04-01,2021-02-01,active,Indexed Universal Life,OH,urban,Agent,monthly,1,73.2,30919.04,750000,5414.45,1353.61,1,4,2599.84,0.0,0,0,0
P10182,2024-05-01,2021-02-01,active,Indexed Universal Life,OH,urban,Agent,monthly,1,73.2,30919.04,750000,5414.45,1353.61,1,4,1456.44,0.0,0,0,0
P10182,2024-06-01,2021-02-01,active,Indexed Universal Life,OH,urban,Agent,monthly,1,73.3,30919.04,750000,5414.45,1353.61,1,4,2184.92,0.0,0,0,0
P10182,2024-07-01,2021-02-01,active,Indexed Universal Life,OH,urban,Agent,monthly,1,73.4,30919.04,750000,5414.45,1353.61,1,4,1639.57,0.0,1,0,0
P10182,2024-08-01,2021-02-01,active,Indexed Universal Life,OH,urban,Agent,monthly,1,73.5,30919.04,750000,5414.45,902.41,1,4,3353.4,0.0,0,0,0
P10182,2024-09-01,2021-02-01,active,Indexed Universal Life,OH,urban,Agent,monthly,1,73.6,30919.04,750000,5414.45,1353.61,1,5,2805.3,0.0,0,0,0
P10182,2024-10-01,2021-02-01,active,Indexed Universal Life,OH,urban,Agent,monthly,1,73.7,30919.04,750000,5414.45,1353.61,2,5,1992.72,0.0,0,0,0
P10182,2024-11-01,2021-02-01,active,Indexed Universal Life,OH,urban,Agent,monthly,1,73.8,30919.04,750000,5414.45,1353.61,2,5,3068.78,0.0,0,0,0
P10182,2024-12-01,2021-02-01,active,Indexed Universal Life,OH,urban,Agent,monthly,1,73.8,30919.04,750000,5414.45,902.41,3,4,2451.27,0.0,0,0,0
P10183,2023-01-01,2022-11-01,active,Universal Life,NJ,urban,Direct,monthly,1,29.2,54016.47,500000,2403.45,600.86,0,0,70.08,0.0,0,0,0
P10183,2023-02-01,2022-11-01,active,Universal Life,NJ,urban,Direct,monthly,1,29.2,54016.47,500000,2403.45,600.86,0,2,74.16,0.0,0,0,0
P10183,2023-03-01,2022-11-01,active,Universal Life,NJ,urban,Direct,monthly,1,29.3,54016.47,500000,2403.45,400.57,0,0,118.15,0.0,0,0,0
P10183,2023-04-01,2022-11-01,active,Universal Life,NJ,urban,Direct,monthly,1,29.4,54016.47,500000,2403.45,600.86,0,0,66.73,0.0,0,0,0
P10183,2023-05-01,2022-11-01,active,Universal Life,NJ,urban,Direct,monthly,1,29.5,54016.47,500000,2403.45,600.86,0,0,93.81,0.0,0,0,0
P10183,2023-06-01,2022-11-01,active,Universal Life,NJ,urban,Direct,monthly,1,29.6,54016.47,500000,2403.45,600.86,0,0,223.98,0.0,0,0,0
P10183,2023-07-01,2022-11-01,active,Universal Life,NJ,urban,Direct,monthly,1,29.7,54016.47,500000,2403.45,600.86,0,2,161.71,0.0,0,0,0
P10183,2023-08-01,2022-11-01,active,Universal Life,NJ,urban,Direct,monthly,1,29.8,54016.47,500000,2403.45,600.86,0,0,257.18,0.0,0,0,0
P10183,2023-09-01,2022-11-01,active,Universal Life,NJ,urban,Direct,monthly,1,29.8,54016.47,500000,2403.45,600.86,0,2,262.37,0.0,0,0,0
P10183,2023-10-01,2022-11-01,active,Universal Life,NJ,urban,Direct,monthly,1,29.9,54016.47,500000,2403.45,600.86,0,0,181.27,0.0,0,0,0
P10183,2023-11-01,2022-11-01,active,Universal Life,NJ,urban,Direct,monthly,1,30.0,54016.47,500000,2403.45,600.86,0,1,365.76,0.0,0,0,0
P10183,2023-12-01,2022-11-01,active,Universal Life,NJ,urban,Direct,monthly,1,30.1,54016.47,500000,2403.45,600.86,0,0,373.35,0.0,0,1,0
P10183,2024-01-01,2022-11-01,active,Universal Life,NJ,urban,Direct,monthly,1,30.2,54016.47,500000,2403.45,400.57,0,3,322.13,0.0,0,0,0
P10183,2024-02-01,2022-11-01,active,Universal Life,NJ,urban,Direct,monthly,1,30.2,54016.47,500000,2403.45,600.86,0,3,343.38,0.0,0,0,0
P10183,2024-03-01,2022-11-01,active,Universal Life,NJ,urban,Direct,monthly,1,30.3,54016.47,500000,2403.45,600.86,0,1,301.05,0.0,0,0,0
P10183,2024-04-01,2022-11-01,active,Universal Life,NJ,urban,Direct,monthly,1,30.4,54016.47,500000,2403.45,600.86,0,1,437.69,0.0,0,0,0
P10183,2024-05-01,2022-11-01,active,Universal Life,NJ,urban,Direct,monthly,1,30.5,54016.47,500000,2403.45,600.86,0,0,442.07,0.0,0,0,0
P10183,2024-06-01,2022-11-01,active,Universal Life,NJ,urban,Direct,monthly,1,30.6,54016.47,500000,2403.45,600.86,0,1,345.11,147.22,0,0,0
P10183,2024-07-01,2022-11-01,active,Universal Life,NJ,urban,Direct,monthly,1,30.7,54016.47,500000,2403.45,600.86,1,0,708.77,0.0,0,0,0
P10183,2024-08-01,2022-11-01,active,Universal Life,NJ,urban,Direct,monthly,1,30.8,54016.47,500000,2403.45,400.57,0,0,520.43,0.0,0,0,0
P10183,2024-09-01,2022-11-01,active,Universal Life,NJ,urban,Direct,monthly,1,30.8,54016.47,500000,2403.45,600.86,0,0,428.03,0.0,0,0,0
P10183,2024-10-01,2022-11-01,active,Universal Life,NJ,urban,Direct,monthly,1,30.9,54016.47,500000,2403.45,600.86,0,0,642.13,0.0,0,0,0
P10183,2024-11-01,2022-11-01,active,Universal Life,NJ,urban,Direct,monthly,1,31.0,54016.47,500000,2403.45,600.86,0,2,582.1,0.0,0,0,0
P10183,2024-12-01,2022-11-01,active,Universal Life,NJ,urban,Direct,monthly,1,31.1,54016.47,500000,2403.45,400.57,0,0,503.97,0.0,1,0,0
P10184,2023-01-01,2021-11-01,active,Term Life,TX,urban,Broker,monthly,1,74.2,138696.1,150000,1163.6,193.93,0,0,0.0,0.0,0,0,0
P10184,2023-02-01,2021-11-01,active,Term Life,TX,urban,Broker,monthly,1,74.2,138696.1,150000,1163.6,290.9,0,0,0.0,0.0,0,0,0
P10184,2023-03-01,2021-11-01,active,Term Life,TX,urban,Broker,monthly,1,74.3,138696.1,150000,1163.6,193.93,0,0,0.0,0.0,0,0,0
P10184,2023-04-01,2021-11-01,active,Term Life,TX,urban,Broker,monthly,1,74.4,138696.1,150000,1163.6,290.9,0,3,0.0,0.0,0,0,0
P10184,2023-05-01,2021-11-01,active,Term Life,TX,urban,Broker,monthly,1,74.5,138696.1,150000,1163.6,290.9,1,1,0.0,0.0,0,0,0
P10184,2023-06-01,2021-11-01,active,Term Life,TX,urban,Broker,monthly,1,74.6,138696.1,150000,1163.6,290.9,1,0,0.0,0.0,1,0,0
P10184,2023-07-01,2021-11-01,active,Term Life,TX,urban,Broker,monthly,1,74.7,138696.1,150000,1163.6,290.9,0,1,0.0,0.0,0,0,0
P10184,2023-08-01,2021-11-01,active,Term Life,TX,urban,Broker,monthly,1,74.8,138696.1,150000,1163.6,290.9,0,0,0.0,0.0,0,0,0
P10184,2023-09-01,2021-11-01,active,Term Life,TX,urban,Broker,monthly,1,74.8,138696.1,150000,1163.6,290.9,0,2,0.0,0.0,0,0,0
P10184,2023-10-01,2021-11-01,active,Term Life,TX,urban,Broker,monthly,1,74.9,138696.1,150000,1163.6,290.9,1,1,0.0,0.0,0,0,0
P10184,2023-11-01,2021-11-01,active,Term Life,TX,urban,Broker,monthly,1,75.0,138696.1,150000,1163.6,290.9,1,1,0.0,0.0,0,0,0
P10184,2023-12-01,2021-11-01,active,Term Life,TX,urban,Broker,monthly,1,75.1,138696.1,150000,1163.6,290.9,1,1,0.0,0.0,0,0,0
P10184,2024-01-01,2021-11-01,active,Term Life,TX,urban,Broker,monthly,1,75.2,138696.1,150000,1163.6,290.9,1,1,0.0,0.0,0,0,0
P10184,2024-02-01,2021-11-01,active,Term Life,TX,urban,Broker,monthly,1,75.2,138696.1,150000,1163.6,290.9,0,0,0.0,0.0,0,0,0
P10184,2024-03-01,2021-11-01,active,Term Life,TX,urban,Broker,monthly,1,75.3,138696.1,150000,1163.6,290.9,0,0,0.0,0.0,1,0,0
P10184,2024-04-01,2021-11-01,active,Term Life,TX,urban,Broker,monthly,1,75.4,138696.1,150000,1163.6,290.9,0,0,0.0,0.0,0,0,0
P10184,2024-05-01,2021-11-01,active,Term Life,TX,urban,Broker,monthly,1,75.5,138696.1,150000,1163.6,290.9,0,0,0.0,0.0,0,0,0
P10184,2024-06-01,2021-11-01,active,Term Life,TX,urban,Broker,monthly,1,75.6,138696.1,150000,1163.6,290.9,1,2,0.0,0.0,0,0,0
P10184,2024-07-01,2021-11-01,active,Term Life,TX,urban,Broker,monthly,1,75.7,138696.1,150000,1163.6,290.9,0,0,0.0,0.0,0,0,0
P10184,2024-08-01,2021-11-01,active,Term Life,TX,urban,Broker,monthly,1,75.8,138696.1,150000,1163.6,290.9,0,0,0.0,0.0,0,0,0
P10184,2024-09-01,2021-11-01,active,Term Life,TX,urban,Broker,monthly,1,75.8,138696.1,150000,1163.6,193.93,0,2,0.0,0.0,0,0,0
P10184,2024-10-01,2021-11-01,active,Term Life,TX,urban,Broker,monthly,1,75.9,138696.1,150000,1163.6,290.9,0,2,0.0,0.0,1,0,0
P10184,2024-11-01,2021-11-01,active,Term Life,TX,urban,Broker,monthly,1,76.0,138696.1,150000,1163.6,290.9,0,0,0.0,0.0,0,0,0
P10184,2024-12-01,2021-11-01,active,Term Life,TX,urban,Broker,monthly,1,76.1,138696.1,150000,1163.6,193.93,0,1,0.0,0.0,0,0,0
P10185,2023-01-01,2017-09-01,active,Whole Life,TX,suburban,Broker,monthly,1,70.3,35338.3,250000,1255.98,313.99,0,2,906.55,0.0,0,0,0
P10185,2023-02-01,2017-09-01,active,Whole Life,TX,suburban,Broker,monthly,1,70.4,35338.3,250000,1255.98,313.99,0,0,864.54,0.0,0,0,0
P10185,2023-03-01,2017-09-01,active,Whole Life,TX,suburban,Broker,monthly,1,70.5,35338.3,250000,1255.98,313.99,0,0,479.73,0.0,0,0,0
P10185,2023-04-01,2017-09-01,active,Whole Life,TX,suburban,Broker,monthly,1,70.6,35338.3,250000,1255.98,313.99,0,1,1118.5,0.0,0,0,0
P10185,2023-05-01,2017-09-01,active,Whole Life,TX,suburban,Broker,monthly,1,70.7,35338.3,250000,1255.98,313.99,0,2,880.34,0.0,0,0,0
P10185,2023-06-01,2017-09-01,active,Whole Life,TX,suburban,Broker,monthly,1,70.8,35338.3,250000,1255.98,313.99,0,1,505.28,0.0,0,0,0
P10185,2023-07-01,2017-09-01,active,Whole Life,TX,suburban,Broker,monthly,1,70.8,35338.3,250000,1255.98,313.99,0,3,624.48,0.0,0,0,0
P10185,2023-08-01,2017-09-01,active,Whole Life,TX,suburban,Broker,monthly,1,70.9,35338.3,250000,1255.98,313.99,0,2,811.98,0.0,0,0,0
P10185,2023-09-01,2017-09-01,active,Whole Life,TX,suburban,Broker,monthly,1,71.0,35338.3,250000,1255.98,313.99,0,0,858.56,0.0,0,0,0
P10185,2023-10-01,2017-09-01,active,Whole Life,TX,suburban,Broker,monthly,1,71.1,35338.3,250000,1255.98,313.99,0,0,751.8,0.0,0,0,0
P10185,2023-11-01,2017-09-01,active,Whole Life,TX,suburban,Broker,monthly,1,71.2,35338.3,250000,1255.98,313.99,0,1,1135.55,0.0,0,0,0
P10185,2023-12-01,2017-09-01,active,Whole Life,TX,suburban,Broker,monthly,1,71.2,35338.3,250000,1255.98,209.33,0,0,1191.56,0.0,0,1,0
P10185,2024-01-01,2017-09-01,active,Whole Life,TX,suburban,Broker,monthly,1,71.3,35338.3,250000,1255.98,313.99,0,0,753.7,0.0,0,0,0
P10185,2024-02-01,2017-09-01,active,Whole Life,TX,suburban,Broker,monthly,1,71.4,35338.3,250000,1255.98,313.99,0,0,1159.46,0.0,0,0,0
P10185,2024-03-01,2017-09-01,active,Whole Life,TX,suburban,Broker,monthly,1,71.5,35338.3,250000,1255.98,313.99,0,1,1308.06,0.0,0,0,0
P10185,2024-04-01,2017-09-01,active,Whole Life,TX,suburban,Broker,monthly,1,71.6,35338.3,250000,1255.98,313.99,0,0,550.75,98.93,0,0,0
P10185,2024-05-01,2017-09-01,active,Whole Life,TX,suburban,Broker,monthly,1,71.7,35338.3,250000,1255.98,209.33,0,0,609.33,0.0,0,0,0
P10185,2024-06-01,2017-09-01,active,Whole Life,TX,suburban,Broker,monthly,1,71.8,35338.3,250000,1255.98,313.99,0,0,1461.8,0.0,0,0,0
P10185,2024-07-01,2017-09-01,active,Whole Life,TX,suburban,Broker,monthly,1,71.8,35338.3,250000,1255.98,313.99,0,1,1484.98,0.0,0,0,0
P10185,2024-08-01,2017-09-01,active,Whole Life,TX,suburban,Broker,monthly,1,71.9,35338.3,250000,1255.98,313.99,0,0,777.08,0.0,0,0,0
P10185,2024-09-01,2017-09-01,active,Whole Life,TX,suburban,Broker,monthly,1,72.0,35338.3,250000,1255.98,313.99,0,0,1003.92,0.0,0,0,0
P10185,2024-10-01,2017-09-01,active,Whole Life,TX,suburban,Broker,monthly,1,72.1,35338.3,250000,1255.98,313.99,0,0,739.41,0.0,1,0,0
P10185,2024-11-01,2017-09-01,active,Whole Life,TX,suburban,Broker,monthly,1,72.2,35338.3,250000,1255.98,313.99,0,1,1005.11,0.0,0,0,0
P10185,2024-12-01,2017-09-01,active,Whole Life,TX,suburban,Broker,monthly,1,72.2,35338.3,250000,1255.98,313.99,0,0,1534.84,0.0,0,0,0
P10186,2023-01-01,2015-08-01,active,Universal Life,AZ,urban,Broker,monthly,1,54.4,141442.92,100000,300.0,75.0,0,2,154.12,0.0,0,0,0
P10186,2023-02-01,2015-08-01,active,Universal Life,AZ,urban,Broker,monthly,1,54.5,141442.92,100000,300.0,75.0,0,1,401.42,0.0,1,1,0
P10186,2023-03-01,2015-08-01,active,Universal Life,AZ,urban,Broker,monthly,1,54.6,141442.92,100000,300.0,50.0,0,2,243.32,0.0,0,0,1
P10186,2023-04-01,2015-08-01,lapsed,Universal Life,AZ,urban,Broker,monthly,1,54.7,141442.92,100000,300.0,75.0,0,2,229.73,0.0,0,0,0
P10187,2023-01-01,2023-03-01,lapsed,Term Life,NJ,suburban,Agent,annual,1,26.0,51213.73,750000,147.46,442.37,0,1,0.0,0.0,0,0,0
P10188,2023-01-01,2014-04-01,active,Term Life,OH,urban,Broker,monthly,1,64.8,63523.31,250000,1578.07,394.52,0,4,0.0,0.0,1,0,0
P10188,2023-02-01,2014-04-01,active,Term Life,OH,urban,Broker,monthly,1,64.8,63523.31,250000,1578.07,394.52,0,4,0.0,0.0,0,0,0
P10188,2023-03-01,2014-04-01,active,Term Life,OH,urban,Broker,monthly,1,64.9,63523.31,250000,1578.07,394.52,0,5,0.0,0.0,0,0,0
P10188,2023-04-01,2014-04-01,active,Term Life,OH,urban,Broker,monthly,1,65.0,63523.31,250000,1578.07,394.52,0,3,0.0,0.0,0,0,0
P10188,2023-05-01,2014-04-01,active,Term Life,OH,urban,Broker,monthly,1,65.1,63523.31,250000,1578.07,394.52,0,3,0.0,0.0,0,0,0
P10188,2023-06-01,2014-04-01,active,Term Life,OH,urban,Broker,monthly,1,65.2,63523.31,250000,1578.07,394.52,0,3,0.0,0.0,0,0,0
P10188,2023-07-01,2014-04-01,active,Term Life,OH,urban,Broker,monthly,1,65.2,63523.31,250000,1578.07,394.52,0,4,0.0,0.0,0,0,0
P10188,2023-08-01,2014-04-01,active,Term Life,OH,urban,Broker,monthly,1,65.3,63523.31,250000,1578.07,394.52,0,4,0.0,0.0,0,0,0
P10188,2023-09-01,2014-04-01,active,Term Life,OH,urban,Broker,monthly,1,65.4,63523.31,250000,1578.07,394.52,0,5,0.0,0.0,0,0,0
P10188,2023-10-01,2014-04-01,active,Term Life,OH,urban,Broker,monthly,1,65.5,63523.31,250000,1578.07,394.52,0,3,0.0,0.0,1,0,0
P10188,2023-11-01,2014-04-01,active,Term Life,OH,urban,Broker,monthly,1,65.6,63523.31,250000,1578.07,394.52,0,4,0.0,0.0,0,0,0
P10188,2023-12-01,2014-04-01,active,Term Life,OH,urban,Broker,monthly,1,65.7,63523.31,250000,1578.07,394.52,0,4,0.0,0.0,0,0,0
P10188,2024-01-01,2014-04-01,active,Term Life,OH,urban,Broker,monthly,1,65.8,63523.31,250000,1578.07,263.01,0,4,0.0,0.0,0,0,0
P10188,2024-02-01,2014-04-01,active,Term Life,OH,urban,Broker,monthly,1,65.8,63523.31,250000,1578.07,394.52,0,3,0.0,0.0,0,0,0
P10188,2024-03-01,2014-04-01,active,Term Life,OH,urban,Broker,monthly,1,65.9,63523.31,250000,1578.07,394.52,1,3,0.0,0.0,0,0,0
P10188,2024-04-01,2014-04-01,active,Term Life,OH,urban,Broker,monthly,1,66.0,63523.31,250000,1578.07,394.52,1,4,0.0,0.0,0,0,0
P10188,2024-05-01,2014-04-01,active,Term Life,OH,urban,Broker,monthly,1,66.1,63523.31,250000,1578.07,394.52,1,3,0.0,0.0,0,0,0
P10188,2024-06-01,2014-04-01,active,Term Life,OH,urban,Broker,monthly,1,66.2,63523.31,250000,1578.07,394.52,1,4,0.0,0.0,0,0,0
P10188,2024-07-01,2014-04-01,active,Term Life,OH,urban,Broker,monthly,1,66.2,63523.31,250000,1578.07,394.52,1,8,0.0,0.0,0,0,0
P10188,2024-08-01,2014-04-01,active,Term Life,OH,urban,Broker,monthly,1,66.3,63523.31,250000,1578.07,394.52,1,3,0.0,0.0,0,0,0
P10188,2024-09-01,2014-04-01,active,Term Life,OH,urban,Broker,monthly,1,66.4,63523.31,250000,1578.07,394.52,1,4,0.0,0.0,0,0,0
P10188,2024-10-01,2014-04-01,active,Term Life,OH,urban,Broker,monthly,1,66.5,63523.31,250000,1578.07,394.52,0,3,0.0,0.0,0,0,0
P10188,2024-11-01,2014-04-01,active,Term Life,OH,urban,Broker,monthly,1,66.6,63523.31,250000,1578.07,394.52,0,5,0.0,0.0,0,0,0
P10188,2024-12-01,2014-04-01,active,Term Life,OH,urban,Broker,monthly,1,66.7,63523.31,250000,1578.07,394.52,0,3,0.0,0.0,0,0,0
P10189,2023-01-01,2016-03-01,active,Term Life,NY,urban,Agent,monthly,1,36.8,37546.32,1000000,6958.51,1739.63,0,4,0.0,0.0,0,0,0
P10189,2023-02-01,2016-03-01,active,Term Life,NY,urban,Agent,monthly,1,36.9,37546.32,1000000,6958.51,1159.75,0,4,0.0,0.0,0,0,0
P10189,2023-03-01,2016-03-01,active,Term Life,NY,urban,Agent,monthly,1,37.0,37546.32,1000000,6958.51,1739.63,0,4,0.0,0.0,0,0,0
P10189,2023-04-01,2016-03-01,active,Term Life,NY,urban,Agent,monthly,1,37.1,37546.32,1000000,6958.51,1739.63,0,3,0.0,0.0,0,0,0
P10189,2023-05-01,2016-03-01,active,Term Life,NY,urban,Agent,monthly,1,37.2,37546.32,1000000,6958.51,1739.63,0,5,0.0,0.0,0,0,0
P10189,2023-06-01,2016-03-01,active,Term Life,NY,urban,Agent,monthly,1,37.2,37546.32,1000000,6958.51,1739.63,0,4,0.0,0.0,0,0,0
P10189,2023-07-01,2016-03-01,active,Term Life,NY,urban,Agent,monthly,1,37.3,37546.32,1000000,6958.51,1739.63,0,4,0.0,0.0,0,0,0
P10189,2023-08-01,2016-03-01,active,Term Life,NY,urban,Agent,monthly,1,37.4,37546.32,1000000,6958.51,1739.63,0,5,0.0,0.0,1,0,0
P10189,2023-09-01,2016-03-01,active,Term Life,NY,urban,Agent,monthly,1,37.5,37546.32,1000000,6958.51,1739.63,0,6,0.0,0.0,0,0,0
P10189,2023-10-01,2016-03-01,active,Term Life,NY,urban,Agent,monthly,1,37.6,37546.32,1000000,6958.51,1739.63,1,3,0.0,0.0,0,0,0
P10189,2023-11-01,2016-03-01,active,Term Life,NY,urban,Agent,monthly,1,37.7,37546.32,1000000,6958.51,1159.75,2,3,0.0,0.0,0,0,0
P10189,2023-12-01,2016-03-01,active,Term Life,NY,urban,Agent,monthly,1,37.8,37546.32,1000000,6958.51,1739.63,1,3,0.0,0.0,0,0,0
P10189,2024-01-01,2016-03-01,active,Term Life,NY,urban,Agent,monthly,1,37.8,37546.32,1000000,6958.51,1739.63,1,3,0.0,0.0,0,0,0
P10189,2024-02-01,2016-03-01,active,Term Life,NY,urban,Agent,monthly,1,37.9,37546.32,1000000,6958.51,1739.63,1,4,0.0,0.0,0,0,0
P10189,2024-03-01,2016-03-01,active,Term Life,NY,urban,Agent,monthly,1,38.0,37546.32,1000000,6958.51,1739.63,1,5,0.0,0.0,0,0,0
P10189,2024-04-01,2016-03-01,active,Term Life,NY,urban,Agent,monthly,1,38.1,37546.32,1000000,6958.51,1739.63,1,3,0.0,0.0,0,0,0
P10189,2024-05-01,2016-03-01,active,Term Life,NY,urban,Agent,monthly,1,38.2,37546.32,1000000,6958.51,1159.75,1,4,0.0,0.0,0,0,0
P10189,2024-06-01,2016-03-01,active,Term Life,NY,urban,Agent,monthly,1,38.2,37546.32,1000000,6958.51,1739.63,1,5,0.0,0.0,0,0,0
P10189,2024-07-01,2016-03-01,active,Term Life,NY,urban,Agent,monthly,1,38.3,37546.32,1000000,6958.51,1159.75,1,4,0.0,0.0,0,0,0
P10189,2024-08-01,2016-03-01,active,Term Life,NY,urban,Agent,monthly,1,38.4,37546.32,1000000,6958.51,1739.63,0,3,0.0,0.0,0,0,0
P10189,2024-09-01,2016-03-01,active,Term Life,NY,urban,Agent,monthly,1,38.5,37546.32,1000000,6958.51,1739.63,0,3,0.0,0.0,0,0,0
P10189,2024-10-01,2016-03-01,active,Term Life,NY,urban,Agent,monthly,1,38.6,37546.32,1000000,6958.51,1739.63,0,4,0.0,0.0,0,0,0
P10189,2024-11-01,2016-03-01,active,Term Life,NY,urban,Agent,monthly,1,38.7,37546.32,1000000,6958.51,1159.75,0,3,0.0,0.0,0,0,0
P10189,2024-12-01,2016-03-01,active,Term Life,NY,urban,Agent,monthly,1,38.8,37546.32,1000000,6958.51,1739.63,0,4,0.0,0.0,0,0,0
P10190,2023-01-01,2022-04-01,active,Indexed Universal Life,PA,suburban,Agent,annual,1,69.8,71633.02,250000,183.14,549.43,0,0,150.09,0.0,0,0,0
P10190,2023-02-01,2022-04-01,active,Indexed Universal Life,PA,suburban,Agent,annual,1,69.8,71633.02,250000,183.14,549.43,0,0,202.21,0.0,0,0,0
P10190,2023-03-01,2022-04-01,active,Indexed Universal Life,PA,suburban,Agent,annual,1,69.9,71633.02,250000,183.14,549.43,0,1,287.44,0.0,0,0,0
P10190,2023-04-01,2022-04-01,active,Indexed Universal Life,PA,suburban,Agent,annual,1,70.0,71633.02,250000,183.14,549.43,0,1,151.19,72.99,0,0,0
P10190,2023-05-01,2022-04-01,active,Indexed Universal Life,PA,suburban,Agent,annual,1,70.1,71633.02,250000,183.14,549.43,0,0,353.81,0.0,0,0,0
P10190,2023-06-01,2022-04-01,active,Indexed Universal Life,PA,suburban,Agent,annual,1,70.2,71633.02,250000,183.14,549.43,0,1,315.68,0.0,0,0,0
P10190,2023-07-01,2022-04-01,active,Indexed Universal Life,PA,suburban,Agent,annual,1,70.2,71633.02,250000,183.14,549.43,0,0,481.36,0.0,0,0,0
P10190,2023-08-01,2022-04-01,active,Indexed Universal Life,PA,suburban,Agent,annual,1,70.3,71633.02,250000,183.14,549.43,0,0,253.52,0.0,0,0,0
P10190,2023-09-01,2022-04-01,active,Indexed Universal Life,PA,suburban,Agent,annual,1,70.4,71633.02,250000,183.14,549.43,0,0,318.35,0.0,0,1,0
P10190,2023-10-01,2022-04-01,active,Indexed Universal Life,PA,suburban,Agent,annual,1,70.5,71633.02,250000,183.14,366.29,0,0,307.85,0.0,0,0,0
P10190,2023-11-01,2022-04-01,active,Indexed Universal Life,PA,suburban,Agent,annual,1,70.6,71633.02,250000,183.14,549.43,0,0,332.01,111.78,0,0,0
P10190,2023-12-01,2022-04-01,active,Indexed Universal Life,PA,suburban,Agent,annual,1,70.7,71633.02,250000,183.14,549.43,0,1,478.78,0.0,0,0,0
P10190,2024-01-01,2022-04-01,active,Indexed Universal Life,PA,suburban,Agent,annual,1,70.8,71633.02,250000,183.14,549.43,0,0,570.73,0.0,0,0,0
P10190,2024-02-01,2022-04-01,active,Indexed Universal Life,PA,suburban,Agent,annual,1,70.8,71633.02,250000,183.14,549.43,0,1,409.21,0.0,0,0,0
P10190,2024-03-01,2022-04-01,active,Indexed Universal Life,PA,suburban,Agent,annual,1,70.9,71633.02,250000,183.14,549.43,0,0,275.96,0.0,0,0,0
P10190,2024-04-01,2022-04-01,active,Indexed Universal Life,PA,suburban,Agent,annual,1,71.0,71633.02,250000,183.14,549.43,0,1,435.85,0.0,0,0,0
P10190,2024-05-01,2022-04-01,active,Indexed Universal Life,PA,suburban,Agent,annual,1,71.1,71633.02,250000,183.14,549.43,0,0,287.36,0.0,0,0,0
P10190,2024-06-01,2022-04-01,active,Indexed Universal Life,PA,suburban,Agent,annual,1,71.2,71633.02,250000,183.14,366.29,1,1,344.19,0.0,0,0,0
P10190,2024-07-01,2022-04-01,active,Indexed Universal Life,PA,suburban,Agent,annual,1,71.2,71633.02,250000,183.14,549.43,0,3,379.0,0.0,0,0,0
P10190,2024-08-01,2022-04-01,active,Indexed Universal Life,PA,suburban,Agent,annual,1,71.3,71633.02,250000,183.14,549.43,0,0,870.69,0.0,0,0,0
P10190,2024-09-01,2022-04-01,active,Indexed Universal Life,PA,suburban,Agent,annual,1,71.4,71633.02,250000,183.14,549.43,1,0,561.72,0.0,0,0,0
P10190,2024-10-01,2022-04-01,active,Indexed Universal Life,PA,suburban,Agent,annual,1,71.5,71633.02,250000,183.14,549.43,1,1,884.92,0.0,0,0,0
P10190,2024-11-01,2022-04-01,active,Indexed Universal Life,PA,suburban,Agent,annual,1,71.6,71633.02,250000,183.14,549.43,1,3,716.56,0.0,0,0,0
P10190,2024-12-01,2022-04-01,active,Indexed Universal Life,PA,suburban,Agent,annual,1,71.7,71633.02,250000,183.14,549.43,1,1,603.31,0.0,0,0,0
P10191,2023-01-01,2018-09-01,active,Term Life,PA,urban,Broker,monthly,0,50.3,60122.67,100000,542.84,135.71,0,1,0.0,0.0,0,0,0
P10191,2023-02-01,2018-09-01,active,Term Life,PA,urban,Broker,monthly,0,50.4,60122.67,100000,542.84,135.71,0,1,0.0,0.0,0,0,0
P10191,2023-03-01,2018-09-01,active,Term Life,PA,urban,Broker,monthly,0,50.5,60122.67,100000,542.84,90.47,1,1,0.0,0.0,0,0,0
P10191,2023-04-01,2018-09-01,active,Term Life,PA,urban,Broker,monthly,0,50.6,60122.67,100000,542.84,90.47,1,2,0.0,0.0,0,0,0
P10191,2023-05-01,2018-09-01,active,Term Life,PA,urban,Broker,monthly,0,50.7,60122.67,100000,542.84,90.47,1,1,0.0,0.0,0,0,0
P10191,2023-06-01,2018-09-01,active,Term Life,PA,urban,Broker,monthly,0,50.8,60122.67,100000,542.84,135.71,1,1,0.0,0.0,0,1,0
P10191,2023-07-01,2018-09-01,active,Term Life,PA,urban,Broker,monthly,0,50.8,60122.67,100000,542.84,135.71,1,3,0.0,0.0,0,1,0
P10191,2023-08-01,2018-09-01,active,Term Life,PA,urban,Broker,monthly,0,50.9,60122.67,100000,542.84,135.71,1,2,0.0,0.0,0,0,0
P10191,2023-09-01,2018-09-01,active,Term Life,PA,urban,Broker,monthly,0,51.0,60122.67,100000,542.84,90.47,2,1,0.0,0.0,0,0,0
P10191,2023-10-01,2018-09-01,active,Term Life,PA,urban,Broker,monthly,0,51.1,60122.67,100000,542.84,135.71,2,3,0.0,0.0,0,0,0
P10191,2023-11-01,2018-09-01,active,Term Life,PA,urban,Broker,monthly,0,51.2,60122.67,100000,542.84,135.71,2,1,0.0,0.0,0,1,0
P10191,2023-12-01,2018-09-01,active,Term Life,PA,urban,Broker,monthly,0,51.2,60122.67,100000,542.84,135.71,2,1,0.0,0.0,0,0,0
P10191,2024-01-01,2018-09-01,active,Term Life,PA,urban,Broker,monthly,0,51.3,60122.67,100000,542.84,135.71,3,1,0.0,0.0,0,0,0
P10191,2024-02-01,2018-09-01,active,Term Life,PA,urban,Broker,monthly,0,51.4,60122.67,100000,542.84,90.47,3,2,0.0,0.0,0,0,0
P10191,2024-03-01,2018-09-01,active,Term Life,PA,urban,Broker,monthly,0,51.5,60122.67,100000,542.84,90.47,2,1,0.0,0.0,0,0,0
P10191,2024-04-01,2018-09-01,active,Term Life,PA,urban,Broker,monthly,0,51.6,60122.67,100000,542.84,135.71,2,2,0.0,0.0,0,0,0
P10191,2024-05-01,2018-09-01,active,Term Life,PA,urban,Broker,monthly,0,51.7,60122.67,100000,542.84,90.47,2,2,0.0,0.0,0,0,0
P10191,2024-06-01,2018-09-01,active,Term Life,PA,urban,Broker,monthly,0,51.8,60122.67,100000,542.84,135.71,3,1,0.0,0.0,0,0,0
P10191,2024-07-01,2018-09-01,active,Term Life,PA,urban,Broker,monthly,0,51.8,60122.67,100000,542.84,135.71,3,2,0.0,0.0,0,0,0
P10191,2024-08-01,2018-09-01,active,Term Life,PA,urban,Broker,monthly,0,51.9,60122.67,100000,542.84,135.71,3,1,0.0,0.0,0,0,0
P10191,2024-09-01,2018-09-01,active,Term Life,PA,urban,Broker,monthly,0,52.0,60122.67,100000,542.84,135.71,3,1,0.0,0.0,0,0,0
P10191,2024-10-01,2018-09-01,active,Term Life,PA,urban,Broker,monthly,0,52.1,60122.67,100000,542.84,135.71,3,1,0.0,0.0,0,0,0
P10191,2024-11-01,2018-09-01,active,Term Life,PA,urban,Broker,monthly,0,52.2,60122.67,100000,542.84,90.47,3,2,0.0,0.0,0,0,0
P10191,2024-12-01,2018-09-01,active,Term Life,PA,urban,Broker,monthly,0,52.2,60122.67,100000,542.84,135.71,3,1,0.0,0.0,0,0,0
P10192,2023-01-01,2018-10-01,active,Term Life,FL,urban,Agent,monthly,0,75.2,99363.91,500000,4371.36,1092.84,0,1,0.0,0.0,0,0,0
P10192,2023-02-01,2018-10-01,active,Term Life,FL,urban,Agent,monthly,0,75.3,99363.91,500000,4371.36,1092.84,0,1,0.0,0.0,0,0,0
P10192,2023-03-01,2018-10-01,active,Term Life,FL,urban,Agent,monthly,0,75.4,99363.91,500000,4371.36,728.56,0,2,0.0,0.0,0,0,0
P10192,2023-04-01,2018-10-01,active,Term Life,FL,urban,Agent,monthly,0,75.5,99363.91,500000,4371.36,1092.84,0,1,0.0,0.0,0,0,0
P10192,2023-05-01,2018-10-01,active,Term Life,FL,urban,Agent,monthly,0,75.6,99363.91,500000,4371.36,1092.84,0,2,0.0,0.0,0,0,0
P10192,2023-06-01,2018-10-01,active,Term Life,FL,urban,Agent,monthly,0,75.7,99363.91,500000,4371.36,1092.84,0,1,0.0,0.0,0,0,0
P10192,2023-07-01,2018-10-01,active,Term Life,FL,urban,Agent,monthly,0,75.8,99363.91,500000,4371.36,1092.84,0,1,0.0,0.0,0,0,0
P10192,2023-08-01,2018-10-01,active,Term Life,FL,urban,Agent,monthly,0,75.8,99363.91,500000,4371.36,1092.84,0,2,0.0,0.0,0,0,0
P10192,2023-09-01,2018-10-01,active,Term Life,FL,urban,Agent,monthly,0,75.9,99363.91,500000,4371.36,1092.84,0,2,0.0,0.0,0,0,0
P10192,2023-10-01,2018-10-01,active,Term Life,FL,urban,Agent,monthly,0,76.0,99363.91,500000,4371.36,1092.84,0,2,0.0,0.0,0,0,0
P10192,2023-11-01,2018-10-01,active,Term Life,FL,urban,Agent,monthly,0,76.1,99363.91,500000,4371.36,1092.84,0,3,0.0,0.0,0,0,0
P10192,2023-12-01,2018-10-01,active,Term Life,FL,urban,Agent,monthly,0,76.2,99363.91,500000,4371.36,1092.84,0,2,0.0,0.0,0,0,0
P10192,2024-01-01,2018-10-01,active,Term Life,FL,urban,Agent,monthly,0,76.2,99363.91,500000,4371.36,1092.84,0,2,0.0,0.0,0,0,0
P10192,2024-02-01,2018-10-01,active,Term Life,FL,urban,Agent,monthly,0,76.3,99363.91,500000,4371.36,1092.84,0,2,0.0,0.0,0,0,0
P10192,2024-03-01,2018-10-01,active,Term Life,FL,urban,Agent,monthly,0,76.4,99363.91,500000,4371.36,1092.84,0,1,0.0,0.0,0,0,0
P10192,2024-04-01,2018-10-01,active,Term Life,FL,urban,Agent,monthly,0,76.5,99363.91,500000,4371.36,1092.84,0,2,0.0,0.0,0,0,0
P10192,2024-05-01,2018-10-01,active,Term Life,FL,urban,Agent,monthly,0,76.6,99363.91,500000,4371.36,1092.84,0,1,0.0,0.0,0,0,0
P10192,2024-06-01,2018-10-01,active,Term Life,FL,urban,Agent,monthly,0,76.7,99363.91,500000,4371.36,1092.84,0,2,0.0,0.0,0,0,0
P10192,2024-07-01,2018-10-01,active,Term Life,FL,urban,Agent,monthly,0,76.8,99363.91,500000,4371.36,1092.84,0,2,0.0,0.0,0,0,0
P10192,2024-08-01,2018-10-01,active,Term Life,FL,urban,Agent,monthly,0,76.8,99363.91,500000,4371.36,728.56,0,1,0.0,0.0,0,0,0
P10192,2024-09-01,2018-10-01,active,Term Life,FL,urban,Agent,monthly,0,76.9,99363.91,500000,4371.36,728.56,0,1,0.0,0.0,0,0,0
P10192,2024-10-01,2018-10-01,active,Term Life,FL,urban,Agent,monthly,0,77.0,99363.91,500000,4371.36,728.56,0,1,0.0,0.0,0,0,0
P10192,2024-11-01,2018-10-01,active,Term Life,FL,urban,Agent,monthly,0,77.1,99363.91,500000,4371.36,1092.84,0,2,0.0,0.0,0,0,0
P10192,2024-12-01,2018-10-01,active,Term Life,FL,urban,Agent,monthly,0,77.2,99363.91,500000,4371.36,1092.84,0,2,0.0,0.0,0,0,0
P10193,2023-01-01,2020-09-01,active,Term Life,OH,suburban,Direct,quarterly,1,40.3,88415.7,500000,1222.18,916.64,0,1,0.0,0.0,0,0,0
P10193,2023-02-01,2020-09-01,active,Term Life,OH,suburban,Direct,quarterly,1,40.4,88415.7,500000,1222.18,916.64,0,0,0.0,0.0,0,0,0
P10193,2023-03-01,2020-09-01,active,Term Life,OH,suburban,Direct,quarterly,1,40.5,88415.7,500000,1222.18,916.64,0,0,0.0,0.0,0,0,0
P10193,2023-04-01,2020-09-01,active,Term Life,OH,suburban,Direct,quarterly,1,40.6,88415.7,500000,1222.18,916.64,0,0,0.0,0.0,0,0,0
P10193,2023-05-01,2020-09-01,active,Term Life,OH,suburban,Direct,quarterly,1,40.7,88415.7,500000,1222.18,916.64,0,0,0.0,0.0,0,0,0
P10193,2023-06-01,2020-09-01,active,Term Life,OH,suburban,Direct,quarterly,1,40.8,88415.7,500000,1222.18,916.64,0,2,0.0,0.0,0,0,0
P10193,2023-07-01,2020-09-01,active,Term Life,OH,suburban,Direct,quarterly,1,40.8,88415.7,500000,1222.18,916.64,0,0,0.0,0.0,0,0,0
P10193,2023-08-01,2020-09-01,active,Term Life,OH,suburban,Direct,quarterly,1,40.9,88415.7,500000,1222.18,916.64,0,1,0.0,0.0,0,1,0
P10193,2023-09-01,2020-09-01,active,Term Life,OH,suburban,Direct,quarterly,1,41.0,88415.7,500000,1222.18,611.09,0,2,0.0,0.0,0,0,0
P10193,2023-10-01,2020-09-01,active,Term Life,OH,suburban,Direct,quarterly,1,41.1,88415.7,500000,1222.18,916.64,0,0,0.0,0.0,0,0,0
P10193,2023-11-01,2020-09-01,active,Term Life,OH,suburban,Direct,quarterly,1,41.2,88415.7,500000,1222.18,916.64,0,0,0.0,0.0,0,0,0
P10193,2023-12-01,2020-09-01,active,Term Life,OH,suburban,Direct,quarterly,1,41.2,88415.7,500000,1222.18,916.64,0,0,0.0,0.0,0,0,0
P10193,2024-01-01,2020-09-01,active,Term Life,OH,suburban,Direct,quarterly,1,41.3,88415.7,500000,1222.18,916.64,0,0,0.0,0.0,0,0,0
P10193,2024-02-01,2020-09-01,active,Term Life,OH,suburban,Direct,quarterly,1,41.4,88415.7,500000,1222.18,916.64,0,3,0.0,0.0,0,0,0
P10193,2024-03-01,2020-09-01,active,Term Life,OH,suburban,Direct,quarterly,1,41.5,88415.7,500000,1222.18,916.64,0,1,0.0,0.0,0,0,0
P10193,2024-04-01,2020-09-01,active,Term Life,OH,suburban,Direct,quarterly,1,41.6,88415.7,500000,1222.18,916.64,0,3,0.0,0.0,0,0,0
P10193,2024-05-01,2020-09-01,active,Term Life,OH,suburban,Direct,quarterly,1,41.7,88415.7,500000,1222.18,916.64,0,1,0.0,0.0,0,0,0
P10193,2024-06-01,2020-09-01,active,Term Life,OH,suburban,Direct,quarterly,1,41.8,88415.7,500000,1222.18,916.64,0,4,0.0,0.0,0,0,0
P10193,2024-07-01,2020-09-01,active,Term Life,OH,suburban,Direct,quarterly,1,41.8,88415.7,500000,1222.18,916.64,0,1,0.0,0.0,0,0,0
P10193,2024-08-01,2020-09-01,active,Term Life,OH,suburban,Direct,quarterly,1,41.9,88415.7,500000,1222.18,916.64,0,0,0.0,0.0,0,0,0
P10193,2024-09-01,2020-09-01,active,Term Life,OH,suburban,Direct,quarterly,1,42.0,88415.7,500000,1222.18,916.64,0,1,0.0,0.0,0,0,0
P10193,2024-10-01,2020-09-01,active,Term Life,OH,suburban,Direct,quarterly,1,42.1,88415.7,500000,1222.18,916.64,0,2,0.0,0.0,0,0,0
P10193,2024-11-01,2020-09-01,active,Term Life,OH,suburban,Direct,quarterly,1,42.2,88415.7,500000,1222.18,916.64,0,0,0.0,0.0,0,0,0
P10193,2024-12-01,2020-09-01,active,Term Life,OH,suburban,Direct,quarterly,1,42.2,88415.7,500000,1222.18,916.64,0,1,0.0,0.0,0,0,0
P10194,2023-01-01,2015-04-01,active,Term Life,NJ,urban,Broker,annual,1,63.8,81046.99,100000,54.53,109.05,0,2,0.0,0.0,0,0,0
P10194,2023-02-01,2015-04-01,active,Term Life,NJ,urban,Broker,annual,1,63.8,81046.99,100000,54.53,163.58,0,2,0.0,0.0,0,0,0
P10194,2023-03-01,2015-04-01,active,Term Life,NJ,urban,Broker,annual,1,63.9,81046.99,100000,54.53,163.58,0,1,0.0,0.0,0,0,0
P10194,2023-04-01,2015-04-01,active,Term Life,NJ,urban,Broker,annual,1,64.0,81046.99,100000,54.53,163.58,0,2,0.0,0.0,0,0,0
P10194,2023-05-01,2015-04-01,active,Term Life,NJ,urban,Broker,annual,1,64.1,81046.99,100000,54.53,109.05,0,1,0.0,0.0,0,0,0
P10194,2023-06-01,2015-04-01,active,Term Life,NJ,urban,Broker,annual,1,64.2,81046.99,100000,54.53,163.58,0,1,0.0,0.0,0,0,0
P10194,2023-07-01,2015-04-01,active,Term Life,NJ,urban,Broker,annual,1,64.2,81046.99,100000,54.53,163.58,1,1,0.0,0.0,0,0,0
P10194,2023-08-01,2015-04-01,active,Term Life,NJ,urban,Broker,annual,1,64.3,81046.99,100000,54.53,163.58,0,1,0.0,0.0,0,0,0
P10194,2023-09-01,2015-04-01,active,Term Life,NJ,urban,Broker,annual,1,64.4,81046.99,100000,54.53,163.58,0,2,0.0,0.0,0,0,0
P10194,2023-10-01,2015-04-01,active,Term Life,NJ,urban,Broker,annual,1,64.5,81046.99,100000,54.53,163.58,0,3,0.0,0.0,0,0,0
P10194,2023-11-01,2015-04-01,active,Term Life,NJ,urban,Broker,annual,1,64.6,81046.99,100000,54.53,163.58,0,1,0.0,0.0,0,0,0
P10194,2023-12-01,2015-04-01,active,Term Life,NJ,urban,Broker,annual,1,64.7,81046.99,100000,54.53,163.58,1,1,0.0,0.0,0,0,0
P10194,2024-01-01,2015-04-01,active,Term Life,NJ,urban,Broker,annual,1,64.8,81046.99,100000,54.53,163.58,1,1,0.0,0.0,0,0,0
P10194,2024-02-01,2015-04-01,active,Term Life,NJ,urban,Broker,annual,1,64.8,81046.99,100000,54.53,163.58,0,1,0.0,0.0,0,0,0
P10194,2024-03-01,2015-04-01,active,Term Life,NJ,urban,Broker,annual,1,64.9,81046.99,100000,54.53,109.05,1,1,0.0,0.0,0,0,0
P10194,2024-04-01,2015-04-01,active,Term Life,NJ,urban,Broker,annual,1,65.0,81046.99,100000,54.53,163.58,1,3,0.0,0.0,0,0,0
P10194,2024-05-01,2015-04-01,active,Term Life,NJ,urban,Broker,annual,1,65.1,81046.99,100000,54.53,163.58,1,3,0.0,0.0,0,0,0
P10194,2024-06-01,2015-04-01,active,Term Life,NJ,urban,Broker,annual,1,65.2,81046.99,100000,54.53,163.58,1,2,0.0,0.0,0,0,0
P10194,2024-07-01,2015-04-01,active,Term Life,NJ,urban,Broker,annual,1,65.2,81046.99,100000,54.53,163.58,1,1,0.0,0.0,1,0,0
P10194,2024-08-01,2015-04-01,active,Term Life,NJ,urban,Broker,annual,1,65.3,81046.99,100000,54.53,109.05,1,2,0.0,0.0,0,0,0
P10194,2024-09-01,2015-04-01,active,Term Life,NJ,urban,Broker,annual,1,65.4,81046.99,100000,54.53,163.58,1,3,0.0,0.0,0,0,0
P10194,2024-10-01,2015-04-01,active,Term Life,NJ,urban,Broker,annual,1,65.5,81046.99,100000,54.53,163.58,2,1,0.0,0.0,0,0,0
P10194,2024-11-01,2015-04-01,active,Term Life,NJ,urban,Broker,annual,1,65.6,81046.99,100000,54.53,163.58,2,2,0.0,0.0,0,0,0
P10194,2024-12-01,2015-04-01,active,Term Life,NJ,urban,Broker,annual,1,65.7,81046.99,100000,54.53,163.58,1,1,0.0,0.0,0,0,0
P10195,2023-01-01,2018-12-01,active,Indexed Universal Life,FL,urban,Agent,quarterly,1,48.1,11935.84,750000,965.87,724.4,0,3,1732.67,0.0,0,0,0
P10195,2023-02-01,2018-12-01,active,Indexed Universal Life,FL,urban,Agent,quarterly,1,48.2,11935.84,750000,965.87,482.94,0,4,1003.56,0.0,0,0,0
P10195,2023-03-01,2018-12-01,active,Indexed Universal Life,FL,urban,Agent,quarterly,1,48.2,11935.84,750000,965.87,724.4,0,2,1206.8,0.0,0,0,0
P10195,2023-04-01,2018-12-01,active,Indexed Universal Life,FL,urban,Agent,quarterly,1,48.3,11935.84,750000,965.87,482.94,0,2,2012.71,0.0,0,0,0
P10195,2023-05-01,2018-12-01,active,Indexed Universal Life,FL,urban,Agent,quarterly,1,48.4,11935.84,750000,965.87,724.4,0,5,1887.26,0.0,0,0,0
P10195,2023-06-01,2018-12-01,active,Indexed Universal Life,FL,urban,Agent,quarterly,1,48.5,11935.84,750000,965.87,724.4,0,2,2005.29,0.0,0,0,0
P10195,2023-07-01,2018-12-01,active,Indexed Universal Life,FL,urban,Agent,quarterly,1,48.6,11935.84,750000,965.87,724.4,1,3,1461.47,0.0,0,0,0
P10195,2023-08-01,2018-12-01,active,Indexed Universal Life,FL,urban,Agent,quarterly,1,48.7,11935.84,750000,965.87,724.4,0,3,1108.31,0.0,0,0,0
P10195,2023-09-01,2018-12-01,active,Indexed Universal Life,FL,urban,Agent,quarterly,1,48.8,11935.84,750000,965.87,724.4,0,4,2246.54,0.0,0,0,0
P10195,2023-10-01,2018-12-01,active,Indexed Universal Life,FL,urban,Agent,quarterly,1,48.8,11935.84,750000,965.87,724.4,0,4,1319.02,0.0,0,0,0
P10195,2023-11-01,2018-12-01,active,Indexed Universal Life,FL,urban,Agent,quarterly,1,48.9,11935.84,750000,965.87,724.4,0,4,1275.63,0.0,0,0,0
P10195,2023-12-01,2018-12-01,active,Indexed Universal Life,FL,urban,Agent,quarterly,1,49.0,11935.84,750000,965.87,482.94,0,3,2549.08,0.0,0,0,0
P10195,2024-01-01,2018-12-01,active,Indexed Universal Life,FL,urban,Agent,quarterly,1,49.1,11935.84,750000,965.87,724.4,0,3,1217.58,463.47,0,0,0
P10195,2024-02-01,2018-12-01,active,Indexed Universal Life,FL,urban,Agent,quarterly,1,49.2,11935.84,750000,965.87,724.4,0,3,2121.72,0.0,0,0,0
P10195,2024-03-01,2018-12-01,active,Indexed Universal Life,FL,urban,Agent,quarterly,1,49.2,11935.84,750000,965.87,482.94,0,2,2131.39,857.93,0,0,0
P10195,2024-04-01,2018-12-01,active,Indexed Universal Life,FL,urban,Agent,quarterly,1,49.3,11935.84,750000,965.87,724.4,0,2,2399.16,0.0,0,0,0
P10195,2024-05-01,2018-12-01,active,Indexed Universal Life,FL,urban,Agent,quarterly,1,49.4,11935.84,750000,965.87,724.4,0,7,1969.22,0.0,0,0,0
P10195,2024-06-01,2018-12-01,active,Indexed Universal Life,FL,urban,Agent,quarterly,1,49.5,11935.84,750000,965.87,724.4,1,3,1313.49,0.0,0,0,0
P10195,2024-07-01,2018-12-01,active,Indexed Universal Life,FL,urban,Agent,quarterly,1,49.6,11935.84,750000,965.87,724.4,1,2,1577.26,0.0,0,0,0
P10195,2024-08-01,2018-12-01,active,Indexed Universal Life,FL,urban,Agent,quarterly,1,49.7,11935.84,750000,965.87,482.94,1,3,1581.72,0.0,0,0,0
P10195,2024-09-01,2018-12-01,active,Indexed Universal Life,FL,urban,Agent,quarterly,1,49.8,11935.84,750000,965.87,724.4,1,4,1265.45,0.0,0,0,0
P10195,2024-10-01,2018-12-01,active,Indexed Universal Life,FL,urban,Agent,quarterly,1,49.8,11935.84,750000,965.87,482.94,1,3,1753.86,0.0,0,0,0
P10195,2024-11-01,2018-12-01,active,Indexed Universal Life,FL,urban,Agent,quarterly,1,49.9,11935.84,750000,965.87,482.94,1,2,2430.92,929.72,0,0,0
P10195,2024-12-01,2018-12-01,active,Indexed Universal Life,FL,urban,Agent,quarterly,1,50.0,11935.84,750000,965.87,724.4,1,4,2272.39,0.0,0,0,0
P10196,2023-01-01,2020-11-01,active,Term Life,OH,suburban,Agent,quarterly,0,67.2,93520.43,1000000,2632.2,1974.15,0,1,0.0,0.0,0,0,0
P10196,2023-02-01,2020-11-01,active,Term Life,OH,suburban,Agent,quarterly,0,67.2,93520.43,1000000,2632.2,1974.15,0,1,0.0,0.0,0,0,0
P10196,2023-03-01,2020-11-01,active,Term Life,OH,suburban,Agent,quarterly,0,67.3,93520.43,1000000,2632.2,1974.15,0,4,0.0,0.0,0,0,0
P10196,2023-04-01,2020-11-01,active,Term Life,OH,suburban,Agent,quarterly,0,67.4,93520.43,1000000,2632.2,1974.15,0,1,0.0,0.0,0,0,0
P10196,2023-05-01,2020-11-01,active,Term Life,OH,suburban,Agent,quarterly,0,67.5,93520.43,1000000,2632.2,1974.15,0,1,0.0,0.0,0,0,0
P10196,2023-06-01,2020-11-01,active,Term Life,OH,suburban,Agent,quarterly,0,67.6,93520.43,1000000,2632.2,1974.15,0,1,0.0,0.0,0,0,0
P10196,2023-07-01,2020-11-01,active,Term Life,OH,suburban,Agent,quarterly,0,67.7,93520.43,1000000,2632.2,1974.15,0,1,0.0,0.0,0,0,0
P10196,2023-08-01,2020-11-01,active,Term Life,OH,suburban,Agent,quarterly,0,67.8,93520.43,1000000,2632.2,1974.15,0,2,0.0,0.0,0,0,0
P10196,2023-09-01,2020-11-01,active,Term Life,OH,suburban,Agent,quarterly,0,67.8,93520.43,1000000,2632.2,1974.15,0,2,0.0,0.0,0,0,0
P10196,2023-10-01,2020-11-01,active,Term Life,OH,suburban,Agent,quarterly,0,67.9,93520.43,1000000,2632.2,1974.15,0,2,0.0,0.0,0,0,0
P10196,2023-11-01,2020-11-01,active,Term Life,OH,suburban,Agent,quarterly,0,68.0,93520.43,1000000,2632.2,1974.15,1,2,0.0,0.0,0,0,0
P10196,2023-12-01,2020-11-01,active,Term Life,OH,suburban,Agent,quarterly,0,68.1,93520.43,1000000,2632.2,1316.1,1,1,0.0,0.0,0,0,0
P10196,2024-01-01,2020-11-01,active,Term Life,OH,suburban,Agent,quarterly,0,68.2,93520.43,1000000,2632.2,1974.15,1,2,0.0,0.0,0,0,0
P10196,2024-02-01,2020-11-01,active,Term Life,OH,suburban,Agent,quarterly,0,68.2,93520.43,1000000,2632.2,1974.15,1,1,0.0,0.0,0,0,0
P10196,2024-03-01,2020-11-01,active,Term Life,OH,suburban,Agent,quarterly,0,68.3,93520.43,1000000,2632.2,1316.1,0,2,0.0,0.0,0,0,0
P10196,2024-04-01,2020-11-01,active,Term Life,OH,suburban,Agent,quarterly,0,68.4,93520.43,1000000,2632.2,1974.15,1,2,0.0,0.0,1,0,0
P10196,2024-05-01,2020-11-01,active,Term Life,OH,suburban,Agent,quarterly,0,68.5,93520.43,1000000,2632.2,1974.15,1,1,0.0,0.0,0,0,0
P10196,2024-06-01,2020-11-01,active,Term Life,OH,suburban,Agent,quarterly,0,68.6,93520.43,1000000,2632.2,1974.15,1,2,0.0,0.0,0,0,0
P10196,2024-07-01,2020-11-01,active,Term Life,OH,suburban,Agent,quarterly,0,68.7,93520.43,1000000,2632.2,1974.15,1,3,0.0,0.0,0,0,0
P10196,2024-08-01,2020-11-01,active,Term Life,OH,suburban,Agent,quarterly,0,68.8,93520.43,1000000,2632.2,1974.15,1,1,0.0,0.0,0,0,0
P10196,2024-09-01,2020-11-01,active,Term Life,OH,suburban,Agent,quarterly,0,68.8,93520.43,1000000,2632.2,1974.15,1,2,0.0,0.0,0,0,0
P10196,2024-10-01,2020-11-01,active,Term Life,OH,suburban,Agent,quarterly,0,68.9,93520.43,1000000,2632.2,1316.1,1,1,0.0,0.0,0,0,0
P10196,2024-11-01,2020-11-01,active,Term Life,OH,suburban,Agent,quarterly,0,69.0,93520.43,1000000,2632.2,1974.15,1,1,0.0,0.0,0,0,0
P10196,2024-12-01,2020-11-01,active,Term Life,OH,suburban,Agent,quarterly,0,69.1,93520.43,1000000,2632.2,1974.15,1,2,0.0,0.0,0,0,0
P10197,2023-01-01,2022-11-01,active,Term Life,IL,urban,Broker,monthly,0,43.2,49699.94,100000,545.17,136.29,0,2,0.0,0.0,0,0,0
P10197,2023-02-01,2022-11-01,active,Term Life,IL,urban,Broker,monthly,0,43.2,49699.94,100000,545.17,136.29,0,6,0.0,0.0,0,0,0
P10197,2023-03-01,2022-11-01,active,Term Life,IL,urban,Broker,monthly,0,43.3,49699.94,100000,545.17,136.29,0,3,0.0,0.0,0,0,0
P10197,2023-04-01,2022-11-01,active,Term Life,IL,urban,Broker,monthly,0,43.4,49699.94,100000,545.17,136.29,0,4,0.0,0.0,0,0,0
P10197,2023-05-01,2022-11-01,active,Term Life,IL,urban,Broker,monthly,0,43.5,49699.94,100000,545.17,136.29,0,4,0.0,0.0,0,0,0
P10197,2023-06-01,2022-11-01,active,Term Life,IL,urban,Broker,monthly,0,43.6,49699.94,100000,545.17,136.29,0,2,0.0,0.0,0,0,0
P10197,2023-07-01,2022-11-01,active,Term Life,IL,urban,Broker,monthly,0,43.7,49699.94,100000,545.17,136.29,0,4,0.0,0.0,0,0,0
P10197,2023-08-01,2022-11-01,active,Term Life,IL,urban,Broker,monthly,0,43.8,49699.94,100000,545.17,136.29,0,3,0.0,0.0,0,0,0
P10197,2023-09-01,2022-11-01,active,Term Life,IL,urban,Broker,monthly,0,43.8,49699.94,100000,545.17,90.86,0,2,0.0,0.0,0,0,0
P10197,2023-10-01,2022-11-01,active,Term Life,IL,urban,Broker,monthly,0,43.9,49699.94,100000,545.17,136.29,0,2,0.0,0.0,0,0,0
P10197,2023-11-01,2022-11-01,active,Term Life,IL,urban,Broker,monthly,0,44.0,49699.94,100000,545.17,136.29,0,3,0.0,0.0,0,0,0
P10197,2023-12-01,2022-11-01,active,Term Life,IL,urban,Broker,monthly,0,44.1,49699.94,100000,545.17,90.86,0,4,0.0,0.0,0,0,0
P10197,2024-01-01,2022-11-01,active,Term Life,IL,urban,Broker,monthly,0,44.2,49699.94,100000,545.17,136.29,0,2,0.0,0.0,0,0,0
P10197,2024-02-01,2022-11-01,active,Term Life,IL,urban,Broker,monthly,0,44.2,49699.94,100000,545.17,136.29,0,3,0.0,0.0,0,0,0
P10197,2024-03-01,2022-11-01,active,Term Life,IL,urban,Broker,monthly,0,44.3,49699.94,100000,545.17,136.29,1,3,0.0,0.0,0,0,0
P10197,2024-04-01,2022-11-01,active,Term Life,IL,urban,Broker,monthly,0,44.4,49699.94,100000,545.17,136.29,1,3,0.0,0.0,0,0,0
P10197,2024-05-01,2022-11-01,active,Term Life,IL,urban,Broker,monthly,0,44.5,49699.94,100000,545.17,136.29,1,3,0.0,0.0,0,0,0
P10197,2024-06-01,2022-11-01,active,Term Life,IL,urban,Broker,monthly,0,44.6,49699.94,100000,545.17,136.29,0,2,0.0,0.0,0,0,0
P10197,2024-07-01,2022-11-01,active,Term Life,IL,urban,Broker,monthly,0,44.7,49699.94,100000,545.17,136.29,0,3,0.0,0.0,0,0,0
P10197,2024-08-01,2022-11-01,active,Term Life,IL,urban,Broker,monthly,0,44.8,49699.94,100000,545.17,136.29,0,4,0.0,0.0,0,0,0
P10197,2024-09-01,2022-11-01,active,Term Life,IL,urban,Broker,monthly,0,44.8,49699.94,100000,545.17,90.86,0,2,0.0,0.0,0,0,0
P10197,2024-10-01,2022-11-01,active,Term Life,IL,urban,Broker,monthly,0,44.9,49699.94,100000,545.17,136.29,0,2,0.0,0.0,0,0,0
P10197,2024-11-01,2022-11-01,active,Term Life,IL,urban,Broker,monthly,0,45.0,49699.94,100000,545.17,136.29,0,4,0.0,0.0,0,0,0
P10197,2024-12-01,2022-11-01,active,Term Life,IL,urban,Broker,monthly,0,45.1,49699.94,100000,545.17,136.29,0,4,0.0,0.0,0,0,0
P10198,2023-01-01,2022-02-01,active,Whole Life,AZ,urban,Direct,monthly,1,69.9,117887.98,250000,1556.73,389.18,0,0,244.87,0.0,0,0,0
P10198,2023-02-01,2022-02-01,active,Whole Life,AZ,urban,Direct,monthly,1,70.0,117887.98,250000,1556.73,389.18,0,0,122.13,0.0,0,0,0
P10198,2023-03-01,2022-02-01,active,Whole Life,AZ,urban,Direct,monthly,1,70.1,117887.98,250000,1556.73,389.18,0,0,245.76,0.0,0,0,0
P10198,2023-04-01,2022-02-01,active,Whole Life,AZ,urban,Direct,monthly,1,70.2,117887.98,250000,1556.73,389.18,0,1,279.52,107.94,0,0,0
P10198,2023-05-01,2022-02-01,active,Whole Life,AZ,urban,Direct,monthly,1,70.2,117887.98,250000,1556.73,389.18,0,1,297.62,0.0,0,0,0
P10198,2023-06-01,2022-02-01,active,Whole Life,AZ,urban,Direct,monthly,1,70.3,117887.98,250000,1556.73,389.18,0,1,125.5,48.21,0,0,0
P10198,2023-07-01,2022-02-01,active,Whole Life,AZ,urban,Direct,monthly,1,70.4,117887.98,250000,1556.73,259.46,0,1,283.34,0.0,0,0,0
P10198,2023-08-01,2022-02-01,active,Whole Life,AZ,urban,Direct,monthly,1,70.5,117887.98,250000,1556.73,389.18,0,2,173.66,0.0,0,0,0
P10198,2023-09-01,2022-02-01,active,Whole Life,AZ,urban,Direct,monthly,1,70.6,117887.98,250000,1556.73,389.18,0,0,293.48,0.0,0,0,0
P10198,2023-10-01,2022-02-01,active,Whole Life,AZ,urban,Direct,monthly,1,70.7,117887.98,250000,1556.73,389.18,0,1,257.02,0.0,0,0,0
P10198,2023-11-01,2022-02-01,active,Whole Life,AZ,urban,Direct,monthly,1,70.8,117887.98,250000,1556.73,389.18,0,0,242.82,0.0,0,0,0
P10198,2023-12-01,2022-02-01,active,Whole Life,AZ,urban,Direct,monthly,1,70.8,117887.98,250000,1556.73,389.18,0,0,382.54,0.0,0,1,0
P10198,2024-01-01,2022-02-01,active,Whole Life,AZ,urban,Direct,monthly,1,70.9,117887.98,250000,1556.73,389.18,0,2,298.63,0.0,0,0,0
P10198,2024-02-01,2022-02-01,active,Whole Life,AZ,urban,Direct,monthly,1,71.0,117887.98,250000,1556.73,389.18,0,1,494.97,0.0,0,0,0
P10198,2024-03-01,2022-02-01,active,Whole Life,AZ,urban,Direct,monthly,1,71.1,117887.98,250000,1556.73,259.46,0,0,204.85,0.0,0,0,0
P10198,2024-04-01,2022-02-01,active,Whole Life,AZ,urban,Direct,monthly,1,71.2,117887.98,250000,1556.73,389.18,0,0,294.87,0.0,0,0,0
P10198,2024-05-01,2022-02-01,active,Whole Life,AZ,urban,Direct,monthly,1,71.2,117887.98,250000,1556.73,389.18,0,1,622.83,0.0,1,0,0
P10198,2024-06-01,2022-02-01,active,Whole Life,AZ,urban,Direct,monthly,1,71.3,117887.98,250000,1556.73,389.18,0,3,542.47,0.0,0,0,0
P10198,2024-07-01,2022-02-01,active,Whole Life,AZ,urban,Direct,monthly,1,71.4,117887.98,250000,1556.73,389.18,0,0,531.58,0.0,0,1,0
P10198,2024-08-01,2022-02-01,active,Whole Life,AZ,urban,Direct,monthly,1,71.5,117887.98,250000,1556.73,389.18,0,0,394.1,0.0,1,0,0
P10198,2024-09-01,2022-02-01,active,Whole Life,AZ,urban,Direct,monthly,1,71.6,117887.98,250000,1556.73,389.18,0,0,662.72,0.0,0,0,0
P10198,2024-10-01,2022-02-01,active,Whole Life,AZ,urban,Direct,monthly,1,71.7,117887.98,250000,1556.73,389.18,1,1,438.21,0.0,0,0,0
P10198,2024-11-01,2022-02-01,active,Whole Life,AZ,urban,Direct,monthly,1,71.8,117887.98,250000,1556.73,389.18,0,1,754.68,0.0,0,0,0
P10198,2024-12-01,2022-02-01,active,Whole Life,AZ,urban,Direct,monthly,1,71.8,117887.98,250000,1556.73,389.18,0,1,471.19,0.0,0,0,0
P10199,2023-01-01,2018-09-01,active,Term Life,OH,urban,Direct,quarterly,0,50.3,30462.13,1000000,1993.01,1494.75,0,4,0.0,0.0,0,0,0
P10199,2023-02-01,2018-09-01,active,Term Life,OH,urban,Direct,quarterly,0,50.4,30462.13,1000000,1993.01,996.5,0,5,0.0,0.0,0,1,0
P10199,2023-03-01,2018-09-01,active,Term Life,OH,urban,Direct,quarterly,0,50.5,30462.13,1000000,1993.01,1494.75,0,6,0.0,0.0,0,0,0
P10199,2023-04-01,2018-09-01,active,Term Life,OH,urban,Direct,quarterly,0,50.6,30462.13,1000000,1993.01,1494.75,0,4,0.0,0.0,0,0,0
P10199,2023-05-01,2018-09-01,active,Term Life,OH,urban,Direct,quarterly,0,50.7,30462.13,1000000,1993.01,1494.75,0,4,0.0,0.0,0,0,0
P10199,2023-06-01,2018-09-01,active,Term Life,OH,urban,Direct,quarterly,0,50.8,30462.13,1000000,1993.01,1494.75,0,4,0.0,0.0,0,1,0
P10199,2023-07-01,2018-09-01,active,Term Life,OH,urban,Direct,quarterly,0,50.8,30462.13,1000000,1993.01,1494.75,0,4,0.0,0.0,0,0,0
P10199,2023-08-01,2018-09-01,active,Term Life,OH,urban,Direct,quarterly,0,50.9,30462.13,1000000,1993.01,1494.75,0,6,0.0,0.0,0,0,0
P10199,2023-09-01,2018-09-01,active,Term Life,OH,urban,Direct,quarterly,0,51.0,30462.13,1000000,1993.01,1494.75,0,5,0.0,0.0,0,0,0
P10199,2023-10-01,2018-09-01,active,Term Life,OH,urban,Direct,quarterly,0,51.1,30462.13,1000000,1993.01,1494.75,0,4,0.0,0.0,0,0,0
P10199,2023-11-01,2018-09-01,active,Term Life,OH,urban,Direct,quarterly,0,51.2,30462.13,1000000,1993.01,996.5,0,5,0.0,0.0,0,0,0
P10199,2023-12-01,2018-09-01,active,Term Life,OH,urban,Direct,quarterly,0,51.2,30462.13,1000000,1993.01,1494.75,0,4,0.0,0.0,0,1,0
P10199,2024-01-01,2018-09-01,active,Term Life,OH,urban,Direct,quarterly,0,51.3,30462.13,1000000,1993.01,996.5,0,6,0.0,0.0,0,0,0
P10199,2024-02-01,2018-09-01,active,Term Life,OH,urban,Direct,quarterly,0,51.4,30462.13,1000000,1993.01,996.5,0,4,0.0,0.0,0,0,0
P10199,2024-03-01,2018-09-01,active,Term Life,OH,urban,Direct,quarterly,0,51.5,30462.13,1000000,1993.01,1494.75,0,5,0.0,0.0,0,0,0
P10199,2024-04-01,2018-09-01,active,Term Life,OH,urban,Direct,quarterly,0,51.6,30462.13,1000000,1993.01,996.5,0,4,0.0,0.0,0,0,0
P10199,2024-05-01,2018-09-01,active,Term Life,OH,urban,Direct,quarterly,0,51.7,30462.13,1000000,1993.01,996.5,0,4,0.0,0.0,0,0,0
P10199,2024-06-01,2018-09-01,active,Term Life,OH,urban,Direct,quarterly,0,51.8,30462.13,1000000,1993.01,1494.75,0,4,0.0,0.0,0,0,0
P10199,2024-07-01,2018-09-01,active,Term Life,OH,urban,Direct,quarterly,0,51.8,30462.13,1000000,1993.01,1494.75,0,5,0.0,0.0,1,0,0
P10199,2024-08-01,2018-09-01,active,Term Life,OH,urban,Direct,quarterly,0,51.9,30462.13,1000000,1993.01,1494.75,0,6,0.0,0.0,0,0,0
P10199,2024-09-01,2018-09-01,active,Term Life,OH,urban,Direct,quarterly,0,52.0,30462.13,1000000,1993.01,1494.75,0,4,0.0,0.0,0,0,0
P10199,2024-10-01,2018-09-01,active,Term Life,OH,urban,Direct,quarterly,0,52.1,30462.13,1000000,1993.01,1494.75,0,4,0.0,0.0,0,0,0
P10199,2024-11-01,2018-09-01,active,Term Life,OH,urban,Direct,quarterly,0,52.2,30462.13,1000000,1993.01,1494.75,0,4,0.0,0.0,0,1,0
P10199,2024-12-01,2018-09-01,active,Term Life,OH,urban,Direct,quarterly,0,52.2,30462.13,1000000,1993.01,1494.75,0,4,0.0,0.0,0,0,0
P10200,2023-01-01,2022-07-01,active,Term Life,CA,suburban,Agent,monthly,0,59.5,22183.77,150000,473.67,118.42,0,2,0.0,0.0,0,0,0
P10200,2023-02-01,2022-07-01,active,Term Life,CA,suburban,Agent,monthly,0,59.6,22183.77,150000,473.67,78.94,0,3,0.0,0.0,0,0,0
P10200,2023-03-01,2022-07-01,active,Term Life,CA,suburban,Agent,monthly,0,59.7,22183.77,150000,473.67,118.42,0,2,0.0,0.0,0,0,0
P10200,2023-04-01,2022-07-01,active,Term Life,CA,suburban,Agent,monthly,0,59.8,22183.77,150000,473.67,78.94,0,1,0.0,0.0,0,0,0
P10200,2023-05-01,2022-07-01,active,Term Life,CA,suburban,Agent,monthly,0,59.8,22183.77,150000,473.67,118.42,0,2,0.0,0.0,0,0,0
P10200,2023-06-01,2022-07-01,active,Term Life,CA,suburban,Agent,monthly,0,59.9,22183.77,150000,473.67,118.42,1,1,0.0,0.0,0,0,0
P10200,2023-07-01,2022-07-01,active,Term Life,CA,suburban,Agent,monthly,0,60.0,22183.77,150000,473.67,118.42,1,1,0.0,0.0,0,0,0
P10200,2023-08-01,2022-07-01,active,Term Life,CA,suburban,Agent,monthly,0,60.1,22183.77,150000,473.67,118.42,1,2,0.0,0.0,0,0,0
P10200,2023-09-01,2022-07-01,active,Term Life,CA,suburban,Agent,monthly,0,60.2,22183.77,150000,473.67,118.42,1,2,0.0,0.0,0,0,0
P10200,2023-10-01,2022-07-01,active,Term Life,CA,suburban,Agent,monthly,0,60.2,22183.77,150000,473.67,118.42,1,2,0.0,0.0,0,0,0
P10200,2023-11-01,2022-07-01,active,Term Life,CA,suburban,Agent,monthly,0,60.3,22183.77,150000,473.67,118.42,1,1,0.0,0.0,0,0,0
P10200,2023-12-01,2022-07-01,active,Term Life,CA,suburban,Agent,monthly,0,60.4,22183.77,150000,473.67,118.42,1,1,0.0,0.0,0,0,0
P10200,2024-01-01,2022-07-01,active,Term Life,CA,suburban,Agent,monthly,0,60.5,22183.77,150000,473.67,118.42,1,2,0.0,0.0,0,0,0
P10200,2024-02-01,2022-07-01,active,Term Life,CA,suburban,Agent,monthly,0,60.6,22183.77,150000,473.67,78.94,0,3,0.0,0.0,0,0,0
P10200,2024-03-01,2022-07-01,active,Term Life,CA,suburban,Agent,monthly,0,60.7,22183.77,150000,473.67,78.94,0,3,0.0,0.0,0,0,0
P10200,2024-04-01,2022-07-01,active,Term Life,CA,suburban,Agent,monthly,0,60.8,22183.77,150000,473.67,118.42,0,1,0.0,0.0,0,0,0
P10200,2024-05-01,2022-07-01,active,Term Life,CA,suburban,Agent,monthly,0,60.8,22183.77,150000,473.67,118.42,0,1,0.0,0.0,0,0,0
P10200,2024-06-01,2022-07-01,active,Term Life,CA,suburban,Agent,monthly,0,60.9,22183.77,150000,473.67,118.42,0,3,0.0,0.0,0,0,0
P10200,2024-07-01,2022-07-01,active,Term Life,CA,suburban,Agent,monthly,0,61.0,22183.77,150000,473.67,78.94,0,1,0.0,0.0,0,0,0
P10200,2024-08-01,2022-07-01,active,Term Life,CA,suburban,Agent,monthly,0,61.1,22183.77,150000,473.67,118.42,0,2,0.0,0.0,0,0,0
P10200,2024-09-01,2022-07-01,active,Term Life,CA,suburban,Agent,monthly,0,61.2,22183.77,150000,473.67,118.42,0,2,0.0,0.0,0,0,0
P10200,2024-10-01,2022-07-01,active,Term Life,CA,suburban,Agent,monthly,0,61.2,22183.77,150000,473.67,118.42,0,1,0.0,0.0,0,0,0
P10200,2024-11-01,2022-07-01,active,Term Life,CA,suburban,Agent,monthly,0,61.3,22183.77,150000,473.67,118.42,0,1,0.0,0.0,0,0,0
P10200,2024-12-01,2022-07-01,active,Term Life,CA,suburban,Agent,monthly,0,61.4,22183.77,150000,473.67,118.42,0,1,0.0,0.0,0,0,0
P10201,2023-01-01,2021-01-01,active,Term Life,TX,urban,Agent,quarterly,0,30.0,59947.89,500000,736.56,552.42,0,1,0.0,0.0,0,0,0
P10201,2023-02-01,2021-01-01,active,Term Life,TX,urban,Agent,quarterly,0,30.1,59947.89,500000,736.56,368.28,1,3,0.0,0.0,0,0,0
P10201,2023-03-01,2021-01-01,active,Term Life,TX,urban,Agent,quarterly,0,30.2,59947.89,500000,736.56,552.42,1,1,0.0,0.0,0,0,0
P10201,2023-04-01,2021-01-01,active,Term Life,TX,urban,Agent,quarterly,0,30.2,59947.89,500000,736.56,368.28,1,2,0.0,0.0,0,0,0
P10201,2023-05-01,2021-01-01,active,Term Life,TX,urban,Agent,quarterly,0,30.3,59947.89,500000,736.56,552.42,2,1,0.0,0.0,0,0,0
P10201,2023-06-01,2021-01-01,active,Term Life,TX,urban,Agent,quarterly,0,30.4,59947.89,500000,736.56,552.42,2,2,0.0,0.0,0,0,0
P10201,2023-07-01,2021-01-01,active,Term Life,TX,urban,Agent,quarterly,0,30.5,59947.89,500000,736.56,552.42,3,1,0.0,0.0,0,0,0
P10201,2023-08-01,2021-01-01,active,Term Life,TX,urban,Agent,quarterly,0,30.6,59947.89,500000,736.56,552.42,3,2,0.0,0.0,0,0,0
P10201,2023-09-01,2021-01-01,active,Term Life,TX,urban,Agent,quarterly,0,30.7,59947.89,500000,736.56,552.42,3,3,0.0,0.0,0,0,0
P10201,2023-10-01,2021-01-01,active,Term Life,TX,urban,Agent,quarterly,0,30.8,59947.89,500000,736.56,552.42,3,1,0.0,0.0,0,0,0
P10201,2023-11-01,2021-01-01,active,Term Life,TX,urban,Agent,quarterly,0,30.8,59947.89,500000,736.56,552.42,3,3,0.0,0.0,0,0,0
P10201,2023-12-01,2021-01-01,active,Term Life,TX,urban,Agent,quarterly,0,30.9,59947.89,500000,736.56,552.42,3,4,0.0,0.0,0,0,0
P10201,2024-01-01,2021-01-01,active,Term Life,TX,urban,Agent,quarterly,0,31.0,59947.89,500000,736.56,552.42,4,1,0.0,0.0,0,0,0
P10201,2024-02-01,2021-01-01,active,Term Life,TX,urban,Agent,quarterly,0,31.1,59947.89,500000,736.56,552.42,4,2,0.0,0.0,0,0,0
P10201,2024-03-01,2021-01-01,active,Term Life,TX,urban,Agent,quarterly,0,31.2,59947.89,500000,736.56,552.42,4,1,0.0,0.0,0,0,0
P10201,2024-04-01,2021-01-01,active,Term Life,TX,urban,Agent,quarterly,0,31.2,59947.89,500000,736.56,368.28,4,2,0.0,0.0,0,0,0
P10201,2024-05-01,2021-01-01,active,Term Life,TX,urban,Agent,quarterly,0,31.3,59947.89,500000,736.56,552.42,4,1,0.0,0.0,0,0,0
P10201,2024-06-01,2021-01-01,active,Term Life,TX,urban,Agent,quarterly,0,31.4,59947.89,500000,736.56,368.28,5,1,0.0,0.0,0,0,0
P10201,2024-07-01,2021-01-01,active,Term Life,TX,urban,Agent,quarterly,0,31.5,59947.89,500000,736.56,552.42,5,2,0.0,0.0,0,0,0
P10201,2024-08-01,2021-01-01,active,Term Life,TX,urban,Agent,quarterly,0,31.6,59947.89,500000,736.56,552.42,4,1,0.0,0.0,0,0,0
P10201,2024-09-01,2021-01-01,active,Term Life,TX,urban,Agent,quarterly,0,31.7,59947.89,500000,736.56,368.28,4,1,0.0,0.0,0,0,0
P10201,2024-10-01,2021-01-01,active,Term Life,TX,urban,Agent,quarterly,0,31.8,59947.89,500000,736.56,368.28,5,2,0.0,0.0,0,0,0
P10201,2024-11-01,2021-01-01,active,Term Life,TX,urban,Agent,quarterly,0,31.8,59947.89,500000,736.56,552.42,5,2,0.0,0.0,0,0,0
P10201,2024-12-01,2021-01-01,active,Term Life,TX,urban,Agent,quarterly,0,31.9,59947.89,500000,736.56,552.42,6,1,0.0,0.0,0,0,0
P10202,2023-01-01,2014-03-01,active,Universal Life,TX,urban,Agent,monthly,0,58.8,104333.01,500000,1370.95,342.74,1,3,729.25,0.0,0,0,0
P10202,2023-02-01,2014-03-01,active,Universal Life,TX,urban,Agent,monthly,0,58.9,104333.01,500000,1370.95,342.74,0,3,1173.03,0.0,0,0,0
P10202,2023-03-01,2014-03-01,active,Universal Life,TX,urban,Agent,monthly,0,59.0,104333.01,500000,1370.95,342.74,0,5,1806.41,0.0,0,0,0
P10202,2023-04-01,2014-03-01,active,Universal Life,TX,urban,Agent,monthly,0,59.1,104333.01,500000,1370.95,342.74,0,3,1379.01,0.0,0,0,0
P10202,2023-05-01,2014-03-01,active,Universal Life,TX,urban,Agent,monthly,0,59.2,104333.01,500000,1370.95,228.49,1,3,976.41,0.0,0,0,0
P10202,2023-06-01,2014-03-01,active,Universal Life,TX,urban,Agent,monthly,0,59.2,104333.01,500000,1370.95,342.74,1,3,962.0,0.0,0,0,0
P10202,2023-07-01,2014-03-01,active,Universal Life,TX,urban,Agent,monthly,0,59.3,104333.01,500000,1370.95,342.74,1,5,2197.39,0.0,0,0,0
P10202,2023-08-01,2014-03-01,active,Universal Life,TX,urban,Agent,monthly,0,59.4,104333.01,500000,1370.95,342.74,1,3,819.25,0.0,0,0,0
P10202,2023-09-01,2014-03-01,active,Universal Life,TX,urban,Agent,monthly,0,59.5,104333.01,500000,1370.95,228.49,0,4,2168.24,0.0,0,0,0
P10202,2023-10-01,2014-03-01,active,Universal Life,TX,urban,Agent,monthly,0,59.6,104333.01,500000,1370.95,342.74,1,6,1984.58,0.0,0,0,0
P10202,2023-11-01,2014-03-01,active,Universal Life,TX,urban,Agent,monthly,0,59.7,104333.01,500000,1370.95,342.74,1,4,1152.6,0.0,0,0,0
P10202,2023-12-01,2014-03-01,active,Universal Life,TX,urban,Agent,monthly,0,59.8,104333.01,500000,1370.95,342.74,2,3,887.61,0.0,1,0,0
P10202,2024-01-01,2014-03-01,active,Universal Life,TX,urban,Agent,monthly,0,59.8,104333.01,500000,1370.95,342.74,3,3,1272.72,0.0,0,0,0
P10202,2024-02-01,2014-03-01,active,Universal Life,TX,urban,Agent,monthly,0,59.9,104333.01,500000,1370.95,342.74,2,3,1062.66,0.0,0,0,0
P10202,2024-03-01,2014-03-01,active,Universal Life,TX,urban,Agent,monthly,0,60.0,104333.01,500000,1370.95,342.74,2,3,2316.75,0.0,0,0,0
P10202,2024-04-01,2014-03-01,active,Universal Life,TX,urban,Agent,monthly,0,60.1,104333.01,500000,1370.95,342.74,2,3,1317.31,0.0,0,0,0
P10202,2024-05-01,2014-03-01,active,Universal Life,TX,urban,Agent,monthly,0,60.2,104333.01,500000,1370.95,342.74,3,4,1951.68,0.0,0,0,0
P10202,2024-06-01,2014-03-01,active,Universal Life,TX,urban,Agent,monthly,0,60.2,104333.01,500000,1370.95,342.74,3,3,1186.5,0.0,0,0,0
P10202,2024-07-01,2014-03-01,active,Universal Life,TX,urban,Agent,monthly,0,60.3,104333.01,500000,1370.95,342.74,3,3,1957.99,676.29,0,0,0
P10202,2024-08-01,2014-03-01,active,Universal Life,TX,urban,Agent,monthly,0,60.4,104333.01,500000,1370.95,342.74,4,3,1488.25,0.0,0,0,0
P10202,2024-09-01,2014-03-01,active,Universal Life,TX,urban,Agent,monthly,0,60.5,104333.01,500000,1370.95,342.74,4,4,1759.51,0.0,0,0,0
P10202,2024-10-01,2014-03-01,active,Universal Life,TX,urban,Agent,monthly,0,60.6,104333.01,500000,1370.95,228.49,4,3,2210.87,0.0,0,0,0
P10202,2024-11-01,2014-03-01,active,Universal Life,TX,urban,Agent,monthly,0,60.7,104333.01,500000,1370.95,342.74,3,4,1282.4,0.0,0,0,0
P10202,2024-12-01,2014-03-01,active,Universal Life,TX,urban,Agent,monthly,0,60.8,104333.01,500000,1370.95,342.74,3,4,1267.66,356.81,0,0,0
P10203,2023-01-01,2014-06-01,active,Term Life,FL,rural,Agent,monthly,1,42.6,33648.72,1000000,6765.01,1127.5,0,1,0.0,0.0,0,0,0
P10203,2023-02-01,2014-06-01,active,Term Life,FL,rural,Agent,monthly,1,42.7,33648.72,1000000,6765.01,1691.25,0,3,0.0,0.0,0,0,0
P10203,2023-03-01,2014-06-01,active,Term Life,FL,rural,Agent,monthly,1,42.8,33648.72,1000000,6765.01,1127.5,0,2,0.0,0.0,0,0,0
P10203,2023-04-01,2014-06-01,active,Term Life,FL,rural,Agent,monthly,1,42.8,33648.72,1000000,6765.01,1691.25,0,1,0.0,0.0,0,0,0
P10203,2023-05-01,2014-06-01,active,Term Life,FL,rural,Agent,monthly,1,42.9,33648.72,1000000,6765.01,1691.25,0,1,0.0,0.0,0,0,0
P10203,2023-06-01,2014-06-01,active,Term Life,FL,rural,Agent,monthly,1,43.0,33648.72,1000000,6765.01,1691.25,0,2,0.0,0.0,0,0,0
P10203,2023-07-01,2014-06-01,active,Term Life,FL,rural,Agent,monthly,1,43.1,33648.72,1000000,6765.01,1691.25,0,3,0.0,0.0,0,0,0
P10203,2023-08-01,2014-06-01,active,Term Life,FL,rural,Agent,monthly,1,43.2,33648.72,1000000,6765.01,1691.25,0,2,0.0,0.0,0,0,0
P10203,2023-09-01,2014-06-01,active,Term Life,FL,rural,Agent,monthly,1,43.2,33648.72,1000000,6765.01,1691.25,0,1,0.0,0.0,0,0,0
P10203,2023-10-01,2014-06-01,active,Term Life,FL,rural,Agent,monthly,1,43.3,33648.72,1000000,6765.01,1691.25,0,1,0.0,0.0,0,0,0
P10203,2023-11-01,2014-06-01,active,Term Life,FL,rural,Agent,monthly,1,43.4,33648.72,1000000,6765.01,1691.25,0,2,0.0,0.0,1,0,0
P10203,2023-12-01,2014-06-01,active,Term Life,FL,rural,Agent,monthly,1,43.5,33648.72,1000000,6765.01,1691.25,0,3,0.0,0.0,0,1,0
P10203,2024-01-01,2014-06-01,active,Term Life,FL,rural,Agent,monthly,1,43.6,33648.72,1000000,6765.01,1691.25,0,1,0.0,0.0,0,0,0
P10203,2024-02-01,2014-06-01,active,Term Life,FL,rural,Agent,monthly,1,43.7,33648.72,1000000,6765.01,1127.5,0,2,0.0,0.0,0,0,0
P10203,2024-03-01,2014-06-01,active,Term Life,FL,rural,Agent,monthly,1,43.8,33648.72,1000000,6765.01,1691.25,1,1,0.0,0.0,0,0,0
P10203,2024-04-01,2014-06-01,active,Term Life,FL,rural,Agent,monthly,1,43.8,33648.72,1000000,6765.01,1691.25,2,2,0.0,0.0,1,0,0
P10203,2024-05-01,2014-06-01,active,Term Life,FL,rural,Agent,monthly,1,43.9,33648.72,1000000,6765.01,1691.25,1,1,0.0,0.0,0,0,0
P10203,2024-06-01,2014-06-01,active,Term Life,FL,rural,Agent,monthly,1,44.0,33648.72,1000000,6765.01,1691.25,2,1,0.0,0.0,0,0,0
P10203,2024-07-01,2014-06-01,active,Term Life,FL,rural,Agent,monthly,1,44.1,33648.72,1000000,6765.01,1691.25,2,3,0.0,0.0,0,0,0
P10203,2024-08-01,2014-06-01,active,Term Life,FL,rural,Agent,monthly,1,44.2,33648.72,1000000,6765.01,1691.25,2,1,0.0,0.0,0,0,0
P10203,2024-09-01,2014-06-01,active,Term Life,FL,rural,Agent,monthly,1,44.2,33648.72,1000000,6765.01,1691.25,2,1,0.0,0.0,0,0,0
P10203,2024-10-01,2014-06-01,active,Term Life,FL,rural,Agent,monthly,1,44.3,33648.72,1000000,6765.01,1691.25,2,2,0.0,0.0,0,0,0
P10203,2024-11-01,2014-06-01,active,Term Life,FL,rural,Agent,monthly,1,44.4,33648.72,1000000,6765.01,1691.25,3,1,0.0,0.0,0,0,0
P10203,2024-12-01,2014-06-01,active,Term Life,FL,rural,Agent,monthly,1,44.5,33648.72,1000000,6765.01,1691.25,3,1,0.0,0.0,0,0,0
P10204,2023-01-01,2021-10-01,active,Whole Life,TX,suburban,Direct,quarterly,1,53.2,266473.95,750000,1253.13,939.85,0,2,394.37,0.0,0,0,0
P10204,2023-02-01,2021-10-01,active,Whole Life,TX,suburban,Direct,quarterly,1,53.3,266473.95,750000,1253.13,939.85,0,3,457.88,0.0,0,0,0
P10204,2023-03-01,2021-10-01,active,Whole Life,TX,suburban,Direct,quarterly,1,53.4,266473.95,750000,1253.13,939.85,0,4,337.58,0.0,0,0,0
P10204,2023-04-01,2021-10-01,active,Whole Life,TX,suburban,Direct,quarterly,1,53.5,266473.95,750000,1253.13,939.85,0,2,613.1,0.0,0,0,0
P10204,2023-05-01,2021-10-01,active,Whole Life,TX,suburban,Direct,quarterly,1,53.6,266473.95,750000,1253.13,626.57,0,2,961.82,0.0,0,0,0
P10204,2023-06-01,2021-10-01,active,Whole Life,TX,suburban,Direct,quarterly,1,53.7,266473.95,750000,1253.13,939.85,0,2,619.4,0.0,0,0,0
P10204,2023-07-01,2021-10-01,active,Whole Life,TX,suburban,Direct,quarterly,1,53.8,266473.95,750000,1253.13,939.85,0,3,850.84,0.0,0,0,0
P10204,2023-08-01,2021-10-01,active,Whole Life,TX,suburban,Direct,quarterly,1,53.8,266473.95,750000,1253.13,626.57,0,3,1210.39,0.0,0,0,0
P10204,2023-09-01,2021-10-01,active,Whole Life,TX,suburban,Direct,quarterly,1,53.9,266473.95,750000,1253.13,939.85,0,4,986.53,0.0,0,0,0
P10204,2023-10-01,2021-10-01,active,Whole Life,TX,suburban,Direct,quarterly,1,54.0,266473.95,750000,1253.13,939.85,0,2,540.11,290.33,0,0,0
P10204,2023-11-01,2021-10-01,active,Whole Life,TX,suburban,Direct,quarterly,1,54.1,266473.95,750000,1253.13,939.85,0,2,1072.84,0.0,0,0,0
P10204,2023-12-01,2021-10-01,active,Whole Life,TX,suburban,Direct,quarterly,1,54.2,266473.95,750000,1253.13,626.57,0,3,689.85,0.0,0,0,0
P10204,2024-01-01,2021-10-01,active,Whole Life,TX,suburban,Direct,quarterly,1,54.2,266473.95,750000,1253.13,939.85,0,3,1382.22,0.0,0,0,0
P10204,2024-02-01,2021-10-01,active,Whole Life,TX,suburban,Direct,quarterly,1,54.3,266473.95,750000,1253.13,939.85,0,2,1441.5,0.0,0,0,0
P10204,2024-03-01,2021-10-01,active,Whole Life,TX,suburban,Direct,quarterly,1,54.4,266473.95,750000,1253.13,939.85,0,2,943.98,99.93,0,0,0
P10204,2024-04-01,2021-10-01,active,Whole Life,TX,suburban,Direct,quarterly,1,54.5,266473.95,750000,1253.13,939.85,0,2,1013.42,473.79,0,0,0
P10204,2024-05-01,2021-10-01,active,Whole Life,TX,suburban,Direct,quarterly,1,54.6,266473.95,750000,1253.13,939.85,0,4,962.91,0.0,0,0,0
P10204,2024-06-01,2021-10-01,active,Whole Life,TX,suburban,Direct,quarterly,1,54.7,266473.95,750000,1253.13,939.85,0,4,1490.11,0.0,0,0,0
P10204,2024-07-01,2021-10-01,active,Whole Life,TX,suburban,Direct,quarterly,1,54.8,266473.95,750000,1253.13,626.57,0,3,1097.73,0.0,0,0,0
P10204,2024-08-01,2021-10-01,active,Whole Life,TX,suburban,Direct,quarterly,1,54.8,266473.95,750000,1253.13,939.85,1,3,1204.24,0.0,1,0,0
P10204,2024-09-01,2021-10-01,active,Whole Life,TX,suburban,Direct,quarterly,1,54.9,266473.95,750000,1253.13,939.85,0,4,1197.03,0.0,0,0,0
P10204,2024-10-01,2021-10-01,active,Whole Life,TX,suburban,Direct,quarterly,1,55.0,266473.95,750000,1253.13,939.85,0,2,1547.05,637.84,0,0,0
P10204,2024-11-01,2021-10-01,active,Whole Life,TX,suburban,Direct,quarterly,1,55.1,266473.95,750000,1253.13,939.85,0,4,2058.38,0.0,0,0,0
P10204,2024-12-01,2021-10-01,active,Whole Life,TX,suburban,Direct,quarterly,1,55.2,266473.95,750000,1253.13,939.85,0,2,1435.36,0.0,0,0,0
P10205,2023-01-01,2019-08-01,active,Term Life,IL,suburban,Bank,quarterly,0,76.4,49805.58,150000,194.42,145.82,1,3,0.0,0.0,0,0,0
P10205,2023-02-01,2019-08-01,active,Term Life,IL,suburban,Bank,quarterly,0,76.5,49805.58,150000,194.42,145.82,1,2,0.0,0.0,0,0,0
P10205,2023-03-01,2019-08-01,active,Term Life,IL,suburban,Bank,quarterly,0,76.6,49805.58,150000,194.42,145.82,1,3,0.0,0.0,0,0,0
P10205,2023-04-01,2019-08-01,active,Term Life,IL,suburban,Bank,quarterly,0,76.7,49805.58,150000,194.42,97.21,1,2,0.0,0.0,0,0,0
P10205,2023-05-01,2019-08-01,active,Term Life,IL,suburban,Bank,quarterly,0,76.8,49805.58,150000,194.42,97.21,1,2,0.0,0.0,0,0,0
P10205,2023-06-01,2019-08-01,active,Term Life,IL,suburban,Bank,quarterly,0,76.8,49805.58,150000,194.42,145.82,0,2,0.0,0.0,0,0,0
P10205,2023-07-01,2019-08-01,active,Term Life,IL,suburban,Bank,quarterly,0,76.9,49805.58,150000,194.42,145.82,0,3,0.0,0.0,0,0,0
P10205,2023-08-01,2019-08-01,active,Term Life,IL,suburban,Bank,quarterly,0,77.0,49805.58,150000,194.42,145.82,0,3,0.0,0.0,0,0,0
P10205,2023-09-01,2019-08-01,active,Term Life,IL,suburban,Bank,quarterly,0,77.1,49805.58,150000,194.42,97.21,0,2,0.0,0.0,0,0,0
P10205,2023-10-01,2019-08-01,active,Term Life,IL,suburban,Bank,quarterly,0,77.2,49805.58,150000,194.42,145.82,0,3,0.0,0.0,0,0,0
P10205,2023-11-01,2019-08-01,active,Term Life,IL,suburban,Bank,quarterly,0,77.2,49805.58,150000,194.42,145.82,0,3,0.0,0.0,0,0,0
P10205,2023-12-01,2019-08-01,active,Term Life,IL,suburban,Bank,quarterly,0,77.3,49805.58,150000,194.42,145.82,1,3,0.0,0.0,0,0,0
P10205,2024-01-01,2019-08-01,active,Term Life,IL,suburban,Bank,quarterly,0,77.4,49805.58,150000,194.42,145.82,1,3,0.0,0.0,0,0,0
P10205,2024-02-01,2019-08-01,active,Term Life,IL,suburban,Bank,quarterly,0,77.5,49805.58,150000,194.42,145.82,1,3,0.0,0.0,0,0,0
P10205,2024-03-01,2019-08-01,active,Term Life,IL,suburban,Bank,quarterly,0,77.6,49805.58,150000,194.42,145.82,1,2,0.0,0.0,0,0,0
P10205,2024-04-01,2019-08-01,active,Term Life,IL,suburban,Bank,quarterly,0,77.7,49805.58,150000,194.42,145.82,1,2,0.0,0.0,0,0,0
P10205,2024-05-01,2019-08-01,active,Term Life,IL,suburban,Bank,quarterly,0,77.8,49805.58,150000,194.42,145.82,1,3,0.0,0.0,0,0,0
P10205,2024-06-01,2019-08-01,active,Term Life,IL,suburban,Bank,quarterly,0,77.8,49805.58,150000,194.42,145.82,0,2,0.0,0.0,1,0,0
P10205,2024-07-01,2019-08-01,active,Term Life,IL,suburban,Bank,quarterly,0,77.9,49805.58,150000,194.42,97.21,0,3,0.0,0.0,0,1,0
P10205,2024-08-01,2019-08-01,active,Term Life,IL,suburban,Bank,quarterly,0,78.0,49805.58,150000,194.42,145.82,0,4,0.0,0.0,0,0,0
P10205,2024-09-01,2019-08-01,active,Term Life,IL,suburban,Bank,quarterly,0,78.1,49805.58,150000,194.42,145.82,0,2,0.0,0.0,0,0,0
P10205,2024-10-01,2019-08-01,active,Term Life,IL,suburban,Bank,quarterly,0,78.2,49805.58,150000,194.42,145.82,0,2,0.0,0.0,0,0,0
P10205,2024-11-01,2019-08-01,active,Term Life,IL,suburban,Bank,quarterly,0,78.2,49805.58,150000,194.42,97.21,0,3,0.0,0.0,0,0,0
P10205,2024-12-01,2019-08-01,active,Term Life,IL,suburban,Bank,quarterly,0,78.3,49805.58,150000,194.42,145.82,0,2,0.0,0.0,0,0,0
P10206,2023-01-01,2021-12-01,active,Term Life,AZ,rural,Agent,monthly,1,68.1,50550.68,500000,4901.09,816.85,1,3,0.0,0.0,0,0,0
P10206,2023-02-01,2021-12-01,active,Term Life,AZ,rural,Agent,monthly,1,68.2,50550.68,500000,4901.09,1225.27,1,3,0.0,0.0,0,0,0
P10206,2023-03-01,2021-12-01,active,Term Life,AZ,rural,Agent,monthly,1,68.2,50550.68,500000,4901.09,1225.27,2,1,0.0,0.0,0,0,0
P10206,2023-04-01,2021-12-01,active,Term Life,AZ,rural,Agent,monthly,1,68.3,50550.68,500000,4901.09,1225.27,2,1,0.0,0.0,0,0,0
P10206,2023-05-01,2021-12-01,active,Term Life,AZ,rural,Agent,monthly,1,68.4,50550.68,500000,4901.09,1225.27,2,1,0.0,0.0,0,0,0
P10206,2023-06-01,2021-12-01,active,Term Life,AZ,rural,Agent,monthly,1,68.5,50550.68,500000,4901.09,816.85,2,4,0.0,0.0,0,0,0
P10206,2023-07-01,2021-12-01,active,Term Life,AZ,rural,Agent,monthly,1,68.6,50550.68,500000,4901.09,1225.27,2,2,0.0,0.0,0,0,0
P10206,2023-08-01,2021-12-01,active,Term Life,AZ,rural,Agent,monthly,1,68.7,50550.68,500000,4901.09,1225.27,2,2,0.0,0.0,0,0,0
P10206,2023-09-01,2021-12-01,active,Term Life,AZ,rural,Agent,monthly,1,68.8,50550.68,500000,4901.09,1225.27,2,2,0.0,0.0,0,0,0
P10206,2023-10-01,2021-12-01,active,Term Life,AZ,rural,Agent,monthly,1,68.8,50550.68,500000,4901.09,1225.27,2,1,0.0,0.0,0,1,0
P10206,2023-11-01,2021-12-01,active,Term Life,AZ,rural,Agent,monthly,1,68.9,50550.68,500000,4901.09,816.85,2,1,0.0,0.0,0,0,0
P10206,2023-12-01,2021-12-01,active,Term Life,AZ,rural,Agent,monthly,1,69.0,50550.68,500000,4901.09,1225.27,2,1,0.0,0.0,1,0,0
P10206,2024-01-01,2021-12-01,active,Term Life,AZ,rural,Agent,monthly,1,69.1,50550.68,500000,4901.09,1225.27,2,2,0.0,0.0,0,0,0
P10206,2024-02-01,2021-12-01,active,Term Life,AZ,rural,Agent,monthly,1,69.2,50550.68,500000,4901.09,1225.27,2,1,0.0,0.0,0,0,0
P10206,2024-03-01,2021-12-01,active,Term Life,AZ,rural,Agent,monthly,1,69.2,50550.68,500000,4901.09,1225.27,1,2,0.0,0.0,0,0,0
P10206,2024-04-01,2021-12-01,active,Term Life,AZ,rural,Agent,monthly,1,69.3,50550.68,500000,4901.09,1225.27,1,3,0.0,0.0,0,0,0
P10206,2024-05-01,2021-12-01,active,Term Life,AZ,rural,Agent,monthly,1,69.4,50550.68,500000,4901.09,1225.27,0,2,0.0,0.0,0,0,0
P10206,2024-06-01,2021-12-01,active,Term Life,AZ,rural,Agent,monthly,1,69.5,50550.68,500000,4901.09,1225.27,1,1,0.0,0.0,0,0,0
P10206,2024-07-01,2021-12-01,active,Term Life,AZ,rural,Agent,monthly,1,69.6,50550.68,500000,4901.09,1225.27,2,2,0.0,0.0,0,0,0
P10206,2024-08-01,2021-12-01,active,Term Life,AZ,rural,Agent,monthly,1,69.7,50550.68,500000,4901.09,1225.27,2,3,0.0,0.0,0,1,0
P10206,2024-09-01,2021-12-01,active,Term Life,AZ,rural,Agent,monthly,1,69.8,50550.68,500000,4901.09,1225.27,3,1,0.0,0.0,0,0,0
P10206,2024-10-01,2021-12-01,active,Term Life,AZ,rural,Agent,monthly,1,69.8,50550.68,500000,4901.09,816.85,3,4,0.0,0.0,0,1,0
P10206,2024-11-01,2021-12-01,active,Term Life,AZ,rural,Agent,monthly,1,69.9,50550.68,500000,4901.09,1225.27,2,2,0.0,0.0,0,0,0
P10206,2024-12-01,2021-12-01,active,Term Life,AZ,rural,Agent,monthly,1,70.0,50550.68,500000,4901.09,1225.27,1,3,0.0,0.0,0,0,0
P10207,2023-01-01,2016-04-01,active,Term Life,NY,urban,Broker,monthly,1,36.8,20944.28,250000,924.89,231.22,0,1,0.0,0.0,0,0,0
P10207,2023-02-01,2016-04-01,active,Term Life,NY,urban,Broker,monthly,1,36.8,20944.28,250000,924.89,231.22,0,3,0.0,0.0,0,0,0
P10207,2023-03-01,2016-04-01,active,Term Life,NY,urban,Broker,monthly,1,36.9,20944.28,250000,924.89,231.22,0,4,0.0,0.0,0,0,0
P10207,2023-04-01,2016-04-01,active,Term Life,NY,urban,Broker,monthly,1,37.0,20944.28,250000,924.89,231.22,0,1,0.0,0.0,0,0,0
P10207,2023-05-01,2016-04-01,active,Term Life,NY,urban,Broker,monthly,1,37.1,20944.28,250000,924.89,231.22,0,1,0.0,0.0,0,0,0
P10207,2023-06-01,2016-04-01,active,Term Life,NY,urban,Broker,monthly,1,37.2,20944.28,250000,924.89,231.22,0,2,0.0,0.0,0,0,0
P10207,2023-07-01,2016-04-01,active,Term Life,NY,urban,Broker,monthly,1,37.2,20944.28,250000,924.89,231.22,0,0,0.0,0.0,0,0,0
P10207,2023-08-01,2016-04-01,active,Term Life,NY,urban,Broker,monthly,1,37.3,20944.28,250000,924.89,154.15,0,0,0.0,0.0,0,1,0
P10207,2023-09-01,2016-04-01,active,Term Life,NY,urban,Broker,monthly,1,37.4,20944.28,250000,924.89,231.22,0,1,0.0,0.0,0,0,0
P10207,2023-10-01,2016-04-01,active,Term Life,NY,urban,Broker,monthly,1,37.5,20944.28,250000,924.89,231.22,0,0,0.0,0.0,0,0,0
P10207,2023-11-01,2016-04-01,active,Term Life,NY,urban,Broker,monthly,1,37.6,20944.28,250000,924.89,231.22,0,1,0.0,0.0,0,0,0
P10207,2023-12-01,2016-04-01,active,Term Life,NY,urban,Broker,monthly,1,37.7,20944.28,250000,924.89,231.22,0,0,0.0,0.0,0,0,0
P10207,2024-01-01,2016-04-01,active,Term Life,NY,urban,Broker,monthly,1,37.8,20944.28,250000,924.89,231.22,0,0,0.0,0.0,0,0,0
P10207,2024-02-01,2016-04-01,active,Term Life,NY,urban,Broker,monthly,1,37.8,20944.28,250000,924.89,231.22,0,0,0.0,0.0,0,0,0
P10207,2024-03-01,2016-04-01,active,Term Life,NY,urban,Broker,monthly,1,37.9,20944.28,250000,924.89,231.22,0,1,0.0,0.0,0,0,0
P10207,2024-04-01,2016-04-01,active,Term Life,NY,urban,Broker,monthly,1,38.0,20944.28,250000,924.89,231.22,0,0,0.0,0.0,0,0,0
P10207,2024-05-01,2016-04-01,active,Term Life,NY,urban,Broker,monthly,1,38.1,20944.28,250000,924.89,231.22,0,1,0.0,0.0,0,0,0
P10207,2024-06-01,2016-04-01,active,Term Life,NY,urban,Broker,monthly,1,38.2,20944.28,250000,924.89,231.22,0,0,0.0,0.0,0,1,0
P10207,2024-07-01,2016-04-01,active,Term Life,NY,urban,Broker,monthly,1,38.2,20944.28,250000,924.89,231.22,0,1,0.0,0.0,0,0,0
P10207,2024-08-01,2016-04-01,active,Term Life,NY,urban,Broker,monthly,1,38.3,20944.28,250000,924.89,231.22,0,1,0.0,0.0,0,0,0
P10207,2024-09-01,2016-04-01,active,Term Life,NY,urban,Broker,monthly,1,38.4,20944.28,250000,924.89,231.22,0,0,0.0,0.0,0,0,0
P10207,2024-10-01,2016-04-01,active,Term Life,NY,urban,Broker,monthly,1,38.5,20944.28,250000,924.89,231.22,0,0,0.0,0.0,0,0,0
P10207,2024-11-01,2016-04-01,active,Term Life,NY,urban,Broker,monthly,1,38.6,20944.28,250000,924.89,154.15,0,2,0.0,0.0,0,0,0
P10207,2024-12-01,2016-04-01,active,Term Life,NY,urban,Broker,monthly,1,38.7,20944.28,250000,924.89,231.22,0,0,0.0,0.0,1,0,0
P10208,2023-01-01,2014-05-01,active,Universal Life,TX,urban,Agent,monthly,0,82.7,54756.56,500000,5081.98,1270.49,0,3,6330.84,0.0,0,0,0
P10208,2023-02-01,2014-05-01,active,Universal Life,TX,urban,Agent,monthly,0,82.8,54756.56,500000,5081.98,1270.49,0,3,2675.66,0.0,0,0,0
P10208,2023-03-01,2014-05-01,active,Universal Life,TX,urban,Agent,monthly,0,82.8,54756.56,500000,5081.98,1270.49,0,3,7712.28,0.0,0,0,0
P10208,2023-04-01,2014-05-01,active,Universal Life,TX,urban,Agent,monthly,0,82.9,54756.56,500000,5081.98,1270.49,0,3,4285.72,0.0,0,0,0
P10208,2023-05-01,2014-05-01,active,Universal Life,TX,urban,Agent,monthly,0,83.0,54756.56,500000,5081.98,1270.49,0,3,3224.34,0.0,0,0,0
P10208,2023-06-01,2014-05-01,active,Universal Life,TX,urban,Agent,monthly,0,83.1,54756.56,500000,5081.98,1270.49,0,3,8116.4,0.0,0,0,0
P10208,2023-07-01,2014-05-01,active,Universal Life,TX,urban,Agent,monthly,0,83.2,54756.56,500000,5081.98,1270.49,0,3,4050.76,0.0,0,0,0
P10208,2023-08-01,2014-05-01,active,Universal Life,TX,urban,Agent,monthly,0,83.2,54756.56,500000,5081.98,1270.49,0,3,7928.06,0.0,0,0,0
P10208,2023-09-01,2014-05-01,active,Universal Life,TX,urban,Agent,monthly,0,83.3,54756.56,500000,5081.98,847.0,0,5,5028.67,1042.28,0,0,0
P10208,2023-10-01,2014-05-01,active,Universal Life,TX,urban,Agent,monthly,0,83.4,54756.56,500000,5081.98,1270.49,0,4,7263.73,0.0,0,0,0
P10208,2023-11-01,2014-05-01,active,Universal Life,TX,urban,Agent,monthly,0,83.5,54756.56,500000,5081.98,1270.49,0,3,3828.87,0.0,0,0,0
P10208,2023-12-01,2014-05-01,active,Universal Life,TX,urban,Agent,monthly,0,83.6,54756.56,500000,5081.98,1270.49,0,5,3118.88,660.12,0,0,0
P10208,2024-01-01,2014-05-01,active,Universal Life,TX,urban,Agent,monthly,0,83.7,54756.56,500000,5081.98,847.0,0,3,7184.23,0.0,1,0,0
P10208,2024-02-01,2014-05-01,active,Universal Life,TX,urban,Agent,monthly,0,83.8,54756.56,500000,5081.98,1270.49,1,3,5102.35,0.0,0,0,0
P10208,2024-03-01,2014-05-01,active,Universal Life,TX,urban,Agent,monthly,0,83.8,54756.56,500000,5081.98,1270.49,1,4,7568.86,3792.85,0,0,0
P10208,2024-04-01,2014-05-01,active,Universal Life,TX,urban,Agent,monthly,0,83.9,54756.56,500000,5081.98,1270.49,0,4,5536.32,0.0,1,0,0
P10208,2024-05-01,2014-05-01,active,Universal Life,TX,urban,Agent,monthly,0,84.0,54756.56,500000,5081.98,847.0,0,3,5178.13,0.0,0,0,0
P10208,2024-06-01,2014-05-01,active,Universal Life,TX,urban,Agent,monthly,0,84.1,54756.56,500000,5081.98,847.0,0,3,3127.74,0.0,0,0,0
P10208,2024-07-01,2014-05-01,active,Universal Life,TX,urban,Agent,monthly,0,84.2,54756.56,500000,5081.98,1270.49,0,4,5388.35,0.0,0,0,1
P10208,2024-08-01,2014-05-01,lapsed,Universal Life,TX,urban,Agent,monthly,0,84.2,54756.56,500000,5081.98,1270.49,0,4,5730.91,0.0,0,0,0
P10209,2023-01-01,2019-10-01,active,Term Life,PA,rural,Broker,monthly,1,52.2,30874.18,100000,411.15,102.79,0,2,0.0,0.0,0,0,0
P10209,2023-02-01,2019-10-01,active,Term Life,PA,rural,Broker,monthly,1,52.3,30874.18,100000,411.15,102.79,0,2,0.0,0.0,0,0,0
P10209,2023-03-01,2019-10-01,active,Term Life,PA,rural,Broker,monthly,1,52.4,30874.18,100000,411.15,102.79,0,2,0.0,0.0,0,0,0
P10209,2023-04-01,2019-10-01,active,Term Life,PA,rural,Broker,monthly,1,52.5,30874.18,100000,411.15,102.79,0,2,0.0,0.0,0,0,0
P10209,2023-05-01,2019-10-01,active,Term Life,PA,rural,Broker,monthly,1,52.6,30874.18,100000,411.15,102.79,0,3,0.0,0.0,0,0,0
P10209,2023-06-01,2019-10-01,active,Term Life,PA,rural,Broker,monthly,1,52.7,30874.18,100000,411.15,102.79,0,4,0.0,0.0,0,0,0
P10209,2023-07-01,2019-10-01,active,Term Life,PA,rural,Broker,monthly,1,52.8,30874.18,100000,411.15,102.79,0,2,0.0,0.0,0,0,0
P10209,2023-08-01,2019-10-01,active,Term Life,PA,rural,Broker,monthly,1,52.8,30874.18,100000,411.15,102.79,0,3,0.0,0.0,0,0,0
P10209,2023-09-01,2019-10-01,active,Term Life,PA,rural,Broker,monthly,1,52.9,30874.18,100000,411.15,102.79,0,3,0.0,0.0,0,0,0
P10209,2023-10-01,2019-10-01,active,Term Life,PA,rural,Broker,monthly,1,53.0,30874.18,100000,411.15,102.79,0,2,0.0,0.0,1,0,0
P10209,2023-11-01,2019-10-01,active,Term Life,PA,rural,Broker,monthly,1,53.1,30874.18,100000,411.15,102.79,0,4,0.0,0.0,0,0,0
P10209,2023-12-01,2019-10-01,active,Term Life,PA,rural,Broker,monthly,1,53.2,30874.18,100000,411.15,102.79,0,3,0.0,0.0,0,0,0
P10209,2024-01-01,2019-10-01,active,Term Life,PA,rural,Broker,monthly,1,53.2,30874.18,100000,411.15,102.79,0,4,0.0,0.0,0,0,0
P10209,2024-02-01,2019-10-01,active,Term Life,PA,rural,Broker,monthly,1,53.3,30874.18,100000,411.15,102.79,0,2,0.0,0.0,0,0,0
P10209,2024-03-01,2019-10-01,active,Term Life,PA,rural,Broker,monthly,1,53.4,30874.18,100000,411.15,102.79,0,3,0.0,0.0,0,0,0
P10209,2024-04-01,2019-10-01,active,Term Life,PA,rural,Broker,monthly,1,53.5,30874.18,100000,411.15,102.79,0,3,0.0,0.0,0,0,0
P10209,2024-05-01,2019-10-01,active,Term Life,PA,rural,Broker,monthly,1,53.6,30874.18,100000,411.15,102.79,0,2,0.0,0.0,0,0,0
P10209,2024-06-01,2019-10-01,active,Term Life,PA,rural,Broker,monthly,1,53.7,30874.18,100000,411.15,102.79,0,2,0.0,0.0,0,0,0
P10209,2024-07-01,2019-10-01,active,Term Life,PA,rural,Broker,monthly,1,53.8,30874.18,100000,411.15,102.79,0,3,0.0,0.0,0,0,0
P10209,2024-08-01,2019-10-01,active,Term Life,PA,rural,Broker,monthly,1,53.8,30874.18,100000,411.15,102.79,0,3,0.0,0.0,0,0,0
P10209,2024-09-01,2019-10-01,active,Term Life,PA,rural,Broker,monthly,1,53.9,30874.18,100000,411.15,102.79,0,3,0.0,0.0,0,0,0
P10209,2024-10-01,2019-10-01,active,Term Life,PA,rural,Broker,monthly,1,54.0,30874.18,100000,411.15,102.79,0,3,0.0,0.0,1,0,0
P10209,2024-11-01,2019-10-01,active,Term Life,PA,rural,Broker,monthly,1,54.1,30874.18,100000,411.15,102.79,0,2,0.0,0.0,0,0,0
P10209,2024-12-01,2019-10-01,active,Term Life,PA,rural,Broker,monthly,1,54.2,30874.18,100000,411.15,102.79,0,2,0.0,0.0,0,0,0
P10210,2023-01-01,2017-02-01,active,Term Life,AZ,urban,Direct,monthly,1,46.9,42838.9,250000,747.93,186.98,0,3,0.0,0.0,0,1,0
P10210,2023-02-01,2017-02-01,active,Term Life,AZ,urban,Direct,monthly,1,47.0,42838.9,250000,747.93,186.98,0,3,0.0,0.0,0,0,0
P10210,2023-03-01,2017-02-01,active,Term Life,AZ,urban,Direct,monthly,1,47.1,42838.9,250000,747.93,186.98,0,2,0.0,0.0,0,0,0
P10210,2023-04-01,2017-02-01,active,Term Life,AZ,urban,Direct,monthly,1,47.2,42838.9,250000,747.93,186.98,0,3,0.0,0.0,0,0,0
P10210,2023-05-01,2017-02-01,active,Term Life,AZ,urban,Direct,monthly,1,47.2,42838.9,250000,747.93,186.98,0,3,0.0,0.0,0,0,0
P10210,2023-06-01,2017-02-01,active,Term Life,AZ,urban,Direct,monthly,1,47.3,42838.9,250000,747.93,186.98,0,2,0.0,0.0,0,0,0
P10210,2023-07-01,2017-02-01,active,Term Life,AZ,urban,Direct,monthly,1,47.4,42838.9,250000,747.93,186.98,0,4,0.0,0.0,0,0,0
P10210,2023-08-01,2017-02-01,active,Term Life,AZ,urban,Direct,monthly,1,47.5,42838.9,250000,747.93,124.66,0,6,0.0,0.0,0,1,0
P10210,2023-09-01,2017-02-01,active,Term Life,AZ,urban,Direct,monthly,1,47.6,42838.9,250000,747.93,186.98,0,2,0.0,0.0,0,0,0
P10210,2023-10-01,2017-02-01,active,Term Life,AZ,urban,Direct,monthly,1,47.7,42838.9,250000,747.93,124.66,0,2,0.0,0.0,0,0,0
P10210,2023-11-01,2017-02-01,active,Term Life,AZ,urban,Direct,monthly,1,47.8,42838.9,250000,747.93,124.66,0,2,0.0,0.0,1,0,0
P10210,2023-12-01,2017-02-01,active,Term Life,AZ,urban,Direct,monthly,1,47.8,42838.9,250000,747.93,186.98,0,2,0.0,0.0,0,1,0
P10210,2024-01-01,2017-02-01,active,Term Life,AZ,urban,Direct,monthly,1,47.9,42838.9,250000,747.93,186.98,0,3,0.0,0.0,1,0,0
P10210,2024-02-01,2017-02-01,active,Term Life,AZ,urban,Direct,monthly,1,48.0,42838.9,250000,747.93,186.98,0,2,0.0,0.0,0,0,0
P10210,2024-03-01,2017-02-01,active,Term Life,AZ,urban,Direct,monthly,1,48.1,42838.9,250000,747.93,186.98,0,2,0.0,0.0,0,0,0
P10210,2024-04-01,2017-02-01,active,Term Life,AZ,urban,Direct,monthly,1,48.2,42838.9,250000,747.93,186.98,0,2,0.0,0.0,0,0,0
P10210,2024-05-01,2017-02-01,active,Term Life,AZ,urban,Direct,monthly,1,48.2,42838.9,250000,747.93,186.98,0,3,0.0,0.0,0,0,0
P10210,2024-06-01,2017-02-01,active,Term Life,AZ,urban,Direct,monthly,1,48.3,42838.9,250000,747.93,186.98,0,2,0.0,0.0,0,0,0
P10210,2024-07-01,2017-02-01,active,Term Life,AZ,urban,Direct,monthly,1,48.4,42838.9,250000,747.93,186.98,0,4,0.0,0.0,0,0,0
P10210,2024-08-01,2017-02-01,active,Term Life,AZ,urban,Direct,monthly,1,48.5,42838.9,250000,747.93,186.98,0,2,0.0,0.0,0,0,0
P10210,2024-09-01,2017-02-01,active,Term Life,AZ,urban,Direct,monthly,1,48.6,42838.9,250000,747.93,186.98,0,2,0.0,0.0,0,0,0
P10210,2024-10-01,2017-02-01,active,Term Life,AZ,urban,Direct,monthly,1,48.7,42838.9,250000,747.93,186.98,0,5,0.0,0.0,1,0,0
P10210,2024-11-01,2017-02-01,active,Term Life,AZ,urban,Direct,monthly,1,48.8,42838.9,250000,747.93,186.98,0,2,0.0,0.0,0,0,0
P10210,2024-12-01,2017-02-01,active,Term Life,AZ,urban,Direct,monthly,1,48.8,42838.9,250000,747.93,186.98,0,3,0.0,0.0,0,0,0
P10211,2023-01-01,2021-09-01,active,Term Life,AZ,urban,Broker,monthly,1,75.3,48099.76,500000,3801.94,950.49,0,2,0.0,0.0,0,0,0
P10211,2023-02-01,2021-09-01,active,Term Life,AZ,urban,Broker,monthly,1,75.4,48099.76,500000,3801.94,950.49,1,1,0.0,0.0,0,0,0
P10211,2023-03-01,2021-09-01,active,Term Life,AZ,urban,Broker,monthly,1,75.5,48099.76,500000,3801.94,950.49,1,3,0.0,0.0,0,0,0
P10211,2023-04-01,2021-09-01,active,Term Life,AZ,urban,Broker,monthly,1,75.6,48099.76,500000,3801.94,950.49,1,4,0.0,0.0,0,0,0
P10211,2023-05-01,2021-09-01,active,Term Life,AZ,urban,Broker,monthly,1,75.7,48099.76,500000,3801.94,950.49,1,1,0.0,0.0,0,0,0
P10211,2023-06-01,2021-09-01,active,Term Life,AZ,urban,Broker,monthly,1,75.8,48099.76,500000,3801.94,950.49,1,2,0.0,0.0,1,0,0
P10211,2023-07-01,2021-09-01,active,Term Life,AZ,urban,Broker,monthly,1,75.8,48099.76,500000,3801.94,950.49,1,1,0.0,0.0,0,0,0
P10211,2023-08-01,2021-09-01,active,Term Life,AZ,urban,Broker,monthly,1,75.9,48099.76,500000,3801.94,950.49,2,2,0.0,0.0,0,0,0
P10211,2023-09-01,2021-09-01,active,Term Life,AZ,urban,Broker,monthly,1,76.0,48099.76,500000,3801.94,950.49,1,1,0.0,0.0,0,0,0
P10211,2023-10-01,2021-09-01,active,Term Life,AZ,urban,Broker,monthly,1,76.1,48099.76,500000,3801.94,950.49,1,2,0.0,0.0,0,0,0
P10211,2023-11-01,2021-09-01,active,Term Life,AZ,urban,Broker,monthly,1,76.2,48099.76,500000,3801.94,950.49,1,2,0.0,0.0,0,0,0
P10211,2023-12-01,2021-09-01,active,Term Life,AZ,urban,Broker,monthly,1,76.2,48099.76,500000,3801.94,950.49,1,2,0.0,0.0,0,0,0
P10211,2024-01-01,2021-09-01,active,Term Life,AZ,urban,Broker,monthly,1,76.3,48099.76,500000,3801.94,950.49,1,1,0.0,0.0,1,1,0
P10211,2024-02-01,2021-09-01,active,Term Life,AZ,urban,Broker,monthly,1,76.4,48099.76,500000,3801.94,950.49,1,1,0.0,0.0,0,0,0
P10211,2024-03-01,2021-09-01,active,Term Life,AZ,urban,Broker,monthly,1,76.5,48099.76,500000,3801.94,950.49,1,2,0.0,0.0,0,0,0
P10211,2024-04-01,2021-09-01,active,Term Life,AZ,urban,Broker,monthly,1,76.6,48099.76,500000,3801.94,950.49,1,1,0.0,0.0,0,0,0
P10211,2024-05-01,2021-09-01,active,Term Life,AZ,urban,Broker,monthly,1,76.7,48099.76,500000,3801.94,950.49,1,2,0.0,0.0,0,1,0
P10211,2024-06-01,2021-09-01,active,Term Life,AZ,urban,Broker,monthly,1,76.8,48099.76,500000,3801.94,950.49,1,1,0.0,0.0,0,0,0
P10211,2024-07-01,2021-09-01,active,Term Life,AZ,urban,Broker,monthly,1,76.8,48099.76,500000,3801.94,633.66,1,1,0.0,0.0,0,0,0
P10211,2024-08-01,2021-09-01,active,Term Life,AZ,urban,Broker,monthly,1,76.9,48099.76,500000,3801.94,950.49,1,1,0.0,0.0,0,0,0
P10211,2024-09-01,2021-09-01,active,Term Life,AZ,urban,Broker,monthly,1,77.0,48099.76,500000,3801.94,633.66,1,2,0.0,0.0,0,0,0
P10211,2024-10-01,2021-09-01,active,Term Life,AZ,urban,Broker,monthly,1,77.1,48099.76,500000,3801.94,950.49,1,1,0.0,0.0,0,0,0
P10211,2024-11-01,2021-09-01,active,Term Life,AZ,urban,Broker,monthly,1,77.2,48099.76,500000,3801.94,950.49,1,1,0.0,0.0,0,0,0
P10211,2024-12-01,2021-09-01,active,Term Life,AZ,urban,Broker,monthly,1,77.2,48099.76,500000,3801.94,950.49,1,2,0.0,0.0,0,0,0
P10212,2023-01-01,2017-08-01,active,Whole Life,NJ,urban,Direct,monthly,0,44.4,56291.22,100000,581.71,145.43,0,1,396.45,0.0,0,0,0
P10212,2023-02-01,2017-08-01,active,Whole Life,NJ,urban,Direct,monthly,0,44.5,56291.22,100000,581.71,96.95,0,1,232.71,0.0,0,0,0
P10212,2023-03-01,2017-08-01,active,Whole Life,NJ,urban,Direct,monthly,0,44.6,56291.22,100000,581.71,96.95,1,1,504.08,0.0,0,0,0
P10212,2023-04-01,2017-08-01,active,Whole Life,NJ,urban,Direct,monthly,0,44.7,56291.22,100000,581.71,145.43,0,3,265.19,0.0,0,1,0
P10212,2023-05-01,2017-08-01,active,Whole Life,NJ,urban,Direct,monthly,0,44.8,56291.22,100000,581.71,145.43,0,2,254.54,0.0,0,0,0
P10212,2023-06-01,2017-08-01,active,Whole Life,NJ,urban,Direct,monthly,0,44.8,56291.22,100000,581.71,145.43,0,1,331.63,0.0,0,1,0
P10212,2023-07-01,2017-08-01,active,Whole Life,NJ,urban,Direct,monthly,0,44.9,56291.22,100000,581.71,145.43,0,2,401.26,0.0,0,0,0
P10212,2023-08-01,2017-08-01,active,Whole Life,NJ,urban,Direct,monthly,0,45.0,56291.22,100000,581.71,145.43,0,2,437.63,0.0,0,0,0
P10212,2023-09-01,2017-08-01,active,Whole Life,NJ,urban,Direct,monthly,0,45.1,56291.22,100000,581.71,145.43,0,1,458.4,0.0,0,0,0
P10212,2023-10-01,2017-08-01,active,Whole Life,NJ,urban,Direct,monthly,0,45.2,56291.22,100000,581.71,96.95,0,1,490.76,0.0,0,0,0
P10212,2023-11-01,2017-08-01,active,Whole Life,NJ,urban,Direct,monthly,0,45.2,56291.22,100000,581.71,96.95,0,1,474.77,0.0,0,0,0
P10212,2023-12-01,2017-08-01,active,Whole Life,NJ,urban,Direct,monthly,0,45.3,56291.22,100000,581.71,145.43,0,1,236.29,101.65,0,0,0
P10212,2024-01-01,2017-08-01,active,Whole Life,NJ,urban,Direct,monthly,0,45.4,56291.22,100000,581.71,145.43,0,1,396.17,0.0,0,0,0
P10212,2024-02-01,2017-08-01,active,Whole Life,NJ,urban,Direct,monthly,0,45.5,56291.22,100000,581.71,96.95,1,2,495.31,0.0,0,0,0
P10212,2024-03-01,2017-08-01,active,Whole Life,NJ,urban,Direct,monthly,0,45.6,56291.22,100000,581.71,145.43,1,2,669.6,0.0,0,0,0
P10212,2024-04-01,2017-08-01,active,Whole Life,NJ,urban,Direct,monthly,0,45.7,56291.22,100000,581.71,145.43,1,2,366.81,0.0,0,1,0
P10212,2024-05-01,2017-08-01,active,Whole Life,NJ,urban,Direct,monthly,0,45.8,56291.22,100000,581.71,145.43,1,2,293.16,0.0,0,0,1
P10212,2024-06-01,2017-08-01,lapsed,Whole Life,NJ,urban,Direct,monthly,0,45.8,56291.22,100000,581.71,145.43,2,1,418.82,0.0,0,0,0
P10213,2023-01-01,2016-11-01,active,Term Life,AZ,urban,Agent,monthly,1,57.2,27383.47,500000,1271.95,317.99,0,0,0.0,0.0,0,0,0
P10213,2023-02-01,2016-11-01,active,Term Life,AZ,urban,Agent,monthly,1,57.2,27383.47,500000,1271.95,317.99,0,0,0.0,0.0,0,0,0
P10213,2023-03-01,2016-11-01,active,Term Life,AZ,urban,Agent,monthly,1,57.3,27383.47,500000,1271.95,317.99,0,1,0.0,0.0,0,0,0
P10213,2023-04-01,2016-11-01,active,Term Life,AZ,urban,Agent,monthly,1,57.4,27383.47,500000,1271.95,317.99,0,0,0.0,0.0,0,0,0
P10213,2023-05-01,2016-11-01,active,Term Life,AZ,urban,Agent,monthly,1,57.5,27383.47,500000,1271.95,317.99,0,1,0.0,0.0,0,0,0
P10213,2023-06-01,2016-11-01,active,Term Life,AZ,urban,Agent,monthly,1,57.6,27383.47,500000,1271.95,317.99,0,0,0.0,0.0,0,0,0
P10213,2023-07-01,2016-11-01,active,Term Life,AZ,urban,Agent,monthly,1,57.7,27383.47,500000,1271.95,317.99,0,0,0.0,0.0,0,1,0
P10213,2023-08-01,2016-11-01,active,Term Life,AZ,urban,Agent,monthly,1,57.8,27383.47,500000,1271.95,211.99,0,0,0.0,0.0,0,0,0
P10213,2023-09-01,2016-11-01,active,Term Life,AZ,urban,Agent,monthly,1,57.8,27383.47,500000,1271.95,317.99,0,0,0.0,0.0,0,0,0
P10213,2023-10-01,2016-11-01,active,Term Life,AZ,urban,Agent,monthly,1,57.9,27383.47,500000,1271.95,211.99,0,0,0.0,0.0,0,0,0
P10213,2023-11-01,2016-11-01,active,Term Life,AZ,urban,Agent,monthly,1,58.0,27383.47,500000,1271.95,317.99,0,0,0.0,0.0,0,0,0
P10213,2023-12-01,2016-11-01,active,Term Life,AZ,urban,Agent,monthly,1,58.1,27383.47,500000,1271.95,317.99,0,0,0.0,0.0,0,0,0
P10213,2024-01-01,2016-11-01,active,Term Life,AZ,urban,Agent,monthly,1,58.2,27383.47,500000,1271.95,317.99,0,1,0.0,0.0,0,0,0
P10213,2024-02-01,2016-11-01,active,Term Life,AZ,urban,Agent,monthly,1,58.2,27383.47,500000,1271.95,317.99,0,0,0.0,0.0,0,0,0
P10213,2024-03-01,2016-11-01,active,Term Life,AZ,urban,Agent,monthly,1,58.3,27383.47,500000,1271.95,317.99,0,2,0.0,0.0,0,0,0
P10213,2024-04-01,2016-11-01,active,Term Life,AZ,urban,Agent,monthly,1,58.4,27383.47,500000,1271.95,317.99,0,1,0.0,0.0,0,0,0
P10213,2024-05-01,2016-11-01,active,Term Life,AZ,urban,Agent,monthly,1,58.5,27383.47,500000,1271.95,317.99,0,2,0.0,0.0,0,0,0
P10213,2024-06-01,2016-11-01,active,Term Life,AZ,urban,Agent,monthly,1,58.6,27383.47,500000,1271.95,317.99,0,0,0.0,0.0,0,0,0
P10213,2024-07-01,2016-11-01,active,Term Life,AZ,urban,Agent,monthly,1,58.7,27383.47,500000,1271.95,317.99,0,0,0.0,0.0,0,0,0
P10213,2024-08-01,2016-11-01,active,Term Life,AZ,urban,Agent,monthly,1,58.8,27383.47,500000,1271.95,211.99,0,0,0.0,0.0,1,0,0
P10213,2024-09-01,2016-11-01,active,Term Life,AZ,urban,Agent,monthly,1,58.8,27383.47,500000,1271.95,317.99,0,1,0.0,0.0,0,0,0
P10213,2024-10-01,2016-11-01,active,Term Life,AZ,urban,Agent,monthly,1,58.9,27383.47,500000,1271.95,317.99,0,1,0.0,0.0,0,0,0
P10213,2024-11-01,2016-11-01,active,Term Life,AZ,urban,Agent,monthly,1,59.0,27383.47,500000,1271.95,317.99,0,0,0.0,0.0,0,0,0
P10213,2024-12-01,2016-11-01,active,Term Life,AZ,urban,Agent,monthly,1,59.1,27383.47,500000,1271.95,317.99,0,0,0.0,0.0,0,0,0
P10214,2023-01-01,2020-04-01,active,Universal Life,NJ,urban,Direct,monthly,1,47.8,55959.61,750000,5636.76,1409.19,0,5,2136.62,0.0,0,0,0
P10214,2023-02-01,2020-04-01,active,Universal Life,NJ,urban,Direct,monthly,1,47.8,55959.61,750000,5636.76,1409.19,0,6,1933.41,0.0,0,0,0
P10214,2023-03-01,2020-04-01,active,Universal Life,NJ,urban,Direct,monthly,1,47.9,55959.61,750000,5636.76,1409.19,0,5,1746.4,758.09,0,0,0
P10214,2023-04-01,2020-04-01,active,Universal Life,NJ,urban,Direct,monthly,1,48.0,55959.61,750000,5636.76,939.46,0,6,2889.24,0.0,0,0,0
P10214,2023-05-01,2020-04-01,active,Universal Life,NJ,urban,Direct,monthly,1,48.1,55959.61,750000,5636.76,1409.19,0,6,2978.04,0.0,0,1,0
P10214,2023-06-01,2020-04-01,active,Universal Life,NJ,urban,Direct,monthly,1,48.2,55959.61,750000,5636.76,1409.19,0,5,1970.16,0.0,0,0,0
P10214,2023-07-01,2020-04-01,active,Universal Life,NJ,urban,Direct,monthly,1,48.2,55959.61,750000,5636.76,1409.19,0,5,2738.77,0.0,0,0,0
P10214,2023-08-01,2020-04-01,active,Universal Life,NJ,urban,Direct,monthly,1,48.3,55959.61,750000,5636.76,1409.19,0,6,2700.0,0.0,0,0,0
P10214,2023-09-01,2020-04-01,active,Universal Life,NJ,urban,Direct,monthly,1,48.4,55959.61,750000,5636.76,1409.19,0,5,2055.87,0.0,1,0,0
P10214,2023-10-01,2020-04-01,active,Universal Life,NJ,urban,Direct,monthly,1,48.5,55959.61,750000,5636.76,1409.19,0,6,3203.73,0.0,0,0,0
P10214,2023-11-01,2020-04-01,active,Universal Life,NJ,urban,Direct,monthly,1,48.6,55959.61,750000,5636.76,1409.19,0,6,3519.17,0.0,0,0,0
P10214,2023-12-01,2020-04-01,active,Universal Life,NJ,urban,Direct,monthly,1,48.7,55959.61,750000,5636.76,1409.19,0,5,2685.73,0.0,0,0,0
P10214,2024-01-01,2020-04-01,active,Universal Life,NJ,urban,Direct,monthly,1,48.8,55959.61,750000,5636.76,1409.19,0,5,3712.85,0.0,0,0,0
P10214,2024-02-01,2020-04-01,active,Universal Life,NJ,urban,Direct,monthly,1,48.8,55959.61,750000,5636.76,1409.19,0,5,3288.3,0.0,0,0,0
P10214,2024-03-01,2020-04-01,active,Universal Life,NJ,urban,Direct,monthly,1,48.9,55959.61,750000,5636.76,1409.19,0,5,1647.73,0.0,0,0,0
P10214,2024-04-01,2020-04-01,active,Universal Life,NJ,urban,Direct,monthly,1,49.0,55959.61,750000,5636.76,939.46,0,5,1444.47,0.0,0,0,0
P10214,2024-05-01,2020-04-01,active,Universal Life,NJ,urban,Direct,monthly,1,49.1,55959.61,750000,5636.76,1409.19,0,5,2350.03,0.0,1,0,0
P10214,2024-06-01,2020-04-01,active,Universal Life,NJ,urban,Direct,monthly,1,49.2,55959.61,750000,5636.76,1409.19,0,6,1471.42,0.0,0,0,0
P10214,2024-07-01,2020-04-01,active,Universal Life,NJ,urban,Direct,monthly,1,49.2,55959.61,750000,5636.76,1409.19,0,5,2219.98,0.0,0,0,0
P10214,2024-08-01,2020-04-01,active,Universal Life,NJ,urban,Direct,monthly,1,49.3,55959.61,750000,5636.76,1409.19,0,5,3792.06,0.0,0,0,0
P10214,2024-09-01,2020-04-01,active,Universal Life,NJ,urban,Direct,monthly,1,49.4,55959.61,750000,5636.76,1409.19,1,5,2260.24,0.0,0,0,0
P10214,2024-10-01,2020-04-01,active,Universal Life,NJ,urban,Direct,monthly,1,49.5,55959.61,750000,5636.76,1409.19,1,5,1716.0,0.0,0,0,0
P10214,2024-11-01,2020-04-01,active,Universal Life,NJ,urban,Direct,monthly,1,49.6,55959.61,750000,5636.76,1409.19,0,5,3283.79,0.0,0,0,0
P10214,2024-12-01,2020-04-01,active,Universal Life,NJ,urban,Direct,monthly,1,49.7,55959.61,750000,5636.76,1409.19,0,6,3638.89,0.0,0,0,0
P10215,2023-01-01,2018-01-01,active,Indexed Universal Life,NJ,urban,Direct,monthly,1,32.0,58066.49,150000,860.09,215.02,0,1,600.96,0.0,0,0,0
P10215,2023-02-01,2018-01-01,active,Indexed Universal Life,NJ,urban,Direct,monthly,1,32.1,58066.49,150000,860.09,215.02,0,2,291.79,0.0,0,0,0
P10215,2023-03-01,2018-01-01,active,Indexed Universal Life,NJ,urban,Direct,monthly,1,32.2,58066.49,150000,860.09,215.02,0,2,675.81,0.0,0,0,0
P10215,2023-04-01,2018-01-01,active,Indexed Universal Life,NJ,urban,Direct,monthly,1,32.2,58066.49,150000,860.09,143.35,0,3,339.08,0.0,0,0,0
P10215,2023-05-01,2018-01-01,active,Indexed Universal Life,NJ,urban,Direct,monthly,1,32.3,58066.49,150000,860.09,215.02,0,1,443.68,0.0,0,0,0
P10215,2023-06-01,2018-01-01,active,Indexed Universal Life,NJ,urban,Direct,monthly,1,32.4,58066.49,150000,860.09,215.02,0,3,428.34,194.06,0,0,0
P10215,2023-07-01,2018-01-01,active,Indexed Universal Life,NJ,urban,Direct,monthly,1,32.5,58066.49,150000,860.09,215.02,0,2,609.82,0.0,0,0,0
P10215,2023-08-01,2018-01-01,active,Indexed Universal Life,NJ,urban,Direct,monthly,1,32.6,58066.49,150000,860.09,215.02,0,1,562.94,0.0,1,0,0
P10215,2023-09-01,2018-01-01,active,Indexed Universal Life,NJ,urban,Direct,monthly,1,32.7,58066.49,150000,860.09,215.02,1,2,505.58,0.0,0,0,1
P10215,2023-10-01,2018-01-01,lapsed,Indexed Universal Life,NJ,urban,Direct,monthly,1,32.8,58066.49,150000,860.09,143.35,1,2,661.5,0.0,0,0,0
P10215,2023-11-01,2018-01-01,lapsed,Indexed Universal Life,NJ,urban,Direct,monthly,1,32.8,58066.49,150000,860.09,215.02,1,1,636.54,0.0,0,0,0
P10216,2023-01-01,2022-02-01,active,Term Life,GA,urban,Direct,monthly,1,50.9,99034.55,100000,405.13,67.52,0,1,0.0,0.0,0,0,0
P10216,2023-02-01,2022-02-01,active,Term Life,GA,urban,Direct,monthly,1,51.0,99034.55,100000,405.13,67.52,0,2,0.0,0.0,0,1,0
P10216,2023-03-01,2022-02-01,active,Term Life,GA,urban,Direct,monthly,1,51.1,99034.55,100000,405.13,101.28,0,1,0.0,0.0,0,0,0
P10216,2023-04-01,2022-02-01,active,Term Life,GA,urban,Direct,monthly,1,51.2,99034.55,100000,405.13,101.28,0,2,0.0,0.0,0,0,0
P10216,2023-05-01,2022-02-01,active,Term Life,GA,urban,Direct,monthly,1,51.2,99034.55,100000,405.13,101.28,0,2,0.0,0.0,0,0,0
P10216,2023-06-01,2022-02-01,active,Term Life,GA,urban,Direct,monthly,1,51.3,99034.55,100000,405.13,101.28,0,1,0.0,0.0,0,0,0
P10216,2023-07-01,2022-02-01,active,Term Life,GA,urban,Direct,monthly,1,51.4,99034.55,100000,405.13,101.28,0,1,0.0,0.0,1,0,0
P10216,2023-08-01,2022-02-01,active,Term Life,GA,urban,Direct,monthly,1,51.5,99034.55,100000,405.13,101.28,0,2,0.0,0.0,0,0,0
P10216,2023-09-01,2022-02-01,active,Term Life,GA,urban,Direct,monthly,1,51.6,99034.55,100000,405.13,101.28,0,2,0.0,0.0,0,0,0
P10216,2023-10-01,2022-02-01,active,Term Life,GA,urban,Direct,monthly,1,51.7,99034.55,100000,405.13,101.28,0,2,0.0,0.0,0,0,0
P10216,2023-11-01,2022-02-01,active,Term Life,GA,urban,Direct,monthly,1,51.8,99034.55,100000,405.13,101.28,0,1,0.0,0.0,0,0,0
P10216,2023-12-01,2022-02-01,active,Term Life,GA,urban,Direct,monthly,1,51.8,99034.55,100000,405.13,101.28,0,1,0.0,0.0,0,0,0
P10216,2024-01-01,2022-02-01,active,Term Life,GA,urban,Direct,monthly,1,51.9,99034.55,100000,405.13,101.28,0,1,0.0,0.0,0,0,0
P10216,2024-02-01,2022-02-01,active,Term Life,GA,urban,Direct,monthly,1,52.0,99034.55,100000,405.13,101.28,0,2,0.0,0.0,0,0,0
P10216,2024-03-01,2022-02-01,active,Term Life,GA,urban,Direct,monthly,1,52.1,99034.55,100000,405.13,101.28,1,3,0.0,0.0,0,0,0
P10216,2024-04-01,2022-02-01,active,Term Life,GA,urban,Direct,monthly,1,52.2,99034.55,100000,405.13,101.28,1,1,0.0,0.0,0,0,0
P10216,2024-05-01,2022-02-01,active,Term Life,GA,urban,Direct,monthly,1,52.2,99034.55,100000,405.13,101.28,1,2,0.0,0.0,0,0,0
P10216,2024-06-01,2022-02-01,active,Term Life,GA,urban,Direct,monthly,1,52.3,99034.55,100000,405.13,67.52,1,3,0.0,0.0,0,0,0
P10216,2024-07-01,2022-02-01,active,Term Life,GA,urban,Direct,monthly,1,52.4,99034.55,100000,405.13,101.28,1,1,0.0,0.0,0,0,0
P10216,2024-08-01,2022-02-01,active,Term Life,GA,urban,Direct,monthly,1,52.5,99034.55,100000,405.13,101.28,1,1,0.0,0.0,0,0,0
P10216,2024-09-01,2022-02-01,active,Term Life,GA,urban,Direct,monthly,1,52.6,99034.55,100000,405.13,101.28,1,1,0.0,0.0,0,0,0
P10216,2024-10-01,2022-02-01,active,Term Life,GA,urban,Direct,monthly,1,52.7,99034.55,100000,405.13,101.28,0,1,0.0,0.0,0,0,0
P10216,2024-11-01,2022-02-01,active,Term Life,GA,urban,Direct,monthly,1,52.8,99034.55,100000,405.13,101.28,0,1,0.0,0.0,0,0,0
P10216,2024-12-01,2022-02-01,active,Term Life,GA,urban,Direct,monthly,1,52.8,99034.55,100000,405.13,101.28,0,2,0.0,0.0,0,0,0
P10217,2023-01-01,2014-07-01,active,Term Life,AZ,suburban,Agent,annual,1,35.5,86348.91,150000,73.65,220.94,0,2,0.0,0.0,0,0,0
P10217,2023-02-01,2014-07-01,active,Term Life,AZ,suburban,Agent,annual,1,35.6,86348.91,150000,73.65,220.94,0,3,0.0,0.0,0,0,0
P10217,2023-03-01,2014-07-01,active,Term Life,AZ,suburban,Agent,annual,1,35.7,86348.91,150000,73.65,220.94,0,4,0.0,0.0,0,0,0
P10217,2023-04-01,2014-07-01,active,Term Life,AZ,suburban,Agent,annual,1,35.8,86348.91,150000,73.65,147.29,0,1,0.0,0.0,0,0,0
P10217,2023-05-01,2014-07-01,active,Term Life,AZ,suburban,Agent,annual,1,35.8,86348.91,150000,73.65,220.94,0,2,0.0,0.0,0,0,0
P10217,2023-06-01,2014-07-01,active,Term Life,AZ,suburban,Agent,annual,1,35.9,86348.91,150000,73.65,220.94,0,1,0.0,0.0,0,0,0
P10217,2023-07-01,2014-07-01,active,Term Life,AZ,suburban,Agent,annual,1,36.0,86348.91,150000,73.65,220.94,0,1,0.0,0.0,0,0,0
P10217,2023-08-01,2014-07-01,active,Term Life,AZ,suburban,Agent,annual,1,36.1,86348.91,150000,73.65,220.94,0,1,0.0,0.0,0,0,0
P10217,2023-09-01,2014-07-01,active,Term Life,AZ,suburban,Agent,annual,1,36.2,86348.91,150000,73.65,220.94,0,1,0.0,0.0,0,0,0
P10217,2023-10-01,2014-07-01,active,Term Life,AZ,suburban,Agent,annual,1,36.2,86348.91,150000,73.65,220.94,0,1,0.0,0.0,0,0,0
P10217,2023-11-01,2014-07-01,active,Term Life,AZ,suburban,Agent,annual,1,36.3,86348.91,150000,73.65,220.94,0,2,0.0,0.0,0,0,0
P10217,2023-12-01,2014-07-01,active,Term Life,AZ,suburban,Agent,annual,1,36.4,86348.91,150000,73.65,220.94,0,3,0.0,0.0,1,0,0
P10217,2024-01-01,2014-07-01,active,Term Life,AZ,suburban,Agent,annual,1,36.5,86348.91,150000,73.65,220.94,0,1,0.0,0.0,0,0,0
P10217,2024-02-01,2014-07-01,active,Term Life,AZ,suburban,Agent,annual,1,36.6,86348.91,150000,73.65,220.94,1,1,0.0,0.0,0,0,0
P10217,2024-03-01,2014-07-01,active,Term Life,AZ,suburban,Agent,annual,1,36.7,86348.91,150000,73.65,147.29,2,2,0.0,0.0,0,0,0
P10217,2024-04-01,2014-07-01,active,Term Life,AZ,suburban,Agent,annual,1,36.8,86348.91,150000,73.65,220.94,2,2,0.0,0.0,0,0,0
P10217,2024-05-01,2014-07-01,active,Term Life,AZ,suburban,Agent,annual,1,36.8,86348.91,150000,73.65,220.94,2,2,0.0,0.0,0,1,0
P10217,2024-06-01,2014-07-01,active,Term Life,AZ,suburban,Agent,annual,1,36.9,86348.91,150000,73.65,220.94,2,1,0.0,0.0,0,1,0
P10217,2024-07-01,2014-07-01,active,Term Life,AZ,suburban,Agent,annual,1,37.0,86348.91,150000,73.65,220.94,2,1,0.0,0.0,0,0,0
P10217,2024-08-01,2014-07-01,active,Term Life,AZ,suburban,Agent,annual,1,37.1,86348.91,150000,73.65,220.94,2,1,0.0,0.0,0,0,0
P10217,2024-09-01,2014-07-01,active,Term Life,AZ,suburban,Agent,annual,1,37.2,86348.91,150000,73.65,147.29,2,2,0.0,0.0,0,0,0
P10217,2024-10-01,2014-07-01,active,Term Life,AZ,suburban,Agent,annual,1,37.2,86348.91,150000,73.65,220.94,2,1,0.0,0.0,0,0,0
P10217,2024-11-01,2014-07-01,active,Term Life,AZ,suburban,Agent,annual,1,37.3,86348.91,150000,73.65,220.94,1,1,0.0,0.0,0,0,0
P10217,2024-12-01,2014-07-01,active,Term Life,AZ,suburban,Agent,annual,1,37.4,86348.91,150000,73.65,220.94,1,1,0.0,0.0,0,0,0
P10218,2023-01-01,2020-11-01,active,Term Life,NY,rural,Broker,quarterly,1,28.2,78916.56,500000,804.03,603.02,0,2,0.0,0.0,0,0,0
P10218,2023-02-01,2020-11-01,active,Term Life,NY,rural,Broker,quarterly,1,28.2,78916.56,500000,804.03,603.02,0,2,0.0,0.0,0,0,0
P10218,2023-03-01,2020-11-01,active,Term Life,NY,rural,Broker,quarterly,1,28.3,78916.56,500000,804.03,603.02,0,1,0.0,0.0,0,0,0
P10218,2023-04-01,2020-11-01,active,Term Life,NY,rural,Broker,quarterly,1,28.4,78916.56,500000,804.03,603.02,0,1,0.0,0.0,0,0,0
P10218,2023-05-01,2020-11-01,active,Term Life,NY,rural,Broker,quarterly,1,28.5,78916.56,500000,804.03,603.02,0,2,0.0,0.0,0,0,0
P10218,2023-06-01,2020-11-01,active,Term Life,NY,rural,Broker,quarterly,1,28.6,78916.56,500000,804.03,603.02,0,1,0.0,0.0,0,0,0
P10218,2023-07-01,2020-11-01,active,Term Life,NY,rural,Broker,quarterly,1,28.7,78916.56,500000,804.03,603.02,0,2,0.0,0.0,0,0,0
P10218,2023-08-01,2020-11-01,active,Term Life,NY,rural,Broker,quarterly,1,28.8,78916.56,500000,804.03,603.02,0,2,0.0,0.0,0,0,0
P10218,2023-09-01,2020-11-01,active,Term Life,NY,rural,Broker,quarterly,1,28.8,78916.56,500000,804.03,402.01,0,2,0.0,0.0,0,0,0
P10218,2023-10-01,2020-11-01,active,Term Life,NY,rural,Broker,quarterly,1,28.9,78916.56,500000,804.03,603.02,0,1,0.0,0.0,0,0,0
P10218,2023-11-01,2020-11-01,active,Term Life,NY,rural,Broker,quarterly,1,29.0,78916.56,500000,804.03,603.02,0,2,0.0,0.0,0,0,0
P10218,2023-12-01,2020-11-01,active,Term Life,NY,rural,Broker,quarterly,1,29.1,78916.56,500000,804.03,402.01,0,3,0.0,0.0,0,0,0
P10218,2024-01-01,2020-11-01,active,Term Life,NY,rural,Broker,quarterly,1,29.2,78916.56,500000,804.03,603.02,0,2,0.0,0.0,0,0,0
P10218,2024-02-01,2020-11-01,active,Term Life,NY,rural,Broker,quarterly,1,29.2,78916.56,500000,804.03,402.01,0,2,0.0,0.0,1,0,0
P10218,2024-03-01,2020-11-01,active,Term Life,NY,rural,Broker,quarterly,1,29.3,78916.56,500000,804.03,603.02,0,1,0.0,0.0,1,0,0
P10218,2024-04-01,2020-11-01,active,Term Life,NY,rural,Broker,quarterly,1,29.4,78916.56,500000,804.03,603.02,0,2,0.0,0.0,0,0,0
P10218,2024-05-01,2020-11-01,active,Term Life,NY,rural,Broker,quarterly,1,29.5,78916.56,500000,804.03,603.02,0,2,0.0,0.0,0,1,0
P10218,2024-06-01,2020-11-01,active,Term Life,NY,rural,Broker,quarterly,1,29.6,78916.56,500000,804.03,603.02,1,1,0.0,0.0,0,0,0
P10218,2024-07-01,2020-11-01,active,Term Life,NY,rural,Broker,quarterly,1,29.7,78916.56,500000,804.03,603.02,1,1,0.0,0.0,0,0,0
P10218,2024-08-01,2020-11-01,active,Term Life,NY,rural,Broker,quarterly,1,29.8,78916.56,500000,804.03,603.02,1,1,0.0,0.0,0,0,0
P10218,2024-09-01,2020-11-01,active,Term Life,NY,rural,Broker,quarterly,1,29.8,78916.56,500000,804.03,603.02,1,1,0.0,0.0,0,0,0
P10218,2024-10-01,2020-11-01,active,Term Life,NY,rural,Broker,quarterly,1,29.9,78916.56,500000,804.03,603.02,0,1,0.0,0.0,0,0,0
P10218,2024-11-01,2020-11-01,active,Term Life,NY,rural,Broker,quarterly,1,30.0,78916.56,500000,804.03,603.02,0,1,0.0,0.0,0,0,0
P10218,2024-12-01,2020-11-01,active,Term Life,NY,rural,Broker,quarterly,1,30.1,78916.56,500000,804.03,603.02,0,1,0.0,0.0,0,0,0
P10219,2023-01-01,2018-09-01,active,Universal Life,AZ,suburban,Agent,monthly,1,58.3,46378.73,100000,300.0,75.0,0,3,186.29,0.0,0,0,0
P10219,2023-02-01,2018-09-01,active,Universal Life,AZ,suburban,Agent,monthly,1,58.4,46378.73,100000,300.0,75.0,0,5,195.59,0.0,0,0,0
P10219,2023-03-01,2018-09-01,active,Universal Life,AZ,suburban,Agent,monthly,1,58.5,46378.73,100000,300.0,75.0,0,4,103.13,0.0,1,0,0
P10219,2023-04-01,2018-09-01,active,Universal Life,AZ,suburban,Agent,monthly,1,58.6,46378.73,100000,300.0,75.0,0,4,146.83,0.0,0,0,0
P10219,2023-05-01,2018-09-01,active,Universal Life,AZ,suburban,Agent,monthly,1,58.7,46378.73,100000,300.0,75.0,0,4,133.54,0.0,0,0,0
P10219,2023-06-01,2018-09-01,active,Universal Life,AZ,suburban,Agent,monthly,1,58.8,46378.73,100000,300.0,75.0,0,4,234.57,0.0,0,0,0
P10219,2023-07-01,2018-09-01,active,Universal Life,AZ,suburban,Agent,monthly,1,58.8,46378.73,100000,300.0,50.0,0,3,192.78,0.0,0,0,0
P10219,2023-08-01,2018-09-01,active,Universal Life,AZ,suburban,Agent,monthly,1,58.9,46378.73,100000,300.0,75.0,0,4,151.68,0.0,0,0,0
P10219,2023-09-01,2018-09-01,active,Universal Life,AZ,suburban,Agent,monthly,1,59.0,46378.73,100000,300.0,75.0,1,4,175.75,37.5,0,0,0
P10219,2023-10-01,2018-09-01,active,Universal Life,AZ,suburban,Agent,monthly,1,59.1,46378.73,100000,300.0,75.0,1,3,154.89,0.0,0,0,0
P10219,2023-11-01,2018-09-01,active,Universal Life,AZ,suburban,Agent,monthly,1,59.2,46378.73,100000,300.0,75.0,1,3,162.57,0.0,0,0,0
P10219,2023-12-01,2018-09-01,active,Universal Life,AZ,suburban,Agent,monthly,1,59.2,46378.73,100000,300.0,75.0,1,4,214.35,30.02,0,0,0
P10219,2024-01-01,2018-09-01,active,Universal Life,AZ,suburban,Agent,monthly,1,59.3,46378.73,100000,300.0,75.0,0,3,154.6,32.8,0,0,0
P10219,2024-02-01,2018-09-01,active,Universal Life,AZ,suburban,Agent,monthly,1,59.4,46378.73,100000,300.0,75.0,0,3,198.65,0.0,0,0,0
P10219,2024-03-01,2018-09-01,active,Universal Life,AZ,suburban,Agent,monthly,1,59.5,46378.73,100000,300.0,75.0,0,3,192.88,0.0,0,0,0
P10219,2024-04-01,2018-09-01,active,Universal Life,AZ,suburban,Agent,monthly,1,59.6,46378.73,100000,300.0,75.0,0,3,274.52,0.0,0,0,0
P10219,2024-05-01,2018-09-01,active,Universal Life,AZ,suburban,Agent,monthly,1,59.7,46378.73,100000,300.0,75.0,0,3,113.26,0.0,0,0,0
P10219,2024-06-01,2018-09-01,active,Universal Life,AZ,suburban,Agent,monthly,1,59.8,46378.73,100000,300.0,75.0,0,4,173.19,0.0,0,0,0
P10219,2024-07-01,2018-09-01,active,Universal Life,AZ,suburban,Agent,monthly,1,59.8,46378.73,100000,300.0,75.0,1,3,298.72,0.0,0,0,0
P10219,2024-08-01,2018-09-01,active,Universal Life,AZ,suburban,Agent,monthly,1,59.9,46378.73,100000,300.0,75.0,2,3,228.34,0.0,0,0,0
P10219,2024-09-01,2018-09-01,active,Universal Life,AZ,suburban,Agent,monthly,1,60.0,46378.73,100000,300.0,75.0,2,3,275.0,0.0,1,0,0
P10219,2024-10-01,2018-09-01,active,Universal Life,AZ,suburban,Agent,monthly,1,60.1,46378.73,100000,300.0,75.0,2,3,201.03,0.0,0,0,0
P10219,2024-11-01,2018-09-01,active,Universal Life,AZ,suburban,Agent,monthly,1,60.2,46378.73,100000,300.0,75.0,2,5,278.29,0.0,0,0,0
P10219,2024-12-01,2018-09-01,active,Universal Life,AZ,suburban,Agent,monthly,1,60.2,46378.73,100000,300.0,75.0,1,5,181.41,0.0,0,0,0
